agency,sido,sigungu,spot_name,lat,lon,total,violent,theft,sexual,fraud,traffic,night,other
서울특별시경찰청,서울특별시,강남구,개포동,37.4819251305595,127.057440206035,31705,3377,2094,1026,12388,2991,943,8886
서울특별시경찰청,서울특별시,강남구,논현동,37.5126451506882,127.030154778539,31705,3377,2094,1026,12388,2991,943,8886
서울특별시경찰청,서울특별시,강남구,대치동,37.4932421505467,127.056693501258,31705,3377,2094,1026,12388,2991,943,8886
서울특별시경찰청,서울특별시,강남구,도곡동,37.4909537197218,127.038482017226,31705,3377,2094,1026,12388,2991,943,8886
서울특별시경찰청,서울특별시,강남구,삼성동,37.514322572329,127.062831022499,31705,3377,2094,1026,12388,2991,943,8886
서울특별시경찰청,서울특별시,강남구,세곡동,37.4644437055763,127.106760267266,31705,3377,2094,1026,12388,2991,943,8886
서울특별시경찰청,서울특별시,강남구,수서동,37.4888878594165,127.105003972121,31705,3377,2094,1026,12388,2991,943,8886
서울특별시경찰청,서울특별시,강남구,신사동,37.5239850298543,127.02277448907,31705,3377,2094,1026,12388,2991,943,8886
서울특별시경찰청,서울특별시,강남구,압구정동,37.5306686414269,127.030809170421,31705,3377,2094,1026,12388,2991,943,8886
서울특별시경찰청,서울특별시,강남구,역삼동,37.4953666908089,127.03306536185,31705,3377,2094,1026,12388,2991,943,8886
서울특별시경찰청,서울특별시,강남구,율현동,37.4709765124343,127.115817745643,31705,3377,2094,1026,12388,2991,943,8886
서울특별시경찰청,서울특별시,강남구,일원동,37.4795654903151,127.080430036811,31705,3377,2094,1026,12388,2991,943,8886
서울특별시경찰청,서울특별시,강남구,자곡동,37.473390398797,127.092180565565,31705,3377,2094,1026,12388,2991,943,8886
서울특별시경찰청,서울특별시,강남구,청담동,37.5250293348774,127.049233039691,31705,3377,2094,1026,12388,2991,943,8886
서울특별시경찰청,서울특별시,강동구,강일동,37.564944692054,127.173919661642,11267,1531,1662,321,3351,1028,103,3271
서울특별시경찰청,서울특별시,강동구,고덕동,37.5641661222506,127.155939319817,11267,1531,1662,321,3351,1028,103,3271
서울특별시경찰청,서울특별시,강동구,길동,37.5344859624471,127.142712345548,11267,1531,1662,321,3351,1028,103,3271
서울특별시경찰청,서울특별시,강동구,둔촌동,37.527188288761,127.142354524933,11267,1531,1662,321,3351,1028,103,3271
서울특별시경찰청,서울특별시,강동구,명일동,37.5494403330957,127.150304746486,11267,1531,1662,321,3351,1028,103,3271
서울특별시경찰청,서울특별시,강동구,상일동,37.5505837474646,127.168300419218,11267,1531,1662,321,3351,1028,103,3271
서울특별시경찰청,서울특별시,강동구,성내동,37.5292748071427,127.130026914568,11267,1531,1662,321,3351,1028,103,3271
서울특별시경찰청,서울특별시,강동구,암사동,37.5591140475276,127.13168588897,11267,1531,1662,321,3351,1028,103,3271
서울특별시경찰청,서울특별시,강동구,천호동,37.542221863425,127.12866892591,11267,1531,1662,321,3351,1028,103,3271
서울특별시경찰청,서울특별시,강북구,미아동,37.6270831294022,127.027060776679,8620,1179,968,253,2724,747,90,2659
서울특별시경찰청,서울특별시,강북구,번동,37.6241057350225,127.04133717608,8620,1179,968,253,2724,747,90,2659
서울특별시경찰청,서울특별시,강북구,수유동,37.6424621841483,127.022094520762,8620,1179,968,253,2724,747,90,2659
서울특별시경찰청,서울특별시,강북구,우이동,37.6630390800114,127.001890452891,8620,1179,968,253,2724,747,90,2659
서울특별시경찰청,서울특별시,강서구,가양동,37.5693673262879,126.84732341674,15073,2072,1671,527,4926,1374,208,4295
서울특별시경찰청,서울특별시,강서구,개화동,37.5913312008972,126.810864581737,15073,2072,1671,527,4926,1374,208,4295
서울특별시경찰청,서울특별시,강서구,공항동,37.5588726032733,126.810109136838,15073,2072,1671,527,4926,1374,208,4295
서울특별시경찰청,서울특별시,강서구,과해동,37.5656027325697,126.787712416395,15073,2072,1671,527,4926,1374,208,4295
서울특별시경찰청,서울특별시,강서구,내발산동,37.5543737621718,126.83326640676,15073,2072,1671,527,4926,1374,208,4295
서울특별시경찰청,서울특별시,강서구,등촌동,37.562237476114,126.843670821456,15073,2072,1671,527,4926,1374,208,4295
서울특별시경찰청,서울특별시,강서구,마곡동,37.5747859514344,126.830205192607,15073,2072,1671,527,4926,1374,208,4295
서울특별시경찰청,서울특별시,강서구,방화동,37.571309073515,126.811820803059,15073,2072,1671,527,4926,1374,208,4295
서울특별시경찰청,서울특별시,강서구,염창동,37.5537362431352,126.870985348962,15073,2072,1671,527,4926,1374,208,4295
서울특별시경찰청,서울특별시,강서구,오곡동,37.5515676820463,126.783116898869,15073,2072,1671,527,4926,1374,208,4295
서울특별시경찰청,서울특별시,강서구,오쇠동,37.5434597373437,126.797918436909,15073,2072,1671,527,4926,1374,208,4295
서울특별시경찰청,서울특별시,강서구,외발산동,37.5438427469629,126.82085631674,15073,2072,1671,527,4926,1374,208,4295
서울특별시경찰청,서울특별시,강서구,화곡동,37.5362848031695,126.848952280488,15073,2072,1671,527,4926,1374,208,4295
서울특별시경찰청,서울특별시,관악구,남현동,37.474566758872,126.977846469625,16539,2185,1967,633,5659,1125,213,4757
서울특별시경찰청,서울특별시,관악구,봉천동,37.482538491727,126.952165181187,16539,2185,1967,633,5659,1125,213,4757
서울특별시경찰청,서울특별시,관악구,신림동,37.4874127684412,126.927123713685,16539,2185,1967,633,5659,1125,213,4757
서울특별시경찰청,서울특별시,광진구,광장동,37.5468565308905,127.103025712709,9803,1318,1321,406,2866,899,124,2869
서울특별시경찰청,서울특별시,광진구,구의동,37.5502741239803,127.093135225891,9803,1318,1321,406,2866,899,124,2869
서울특별시경찰청,서울특별시,광진구,군자동,37.5551446392215,127.075902795587,9803,1318,1321,406,2866,899,124,2869
서울특별시경찰청,서울특별시,광진구,능동,37.5537792609499,127.080536887135,9803,1318,1321,406,2866,899,124,2869
서울특별시경찰청,서울특별시,광진구,자양동,37.5311077958689,127.073018338792,9803,1318,1321,406,2866,899,124,2869
서울특별시경찰청,서울특별시,광진구,중곡동,37.5617477458585,127.090401426965,9803,1318,1321,406,2866,899,124,2869
서울특별시경찰청,서울특별시,광진구,화양동,37.5464762611364,127.071367614735,9803,1318,1321,406,2866,899,124,2869
서울특별시경찰청,서울특별시,구로구,가리봉동,37.4825327471338,126.889718085071,11726,1628,1572,341,3802,900,145,3338
서울특별시경찰청,서울특별시,구로구,개봉동,37.4930115322775,126.857746551058,11726,1628,1572,341,3802,900,145,3338
서울특별시경찰청,서울특별시,구로구,고척동,37.5013977406623,126.863557123957,11726,1628,1572,341,3802,900,145,3338
서울특별시경찰청,서울특별시,구로구,구로동,37.4957707378732,126.882642231121,11726,1628,1572,341,3802,900,145,3338
서울특별시경찰청,서울특별시,구로구,궁동,37.5018731116131,126.827457184485,11726,1628,1572,341,3802,900,145,3338
서울특별시경찰청,서울특별시,구로구,신도림동,37.5077809050367,126.880610228674,11726,1628,1572,341,3802,900,145,3338
서울특별시경찰청,서울특별시,구로구,오류동,37.4889461307052,126.835492478188,11726,1628,1572,341,3802,900,145,3338
서울특별시경찰청,서울특별시,구로구,온수동,37.4941466665876,126.820586087352,11726,1628,1572,341,3802,900,145,3338
서울특별시경찰청,서울특별시,구로구,천왕동,37.4802774110978,126.83999317372,11726,1628,1572,341,3802,900,145,3338
서울특별시경찰청,서울특별시,구로구,항동,37.4801853131196,126.823409784343,11726,1628,1572,341,3802,900,145,3338
서울특별시경찰청,서울특별시,금천구,가산동,37.4768763179226,126.891779471155,8965,1006,887,227,3482,817,81,2465
서울특별시경찰청,서울특별시,금천구,독산동,37.4681432491736,126.899392976389,8965,1006,887,227,3482,817,81,2465
서울특별시경찰청,서울특별시,금천구,시흥동,37.4476688042388,126.908452220723,8965,1006,887,227,3482,817,81,2465
서울특별시경찰청,서울특별시,노원구,공릉동,37.6248431089169,127.073821318894,10005,1453,1506,318,2756,918,102,2952
서울특별시경찰청,서울특별시,노원구,상계동,37.66125057554,127.060252770712,10005,1453,1506,318,2756,918,102,2952
서울특별시경찰청,서울특별시,노원구,월계동,37.6199191869585,127.062987742987,10005,1453,1506,318,2756,918,102,2952
서울특별시경찰청,서울특별시,노원구,중계동,37.6525550467648,127.077488598779,10005,1453,1506,318,2756,918,102,2952
서울특별시경찰청,서울특별시,노원구,하계동,37.6404885286244,127.072685646642,10005,1453,1506,318,2756,918,102,2952
서울특별시경찰청,서울특별시,도봉구,도봉동,37.6873960128039,127.021495626589,6356,870,800,156,2077,461,52,1940
서울특별시경찰청,서울특별시,도봉구,방학동,37.665897548954,127.026875382235,6356,870,800,156,2077,461,52,1940
서울특별시경찰청,서울특별시,도봉구,쌍문동,37.6513191127048,127.029190894368,6356,870,800,156,2077,461,52,1940
서울특별시경찰청,서울특별시,도봉구,창동,37.6522582058481,127.045432300312,6356,870,800,156,2077,461,52,1940
서울특별시경찰청,서울특별시,동대문구,답십리동,37.5690668295007,127.056655839753,10817,1481,1618,250,3327,1265,127,2749
서울특별시경찰청,서울특별시,동대문구,신설동,37.5749629616682,127.025538570996,10817,1481,1618,250,3327,1265,127,2749
서울특별시경찰청,서울특별시,동대문구,용두동,37.5754186480422,127.033598820976,10817,1481,1618,250,3327,1265,127,2749
서울특별시경찰청,서울특별시,동대문구,이문동,37.6004055110663,127.066373060068,10817,1481,1618,250,3327,1265,127,2749
서울특별시경찰청,서울특별시,동대문구,장안동,37.5696967138507,127.071439570463,10817,1481,1618,250,3327,1265,127,2749
서울특별시경찰청,서울특별시,동대문구,전농동,37.5793286114287,127.053978285554,10817,1481,1618,250,3327,1265,127,2749
서울특별시경찰청,서울특별시,동대문구,제기동,37.5831154639893,127.037818414722,10817,1481,1618,250,3327,1265,127,2749
서울특별시경찰청,서울특별시,동대문구,청량리동,37.5862511095438,127.047289719403,10817,1481,1618,250,3327,1265,127,2749
서울특별시경찰청,서울특별시,동대문구,회기동,37.5907885967282,127.05537245757,10817,1481,1618,250,3327,1265,127,2749
서울특별시경찰청,서울특별시,동대문구,휘경동,37.5908553624268,127.065730507228,10817,1481,1618,250,3327,1265,127,2749
서울특별시경찰청,서울특별시,동작구,노량진동,37.510705811037,126.940393261193,9014,1196,1091,311,2951,828,277,2360
서울특별시경찰청,서울특별시,동작구,대방동,37.508164261,126.926343500008,9014,1196,1091,311,2951,828,277,2360
서울특별시경찰청,서울특별시,동작구,동작동,37.4992139256223,126.973876571542,9014,1196,1091,311,2951,828,277,2360
서울특별시경찰청,서울특별시,동작구,본동,37.513029355907,126.954204316851,9014,1196,1091,311,2951,828,277,2360
서울특별시경찰청,서울특별시,동작구,사당동,37.483932674151,126.9731356614,9014,1196,1091,311,2951,828,277,2360
서울특별시경찰청,서울특별시,동작구,상도1동,37.50324263284,126.94974984805,9014,1196,1091,311,2951,828,277,2360
서울특별시경찰청,서울특별시,동작구,상도동,37.4985163075707,126.939014238644,9014,1196,1091,311,2951,828,277,2360
서울특별시경찰청,서울특별시,동작구,신대방동,37.4930124961568,126.914941920386,9014,1196,1091,311,2951,828,277,2360
서울특별시경찰청,서울특별시,동작구,흑석동,37.505775015354,126.966590753167,9014,1196,1091,311,2951,828,277,2360
서울특별시경찰청,서울특별시,마포구,공덕동,37.550174347382,126.960034513244,13488,1926,1469,778,3680,1402,147,4086
서울특별시경찰청,서울특별시,마포구,구수동,37.5457361347135,126.932539327611,13488,1926,1469,778,3680,1402,147,4086
서울특별시경찰청,서울특별시,마포구,노고산동,37.5543526246389,126.937909479778,13488,1926,1469,778,3680,1402,147,4086
서울특별시경찰청,서울특별시,마포구,당인동,37.5437530625519,126.919627791269,13488,1926,1469,778,3680,1402,147,4086
서울특별시경찰청,서울특별시,마포구,대흥동,37.5498936438387,126.943403941965,13488,1926,1469,778,3680,1402,147,4086
서울특별시경찰청,서울특별시,마포구,도화동,37.541549712387,126.949873511116,13488,1926,1469,778,3680,1402,147,4086
서울특별시경찰청,서울특별시,마포구,동교동,37.557208530833,126.922261659865,13488,1926,1469,778,3680,1402,147,4086
서울특별시경찰청,서울특별시,마포구,마포동,37.5371140702001,126.943825451904,13488,1926,1469,778,3680,1402,147,4086
서울특별시경찰청,서울특별시,마포구,망원동,37.5567856576915,126.901347294861,13488,1926,1469,778,3680,1402,147,4086
서울특별시경찰청,서울특별시,마포구,상수동,37.5456269289384,126.924776753718,13488,1926,1469,778,3680,1402,147,4086
서울특별시경찰청,서울특별시,마포구,상암동,37.5783209050878,126.894689433213,13488,1926,1469,778,3680,1402,147,4086
서울특별시경찰청,서울특별시,마포구,서교동,37.5551093133848,126.91459072348,13488,1926,1469,778,3680,1402,147,4086
서울특별시경찰청,서울특별시,마포구,성산동,37.5628827605388,126.909284812172,13488,1926,1469,778,3680,1402,147,4086
서울특별시경찰청,서울특별시,마포구,신공덕동,37.5437143887632,126.95556152591,13488,1926,1469,778,3680,1402,147,4086
서울특별시경찰청,서울특별시,마포구,신수동,37.5470206619263,126.935226865858,13488,1926,1469,778,3680,1402,147,4086
서울특별시경찰청,서울특별시,마포구,신정동,37.5431615999641,126.930332866478,13488,1926,1469,778,3680,1402,147,4086
서울특별시경찰청,서울특별시,마포구,아현동,37.5544832516732,126.955903701632,13488,1926,1469,778,3680,1402,147,4086
서울특별시경찰청,서울특별시,마포구,연남동,37.5644776141887,126.922023205508,13488,1926,1469,778,3680,1402,147,4086
서울특별시경찰청,서울특별시,마포구,염리동,37.5470619620455,126.94565571696,13488,1926,1469,778,3680,1402,147,4086
서울특별시경찰청,서울특별시,마포구,용강동,37.5422744939978,126.942776042667,13488,1926,1469,778,3680,1402,147,4086
서울특별시경찰청,서울특별시,마포구,중동,37.5716627632573,126.9055839139,13488,1926,1469,778,3680,1402,147,4086
서울특별시경찰청,서울특별시,마포구,창전동,37.5492736432042,126.92977041133,13488,1926,1469,778,3680,1402,147,4086
서울특별시경찰청,서울특별시,마포구,토정동,37.5388960581726,126.939782456982,13488,1926,1469,778,3680,1402,147,4086
서울특별시경찰청,서울특별시,마포구,하중동,37.5435745257491,126.927779696718,13488,1926,1469,778,3680,1402,147,4086
서울특별시경찰청,서울특별시,마포구,합정동,37.5516618139959,126.911756414276,13488,1926,1469,778,3680,1402,147,4086
서울특별시경찰청,서울특별시,마포구,현석동,37.5421619566647,126.934289634391,13488,1926,1469,778,3680,1402,147,4086
서울특별시경찰청,서울특별시,서대문구,남가좌동,37.5755473825403,126.919548350676,7453,905,1012,261,2504,631,72,2068
서울특별시경찰청,서울특별시,서대문구,냉천동,37.5667821636121,126.961963463309,7453,905,1012,261,2504,631,72,2068
서울특별시경찰청,서울특별시,서대문구,대신동,37.5640649698096,126.944330406191,7453,905,1012,261,2504,631,72,2068
서울특별시경찰청,서울특별시,서대문구,대현동,37.5607686463542,126.947212193537,7453,905,1012,261,2504,631,72,2068
서울특별시경찰청,서울특별시,서대문구,미근동,37.5632950923108,126.967253249905,7453,905,1012,261,2504,631,72,2068
서울특별시경찰청,서울특별시,서대문구,봉원동,37.5725932042941,126.946963866133,7453,905,1012,261,2504,631,72,2068
서울특별시경찰청,서울특별시,서대문구,북가좌동,37.5780815956199,126.91039845202,7453,905,1012,261,2504,631,72,2068
서울특별시경찰청,서울특별시,서대문구,북아현동,37.5595652449812,126.956901214305,7453,905,1012,261,2504,631,72,2068
서울특별시경찰청,서울특별시,서대문구,신촌동,37.5651616940519,126.93927687604,7453,905,1012,261,2504,631,72,2068
서울특별시경찰청,서울특별시,서대문구,연희동,37.573910010416,126.935230751932,7453,905,1012,261,2504,631,72,2068
서울특별시경찰청,서울특별시,서대문구,영천동,37.5703879302213,126.956682170377,7453,905,1012,261,2504,631,72,2068
서울특별시경찰청,서울특별시,서대문구,옥천동,37.5695598078732,126.95890126611,7453,905,1012,261,2504,631,72,2068
서울특별시경찰청,서울특별시,서대문구,창천동,37.5586862112856,126.934193637741,7453,905,1012,261,2504,631,72,2068
서울특별시경찰청,서울특별시,서대문구,천연동,37.5675017663096,126.958422464555,7453,905,1012,261,2504,631,72,2068
서울특별시경찰청,서울특별시,서대문구,충정로2가,37.564851103114,126.964119536636,7453,905,1012,261,2504,631,72,2068
서울특별시경찰청,서울특별시,서대문구,충정로3가,37.5620789699491,126.961983963838,7453,905,1012,261,2504,631,72,2068
서울특별시경찰청,서울특별시,서대문구,합동,37.5615287939471,126.966031651429,7453,905,1012,261,2504,631,72,2068
서울특별시경찰청,서울특별시,서대문구,현저동,37.5737854968818,126.95407204926,7453,905,1012,261,2504,631,72,2068
서울특별시경찰청,서울특별시,서대문구,홍은동,37.5908908122789,126.933218715152,7453,905,1012,261,2504,631,72,2068
서울특별시경찰청,서울특별시,서대문구,홍제동,37.5858458009441,126.948725215733,7453,905,1012,261,2504,631,72,2068
서울특별시경찰청,서울특별시,서초구,내곡동,37.4582463131039,127.076916934729,17238,1835,1587,557,5838,1787,240,5394
서울특별시경찰청,서울특별시,서초구,반포동,37.5051446767402,127.013359062646,17238,1835,1587,557,5838,1787,240,5394
서울특별시경찰청,서울특별시,서초구,방배동,37.483413014657,126.994486969319,17238,1835,1587,557,5838,1787,240,5394
서울특별시경찰청,서울특별시,서초구,서초동,37.4900861966504,127.01953478052,17238,1835,1587,557,5838,1787,240,5394
서울특별시경찰청,서울특별시,서초구,신원동,37.4440189779747,127.062170998757,17238,1835,1587,557,5838,1787,240,5394
서울특별시경찰청,서울특별시,서초구,양재동,37.4720040276214,127.037463917199,17238,1835,1587,557,5838,1787,240,5394
서울특별시경찰청,서울특별시,서초구,염곡동,37.4622991870892,127.053907608672,17238,1835,1587,557,5838,1787,240,5394
서울특별시경찰청,서울특별시,서초구,우면동,37.4646530229736,127.01605116304,17238,1835,1587,557,5838,1787,240,5394
서울특별시경찰청,서울특별시,서초구,원지동,37.4433117184792,127.048637026567,17238,1835,1587,557,5838,1787,240,5394
서울특별시경찰청,서울특별시,서초구,잠원동,37.5149186880221,127.014102820234,17238,1835,1587,557,5838,1787,240,5394
서울특별시경찰청,서울특별시,성동구,금호동1가,37.554885724907,127.02279294328,8798,1047,968,237,3320,768,107,2351
서울특별시경찰청,서울특별시,성동구,금호동2가,37.5529940659196,127.020406751011,8798,1047,968,237,3320,768,107,2351
서울특별시경찰청,서울특별시,성동구,금호동3가,37.5499307132641,127.020166005976,8798,1047,968,237,3320,768,107,2351
서울특별시경찰청,서울특별시,성동구,금호동4가,37.5447325755774,127.026161935006,8798,1047,968,237,3320,768,107,2351
서울특별시경찰청,서울특별시,성동구,도선동,37.5637958263855,127.033530216268,8798,1047,968,237,3320,768,107,2351
서울특별시경찰청,서울특별시,성동구,마장동,37.5663795479871,127.045325760782,8798,1047,968,237,3320,768,107,2351
서울특별시경찰청,서울특별시,성동구,사근동,37.5614997515695,127.045327331714,8798,1047,968,237,3320,768,107,2351
서울특별시경찰청,서울특별시,성동구,상왕십리동,37.5684327095864,127.024784739728,8798,1047,968,237,3320,768,107,2351
서울특별시경찰청,서울특별시,성동구,성수동1가,37.5417253860377,127.043351028535,8798,1047,968,237,3320,768,107,2351
서울특별시경찰청,서울특별시,성동구,성수동2가,37.5409627375216,127.057019282187,8798,1047,968,237,3320,768,107,2351
서울특별시경찰청,서울특별시,성동구,송정동,37.5545322586261,127.069569072089,8798,1047,968,237,3320,768,107,2351
서울특별시경찰청,서울특별시,성동구,옥수동,37.5435886378545,127.013438338877,8798,1047,968,237,3320,768,107,2351
서울특별시경찰청,서울특별시,성동구,용답동,37.5640758244217,127.055579052769,8798,1047,968,237,3320,768,107,2351
서울특별시경찰청,서울특별시,성동구,응봉동,37.5531604882762,127.033416807797,8798,1047,968,237,3320,768,107,2351
서울특별시경찰청,서울특별시,성동구,하왕십리동,37.5619122139371,127.028703243306,8798,1047,968,237,3320,768,107,2351
서울특별시경찰청,서울특별시,성동구,행당동,37.5583059078881,127.037031736958,8798,1047,968,237,3320,768,107,2351
서울특별시경찰청,서울특별시,성동구,홍익동,37.5663550219261,127.032213833438,8798,1047,968,237,3320,768,107,2351
서울특별시경찰청,서울특별시,성북구,길음동,37.6076658267475,127.023343590916,9158,1157,884,271,3299,933,59,2555
서울특별시경찰청,서울특별시,성북구,돈암동,37.5962791991149,127.00991034218,9158,1157,884,271,3299,933,59,2555
서울특별시경찰청,서울특별시,성북구,동선동1가,37.5923102427412,127.018211777612,9158,1157,884,271,3299,933,59,2555
서울특별시경찰청,서울특별시,성북구,동선동2가,37.5901655850025,127.020040985677,9158,1157,884,271,3299,933,59,2555
서울특별시경찰청,서울특별시,성북구,동선동3가,37.5944938544003,127.020599250097,9158,1157,884,271,3299,933,59,2555
서울특별시경찰청,서울특별시,성북구,동선동4가,37.5952221822842,127.018633716126,9158,1157,884,271,3299,933,59,2555
서울특별시경찰청,서울특별시,성북구,동선동5가,37.5959288284837,127.016844785039,9158,1157,884,271,3299,933,59,2555
서울특별시경찰청,서울특별시,성북구,동소문동1가,37.5900265113417,127.007210212424,9158,1157,884,271,3299,933,59,2555
서울특별시경찰청,서울특별시,성북구,동소문동2가,37.5887073911224,127.008238156364,9158,1157,884,271,3299,933,59,2555
서울특별시경찰청,서울특별시,성북구,동소문동3가,37.5898604829039,127.010489205319,9158,1157,884,271,3299,933,59,2555
서울특별시경찰청,서울특별시,성북구,동소문동4가,37.5917597611251,127.01063893326,9158,1157,884,271,3299,933,59,2555
서울특별시경찰청,서울특별시,성북구,동소문동5가,37.5916367047087,127.01537185184,9158,1157,884,271,3299,933,59,2555
서울특별시경찰청,서울특별시,성북구,동소문동6가,37.5933415527604,127.01399531696,9158,1157,884,271,3299,933,59,2555
서울특별시경찰청,서울특별시,성북구,동소문동7가,37.5963292176218,127.014190641129,9158,1157,884,271,3299,933,59,2555
서울특별시경찰청,서울특별시,성북구,보문동1가,37.586489601596,127.019645993321,9158,1157,884,271,3299,933,59,2555
서울특별시경찰청,서울특별시,성북구,보문동2가,37.5857474136522,127.018210178625,9158,1157,884,271,3299,933,59,2555
서울특별시경찰청,서울특별시,성북구,보문동3가,37.5838880357102,127.016352976758,9158,1157,884,271,3299,933,59,2555
서울특별시경찰청,서울특별시,성북구,보문동4가,37.5828961453855,127.021347801017,9158,1157,884,271,3299,933,59,2555
서울특별시경찰청,서울특별시,성북구,보문동5가,37.5823846059338,127.020066071097,9158,1157,884,271,3299,933,59,2555
서울특별시경찰청,서울특별시,성북구,보문동6가,37.5803846015947,127.018842854522,9158,1157,884,271,3299,933,59,2555
서울특별시경찰청,서울특별시,성북구,보문동7가,37.5798181272131,127.022551479065,9158,1157,884,271,3299,933,59,2555
서울특별시경찰청,서울특별시,성북구,삼선동1가,37.5846817438786,127.008396217359,9158,1157,884,271,3299,933,59,2555
서울특별시경찰청,서울특별시,성북구,삼선동2가,37.583369642001,127.011439305713,9158,1157,884,271,3299,933,59,2555
서울특별시경찰청,서울특별시,성북구,삼선동3가,37.5865085302362,127.013092803419,9158,1157,884,271,3299,933,59,2555
서울특별시경찰청,서울특별시,성북구,삼선동4가,37.5903502910641,127.013723013975,9158,1157,884,271,3299,933,59,2555
서울특별시경찰청,서울특별시,성북구,삼선동5가,37.5885336236906,127.015851281018,9158,1157,884,271,3299,933,59,2555
서울특별시경찰청,서울특별시,성북구,상월곡동,37.6069133345459,127.045527017386,9158,1157,884,271,3299,933,59,2555
서울특별시경찰청,서울특별시,성북구,석관동,37.6129860183722,127.0614007785,9158,1157,884,271,3299,933,59,2555
서울특별시경찰청,서울특별시,성북구,성북동,37.591046609396,127.003274531869,9158,1157,884,271,3299,933,59,2555
서울특별시경찰청,서울특별시,성북구,성북동1가,37.5895149125504,127.003614139532,9158,1157,884,271,3299,933,59,2555
서울특별시경찰청,서울특별시,성북구,안암동1가,37.5883885968467,127.02135842744,9158,1157,884,271,3299,933,59,2555
서울특별시경찰청,서울특별시,성북구,안암동2가,37.5865287984821,127.02216855408,9158,1157,884,271,3299,933,59,2555
서울특별시경찰청,서울특별시,성북구,안암동3가,37.5835336768551,127.023313410414,9158,1157,884,271,3299,933,59,2555
서울특별시경찰청,서울특별시,성북구,안암동4가,37.5807006819401,127.024648423554,9158,1157,884,271,3299,933,59,2555
서울특별시경찰청,서울특별시,성북구,안암동5가,37.5883977734309,127.029021378105,9158,1157,884,271,3299,933,59,2555
서울특별시경찰청,서울특별시,성북구,장위동,37.6170568426304,127.04956549458,9158,1157,884,271,3299,933,59,2555
서울특별시경찰청,서울특별시,성북구,정릉동,37.6185808255471,126.995482832879,9158,1157,884,271,3299,933,59,2555
서울특별시경찰청,서울특별시,성북구,종암동,37.5990602270307,127.035212918853,9158,1157,884,271,3299,933,59,2555
서울특별시경찰청,서울특별시,성북구,하월곡동,37.6075035036309,127.037812638789,9158,1157,884,271,3299,933,59,2555
서울특별시경찰청,서울특별시,송파구,가락동,37.496542166563,127.105729381413,18321,2364,2500,559,6365,1767,194,4572
서울특별시경찰청,서울특별시,송파구,거여동,37.4969242257406,127.143310298223,18321,2364,2500,559,6365,1767,194,4572
서울특별시경찰청,서울특별시,송파구,마천동,37.4960258496319,127.149903613069,18321,2364,2500,559,6365,1767,194,4572
서울특별시경찰청,서울특별시,송파구,문정동,37.4847415034154,127.118267660547,18321,2364,2500,559,6365,1767,194,4572
서울특별시경찰청,서울특별시,송파구,방이동,37.5110126423951,127.123923689605,18321,2364,2500,559,6365,1767,194,4572
서울특별시경찰청,서울특별시,송파구,삼전동,37.5027233386059,127.092519707191,18321,2364,2500,559,6365,1767,194,4572
서울특별시경찰청,서울특별시,송파구,석촌동,37.5035646306704,127.103667384036,18321,2364,2500,559,6365,1767,194,4572
서울특별시경찰청,서울특별시,송파구,송파동,37.5060929206302,127.109579159297,18321,2364,2500,559,6365,1767,194,4572
서울특별시경찰청,서울특별시,송파구,신천동,37.5182926381798,127.101366591012,18321,2364,2500,559,6365,1767,194,4572
서울특별시경찰청,서울특별시,송파구,오금동,37.5029748269765,127.128103930329,18321,2364,2500,559,6365,1767,194,4572
서울특별시경찰청,서울특별시,송파구,잠실동,37.5119564733933,127.088282780728,18321,2364,2500,559,6365,1767,194,4572
서울특별시경찰청,서울특별시,송파구,장지동,37.4785083981104,127.136582139995,18321,2364,2500,559,6365,1767,194,4572
서울특별시경찰청,서울특별시,송파구,풍납동,37.5380588825242,127.122225970875,18321,2364,2500,559,6365,1767,194,4572
서울특별시경찰청,서울특별시,양천구,목동,37.5304364108361,126.870989288343,9869,1378,1513,188,2988,861,92,2849
서울특별시경찰청,서울특별시,양천구,신월동,37.5328158189362,126.831535864977,9869,1378,1513,188,2988,861,92,2849
서울특별시경찰청,서울특별시,양천구,신정동,37.5185526780281,126.854354325392,9869,1378,1513,188,2988,861,92,2849
서울특별시경찰청,서울특별시,영등포구,당산동,37.5402584246454,126.902165652703,15467,2089,1790,475,5043,1683,190,4197
서울특별시경찰청,서울특별시,영등포구,당산동1가,37.5216623144433,126.898547402403,15467,2089,1790,475,5043,1683,190,4197
서울특별시경찰청,서울특별시,영등포구,당산동2가,37.5224653819519,126.893736304951,15467,2089,1790,475,5043,1683,190,4197
서울특별시경찰청,서울특별시,영등포구,당산동3가,37.5258485828122,126.89671357564,15467,2089,1790,475,5043,1683,190,4197
서울특별시경찰청,서울특별시,영등포구,당산동4가,37.5290653986881,126.899075891843,15467,2089,1790,475,5043,1683,190,4197
서울특별시경찰청,서울특별시,영등포구,당산동5가,37.5320981652415,126.901203325782,15467,2089,1790,475,5043,1683,190,4197
서울특별시경찰청,서울특별시,영등포구,당산동6가,37.5337949488347,126.904735599528,15467,2089,1790,475,5043,1683,190,4197
서울특별시경찰청,서울특별시,영등포구,대림동,37.4925087229048,126.902006335554,15467,2089,1790,475,5043,1683,190,4197
서울특별시경찰청,서울특별시,영등포구,도림동,37.5094388403259,126.895944463887,15467,2089,1790,475,5043,1683,190,4197
서울특별시경찰청,서울특별시,영등포구,문래동1가,37.5122797138519,126.896981114579,15467,2089,1790,475,5043,1683,190,4197
서울특별시경찰청,서울특별시,영등포구,문래동2가,37.5127447489725,126.893057862261,15467,2089,1790,475,5043,1683,190,4197
서울특별시경찰청,서울특별시,영등포구,문래동3가,37.5165971793935,126.896816819326,15467,2089,1790,475,5043,1683,190,4197
서울특별시경찰청,서울특별시,영등포구,문래동4가,37.5144572928257,126.889829482109,15467,2089,1790,475,5043,1683,190,4197
서울특별시경찰청,서울특별시,영등포구,문래동5가,37.5162865616224,126.8844154127,15467,2089,1790,475,5043,1683,190,4197
서울특별시경찰청,서울특별시,영등포구,문래동6가,37.5194820467021,126.886822180022,15467,2089,1790,475,5043,1683,190,4197
서울특별시경찰청,서울특별시,영등포구,신길동,37.5041663202169,126.91406973946,15467,2089,1790,475,5043,1683,190,4197
서울특별시경찰청,서울특별시,영등포구,양평동,37.5282170949853,126.885713864668,15467,2089,1790,475,5043,1683,190,4197
서울특별시경찰청,서울특별시,영등포구,양평동1가,37.5234622076973,126.888223442468,15467,2089,1790,475,5043,1683,190,4197
서울특별시경찰청,서울특별시,영등포구,양평동2가,37.5234853215282,126.882336382875,15467,2089,1790,475,5043,1683,190,4197
서울특별시경찰청,서울특별시,영등포구,양평동3가,37.5293681802836,126.891015825174,15467,2089,1790,475,5043,1683,190,4197
서울특별시경찰청,서울특별시,영등포구,양평동4가,37.5369309404221,126.896766179375,15467,2089,1790,475,5043,1683,190,4197
서울특별시경찰청,서울특별시,영등포구,양평동5가,37.5393563567172,126.892639686611,15467,2089,1790,475,5043,1683,190,4197
서울특별시경찰청,서울특별시,영등포구,양평동6가,37.5423276935983,126.890503614635,15467,2089,1790,475,5043,1683,190,4197
서울특별시경찰청,서울특별시,영등포구,양화동,37.5496245970544,126.88545485776,15467,2089,1790,475,5043,1683,190,4197
서울특별시경찰청,서울특별시,영등포구,여의도동,37.5267849150832,126.930167091136,15467,2089,1790,475,5043,1683,190,4197
서울특별시경찰청,서울특별시,영등포구,영등포동,37.5134118222975,126.906168599588,15467,2089,1790,475,5043,1683,190,4197
서울특별시경찰청,서울특별시,영등포구,영등포동1가,37.5178393128914,126.913185328453,15467,2089,1790,475,5043,1683,190,4197
서울특별시경찰청,서울특별시,영등포구,영등포동2가,37.5207969614044,126.91150771146,15467,2089,1790,475,5043,1683,190,4197
서울특별시경찰청,서울특별시,영등포구,영등포동3가,37.5182713776918,126.90787737105,15467,2089,1790,475,5043,1683,190,4197
서울특별시경찰청,서울특별시,영등포구,영등포동4가,37.5178895038416,126.903552262737,15467,2089,1790,475,5043,1683,190,4197
서울특별시경찰청,서울특별시,영등포구,영등포동5가,37.5210743651059,126.906688412883,15467,2089,1790,475,5043,1683,190,4197
서울특별시경찰청,서울특별시,영등포구,영등포동6가,37.5215905083397,126.90316740849,15467,2089,1790,475,5043,1683,190,4197
서울특별시경찰청,서울특별시,영등포구,영등포동7가,37.5240155727984,126.907114627945,15467,2089,1790,475,5043,1683,190,4197
서울특별시경찰청,서울특별시,영등포구,영등포동8가,37.5283028633871,126.905253942411,15467,2089,1790,475,5043,1683,190,4197
서울특별시경찰청,서울특별시,용산구,갈월동,37.5467756584414,126.972162579372,10736,1961,1072,390,2802,978,201,3332
서울특별시경찰청,서울특별시,용산구,남영동,37.5430061454347,126.973322683547,10736,1961,1072,390,2802,978,201,3332
서울특별시경찰청,서울특별시,용산구,도원동,37.5381208172629,126.955125834612,10736,1961,1072,390,2802,978,201,3332
서울특별시경찰청,서울특별시,용산구,동빙고동,37.5244123976897,126.995112936884,10736,1961,1072,390,2802,978,201,3332
서울특별시경찰청,서울특별시,용산구,동자동,37.5520519606978,126.972396006945,10736,1961,1072,390,2802,978,201,3332
서울특별시경찰청,서울특별시,용산구,문배동,37.5371018437134,126.969405422634,10736,1961,1072,390,2802,978,201,3332
서울특별시경찰청,서울특별시,용산구,보광동,37.526272167319,127.000171956489,10736,1961,1072,390,2802,978,201,3332
서울특별시경찰청,서울특별시,용산구,산천동,37.535416505796,126.951801048783,10736,1961,1072,390,2802,978,201,3332
서울특별시경찰청,서울특별시,용산구,서계동,37.5529659898692,126.966999743181,10736,1961,1072,390,2802,978,201,3332
서울특별시경찰청,서울특별시,용산구,서빙고동,37.5204623812777,126.994638088433,10736,1961,1072,390,2802,978,201,3332
서울특별시경찰청,서울특별시,용산구,신계동,37.5358253064501,126.966740278708,10736,1961,1072,390,2802,978,201,3332
서울특별시경찰청,서울특별시,용산구,신창동,37.5357673358181,126.954946215115,10736,1961,1072,390,2802,978,201,3332
서울특별시경찰청,서울특별시,용산구,용문동,37.537700864015,126.959891817892,10736,1961,1072,390,2802,978,201,3332
서울특별시경찰청,서울특별시,용산구,용산동1가,37.5399939693424,126.976967186602,10736,1961,1072,390,2802,978,201,3332
서울특별시경찰청,서울특별시,용산구,용산동2가,37.5419195197565,126.982945593811,10736,1961,1072,390,2802,978,201,3332
서울특별시경찰청,서울특별시,용산구,용산동3가,37.5318669434274,126.976965160519,10736,1961,1072,390,2802,978,201,3332
서울특별시경찰청,서울특별시,용산구,용산동4가,37.5306248837306,126.985224458926,10736,1961,1072,390,2802,978,201,3332
서울특별시경찰청,서울특별시,용산구,용산동5가,37.5261432450492,126.974364951898,10736,1961,1072,390,2802,978,201,3332
서울특별시경찰청,서울특별시,용산구,용산동6가,37.5235531064681,126.980329796658,10736,1961,1072,390,2802,978,201,3332
서울특별시경찰청,서울특별시,용산구,원효로1가,37.539613202648,126.967064466585,10736,1961,1072,390,2802,978,201,3332
서울특별시경찰청,서울특별시,용산구,원효로2가,37.5362892108966,126.963323111963,10736,1961,1072,390,2802,978,201,3332
서울특별시경찰청,서울특별시,용산구,원효로3가,37.53430510598,126.957635334291,10736,1961,1072,390,2802,978,201,3332
서울특별시경찰청,서울특별시,용산구,원효로4가,37.5322516903751,126.950590243026,10736,1961,1072,390,2802,978,201,3332
서울특별시경찰청,서울특별시,용산구,이촌동,37.5141954312251,126.972097769518,10736,1961,1072,390,2802,978,201,3332
서울특별시경찰청,서울특별시,용산구,이태원동,37.5402662116136,126.991527297365,10736,1961,1072,390,2802,978,201,3332
서울특별시경찰청,서울특별시,용산구,주성동,37.5215725360092,126.999221719448,10736,1961,1072,390,2802,978,201,3332
서울특별시경찰청,서울특별시,용산구,청암동,37.5344808673196,126.946678596744,10736,1961,1072,390,2802,978,201,3332
서울특별시경찰청,서울특별시,용산구,청파동1가,37.5487674651522,126.967458773793,10736,1961,1072,390,2802,978,201,3332
서울특별시경찰청,서울특별시,용산구,청파동2가,37.5465142049804,126.964798233694,10736,1961,1072,390,2802,978,201,3332
서울특별시경찰청,서울특별시,용산구,청파동3가,37.5432460079142,126.966972344614,10736,1961,1072,390,2802,978,201,3332
서울특별시경찰청,서울특별시,용산구,한강로1가,37.5339780623764,126.973054361529,10736,1961,1072,390,2802,978,201,3332
서울특별시경찰청,서울특별시,용산구,한강로2가,37.5315623013378,126.968683607087,10736,1961,1072,390,2802,978,201,3332
서울특별시경찰청,서울특별시,용산구,한강로3가,37.5276608637794,126.962182447512,10736,1961,1072,390,2802,978,201,3332
서울특별시경찰청,서울특별시,용산구,한남동,37.53462985578,127.000552132438,10736,1961,1072,390,2802,978,201,3332
서울특별시경찰청,서울특별시,용산구,효창동,37.5424588083351,126.9618988792,10736,1961,1072,390,2802,978,201,3332
서울특별시경찰청,서울특별시,용산구,후암동,37.5486798277288,126.978150463736,10736,1961,1072,390,2802,978,201,3332
서울특별시경찰청,서울특별시,은평구,갈현동,37.6198652831794,126.914367182376,10708,1579,1520,289,3370,968,78,2904
서울특별시경찰청,서울특별시,은평구,구산동,37.6117570303253,126.910376186527,10708,1579,1520,289,3370,968,78,2904
서울특별시경찰청,서울특별시,은평구,녹번동,37.6022161609652,126.929919982801,10708,1579,1520,289,3370,968,78,2904
서울특별시경찰청,서울특별시,은평구,대조동,37.6141899645266,126.920825111083,10708,1579,1520,289,3370,968,78,2904
서울특별시경찰청,서울특별시,은평구,불광동,37.6176523268171,126.937059476367,10708,1579,1520,289,3370,968,78,2904
서울특별시경찰청,서울특별시,은평구,수색동,37.5835205268469,126.893672224269,10708,1579,1520,289,3370,968,78,2904
서울특별시경찰청,서울특별시,은평구,신사동,37.5949214743515,126.908475948726,10708,1579,1520,289,3370,968,78,2904
서울특별시경찰청,서울특별시,은평구,역촌동,37.6043976551681,126.915123289569,10708,1579,1520,289,3370,968,78,2904
서울특별시경찰청,서울특별시,은평구,응암동,37.5963272964127,126.924109745075,10708,1579,1520,289,3370,968,78,2904
서울특별시경찰청,서울특별시,은평구,증산동,37.5843030609175,126.907039772766,10708,1579,1520,289,3370,968,78,2904
서울특별시경찰청,서울특별시,은평구,진관동,37.6349668825062,126.92106591289,10708,1579,1520,289,3370,968,78,2904
서울특별시경찰청,서울특별시,종로구,가회동,37.5800968068428,126.984784487479,10015,1375,1180,337,3242,715,78,3088
서울특별시경찰청,서울특별시,종로구,견지동,37.5731913510519,126.9830607214,10015,1375,1180,337,3242,715,78,3088
서울특별시경찰청,서울특별시,종로구,경운동,37.5751883855305,126.98638391579,10015,1375,1180,337,3242,715,78,3088
서울특별시경찰청,서울특별시,종로구,계동,37.5824324365828,126.986903381874,10015,1375,1180,337,3242,715,78,3088
서울특별시경찰청,서울특별시,종로구,공평동,37.5712668379625,126.983147187221,10015,1375,1180,337,3242,715,78,3088
서울특별시경찰청,서울특별시,종로구,관수동,37.5690620186847,126.99046001346,10015,1375,1180,337,3242,715,78,3088
서울특별시경찰청,서울특별시,종로구,관철동,37.5691048202297,126.985986580353,10015,1375,1180,337,3242,715,78,3088
서울특별시경찰청,서울특별시,종로구,관훈동,37.5741286083153,126.984690612471,10015,1375,1180,337,3242,715,78,3088
서울특별시경찰청,서울특별시,종로구,교남동,37.5683831622413,126.964634002163,10015,1375,1180,337,3242,715,78,3088
서울특별시경찰청,서울특별시,종로구,교북동,37.5717842659121,126.96127267528,10015,1375,1180,337,3242,715,78,3088
서울특별시경찰청,서울특별시,종로구,구기동,37.6193739703885,126.959299756836,10015,1375,1180,337,3242,715,78,3088
서울특별시경찰청,서울특별시,종로구,궁정동,37.5846825915784,126.973144784748,10015,1375,1180,337,3242,715,78,3088
서울특별시경찰청,서울특별시,종로구,권농동,37.5743239285347,126.991763428362,10015,1375,1180,337,3242,715,78,3088
서울특별시경찰청,서울특별시,종로구,낙원동,37.5725577161916,126.988607627918,10015,1375,1180,337,3242,715,78,3088
서울특별시경찰청,서울특별시,종로구,내수동,37.5733081682464,126.971962529742,10015,1375,1180,337,3242,715,78,3088
서울특별시경찰청,서울특별시,종로구,내자동,37.5753047140659,126.971717261861,10015,1375,1180,337,3242,715,78,3088
서울특별시경찰청,서울특별시,종로구,누상동,37.5800268845222,126.962264659143,10015,1375,1180,337,3242,715,78,3088
서울특별시경찰청,서울특별시,종로구,누하동,37.5792826296465,126.968274190814,10015,1375,1180,337,3242,715,78,3088
서울특별시경찰청,서울특별시,종로구,당주동,37.5715715163221,126.974000740279,10015,1375,1180,337,3242,715,78,3088
서울특별시경찰청,서울특별시,종로구,도렴동,37.5731610122675,126.974647692606,10015,1375,1180,337,3242,715,78,3088
서울특별시경찰청,서울특별시,종로구,돈의동,37.5719704528881,126.990726790606,10015,1375,1180,337,3242,715,78,3088
서울특별시경찰청,서울특별시,종로구,동숭동,37.5813770980378,127.004872670199,10015,1375,1180,337,3242,715,78,3088
서울특별시경찰청,서울특별시,종로구,명륜1가,37.589107692137,126.997468304522,10015,1375,1180,337,3242,715,78,3088
서울특별시경찰청,서울특별시,종로구,명륜2가,37.584696454401,126.999030857136,10015,1375,1180,337,3242,715,78,3088
서울특별시경찰청,서울특별시,종로구,명륜3가,37.5895652203261,126.993075159072,10015,1375,1180,337,3242,715,78,3088
서울특별시경찰청,서울특별시,종로구,명륜4가,37.582231340528,127.00007245689,10015,1375,1180,337,3242,715,78,3088
서울특별시경찰청,서울특별시,종로구,묘동,37.572406610134,126.991745527678,10015,1375,1180,337,3242,715,78,3088
서울특별시경찰청,서울특별시,종로구,무악동,37.5759854736855,126.958245677349,10015,1375,1180,337,3242,715,78,3088
서울특별시경찰청,서울특별시,종로구,봉익동,37.5721652242241,126.992995267432,10015,1375,1180,337,3242,715,78,3088
서울특별시경찰청,서울특별시,종로구,부암동,37.5924142953538,126.964061015983,10015,1375,1180,337,3242,715,78,3088
서울특별시경찰청,서울특별시,종로구,사간동,37.577252619494,126.980379075036,10015,1375,1180,337,3242,715,78,3088
서울특별시경찰청,서울특별시,종로구,사직동,37.5761869658796,126.968846056089,10015,1375,1180,337,3242,715,78,3088
서울특별시경찰청,서울특별시,종로구,삼청동,37.584997782564,126.981758302922,10015,1375,1180,337,3242,715,78,3088
서울특별시경찰청,서울특별시,종로구,서린동,37.5695112747648,126.980399217074,10015,1375,1180,337,3242,715,78,3088
서울특별시경찰청,서울특별시,종로구,세종로,37.5801928107016,126.976778199977,10015,1375,1180,337,3242,715,78,3088
서울특별시경찰청,서울특별시,종로구,소격동,37.5796241227762,126.980908275257,10015,1375,1180,337,3242,715,78,3088
서울특별시경찰청,서울특별시,종로구,송월동,37.5700627844638,126.9651946575,10015,1375,1180,337,3242,715,78,3088
서울특별시경찰청,서울특별시,종로구,송현동,37.5767591093554,126.981846349157,10015,1375,1180,337,3242,715,78,3088
서울특별시경찰청,서울특별시,종로구,수송동,37.5736775113542,126.980610942957,10015,1375,1180,337,3242,715,78,3088
서울특별시경찰청,서울특별시,종로구,숭인동,37.5745280159937,127.019597569646,10015,1375,1180,337,3242,715,78,3088
서울특별시경찰청,서울특별시,종로구,신교동,37.5844902776103,126.967923271581,10015,1375,1180,337,3242,715,78,3088
서울특별시경찰청,서울특별시,종로구,신문로1가,37.5701731498046,126.973901614207,10015,1375,1180,337,3242,715,78,3088
서울특별시경찰청,서울특별시,종로구,신문로2가,37.5706622933598,126.969722233416,10015,1375,1180,337,3242,715,78,3088
서울특별시경찰청,서울특별시,종로구,신영동,37.6025046922759,126.961818449159,10015,1375,1180,337,3242,715,78,3088
서울특별시경찰청,서울특별시,종로구,안국동,37.5773864591263,126.983607690836,10015,1375,1180,337,3242,715,78,3088
서울특별시경찰청,서울특별시,종로구,연건동,37.5786742164882,126.999669431165,10015,1375,1180,337,3242,715,78,3088
서울특별시경찰청,서울특별시,종로구,연지동,37.5737475791242,127.000131313214,10015,1375,1180,337,3242,715,78,3088
서울특별시경찰청,서울특별시,종로구,예지동,37.5696210091493,126.998302077982,10015,1375,1180,337,3242,715,78,3088
서울특별시경찰청,서울특별시,종로구,옥인동,37.5835230926996,126.963385995622,10015,1375,1180,337,3242,715,78,3088
서울특별시경찰청,서울특별시,종로구,와룡동,37.582342736821,126.991214588966,10015,1375,1180,337,3242,715,78,3088
서울특별시경찰청,서울특별시,종로구,운니동,37.5763742920418,126.98822214942,10015,1375,1180,337,3242,715,78,3088
서울특별시경찰청,서울특별시,종로구,원남동,37.5755207102283,126.997495933473,10015,1375,1180,337,3242,715,78,3088
서울특별시경찰청,서울특별시,종로구,원서동,37.5839318329341,126.988266245452,10015,1375,1180,337,3242,715,78,3088
서울특별시경찰청,서울특별시,종로구,이화동,37.5769946840179,127.004338052474,10015,1375,1180,337,3242,715,78,3088
서울특별시경찰청,서울특별시,종로구,익선동,37.5743345779564,126.989694095817,10015,1375,1180,337,3242,715,78,3088
서울특별시경찰청,서울특별시,종로구,인사동,37.5717032982693,126.986049484352,10015,1375,1180,337,3242,715,78,3088
서울특별시경찰청,서울특별시,종로구,인의동,37.5723311920992,126.997668102599,10015,1375,1180,337,3242,715,78,3088
서울특별시경찰청,서울특별시,종로구,장사동,37.5692172240881,126.994023346762,10015,1375,1180,337,3242,715,78,3088
서울특별시경찰청,서울특별시,종로구,재동,37.578302085465,126.985246741088,10015,1375,1180,337,3242,715,78,3088
서울특별시경찰청,서울특별시,종로구,적선동,37.5752799608429,126.973773044297,10015,1375,1180,337,3242,715,78,3088
서울특별시경찰청,서울특별시,종로구,종로1가,37.5702572573332,126.980149990907,10015,1375,1180,337,3242,715,78,3088
서울특별시경찰청,서울특별시,종로구,종로2가,37.570889038138,126.988250180457,10015,1375,1180,337,3242,715,78,3088
서울특별시경찰청,서울특별시,종로구,종로3가,37.5703884202892,126.992329841579,10015,1375,1180,337,3242,715,78,3088
서울특별시경찰청,서울특별시,종로구,종로4가,37.5707454633722,126.999764551274,10015,1375,1180,337,3242,715,78,3088
서울특별시경찰청,서울특별시,종로구,종로5가,37.5706048556462,127.003527196401,10015,1375,1180,337,3242,715,78,3088
서울특별시경찰청,서울특별시,종로구,종로6가,37.5718912859017,127.007584281884,10015,1375,1180,337,3242,715,78,3088
서울특별시경찰청,서울특별시,종로구,중학동,37.5752847227306,126.979641505392,10015,1375,1180,337,3242,715,78,3088
서울특별시경찰청,서울특별시,종로구,창성동,37.580545072399,126.972462474485,10015,1375,1180,337,3242,715,78,3088
서울특별시경찰청,서울특별시,종로구,창신동,37.5752245135613,127.012828195947,10015,1375,1180,337,3242,715,78,3088
서울특별시경찰청,서울특별시,종로구,청운동,37.5891974378629,126.969329763593,10015,1375,1180,337,3242,715,78,3088
서울특별시경찰청,서울특별시,종로구,청진동,37.5714393638425,126.98015420508,10015,1375,1180,337,3242,715,78,3088
서울특별시경찰청,서울특별시,종로구,체부동,37.5775894297459,126.970869610418,10015,1375,1180,337,3242,715,78,3088
서울특별시경찰청,서울특별시,종로구,충신동,37.57494755381,127.00595899872,10015,1375,1180,337,3242,715,78,3088
서울특별시경찰청,서울특별시,종로구,통의동,37.5780584194585,126.972852824323,10015,1375,1180,337,3242,715,78,3088
서울특별시경찰청,서울특별시,종로구,통인동,37.5801444847072,126.97021199276,10015,1375,1180,337,3242,715,78,3088
서울특별시경찰청,서울특별시,종로구,팔판동,37.5828099987492,126.980676503591,10015,1375,1180,337,3242,715,78,3088
서울특별시경찰청,서울특별시,종로구,평동,37.5678972658597,126.966843743393,10015,1375,1180,337,3242,715,78,3088
서울특별시경찰청,서울특별시,종로구,평창동,37.6063916960376,126.968357810931,10015,1375,1180,337,3242,715,78,3088
서울특별시경찰청,서울특별시,종로구,필운동,37.5778012532177,126.967749538039,10015,1375,1180,337,3242,715,78,3088
서울특별시경찰청,서울특별시,종로구,행촌동,37.5733270930886,126.962272567935,10015,1375,1180,337,3242,715,78,3088
서울특별시경찰청,서울특별시,종로구,혜화동,37.5868624440018,127.00060686405,10015,1375,1180,337,3242,715,78,3088
서울특별시경찰청,서울특별시,종로구,홍지동,37.6007910021228,126.956587544473,10015,1375,1180,337,3242,715,78,3088
서울특별시경찰청,서울특별시,종로구,홍파동,37.5711327985698,126.963967103183,10015,1375,1180,337,3242,715,78,3088
서울특별시경찰청,서울특별시,종로구,화동,37.5806911752016,126.982696745397,10015,1375,1180,337,3242,715,78,3088
서울특별시경찰청,서울특별시,종로구,효자동,37.5826496685118,126.971931855344,10015,1375,1180,337,3242,715,78,3088
서울특별시경찰청,서울특별시,종로구,효제동,37.5725942661178,127.003056381131,10015,1375,1180,337,3242,715,78,3088
서울특별시경찰청,서울특별시,종로구,훈정동,37.5743637157987,126.994172362099,10015,1375,1180,337,3242,715,78,3088
서울특별시경찰청,서울특별시,중구,광희동1가,37.5652239855073,127.006451724415,9919,1396,1410,279,2628,717,72,3417
서울특별시경찰청,서울특별시,중구,광희동2가,37.5639300318235,127.008407470182,9919,1396,1410,279,2628,717,72,3417
서울특별시경찰청,서울특별시,중구,남대문로1가,37.5678610341137,126.982862710392,9919,1396,1410,279,2628,717,72,3417
서울특별시경찰청,서울특별시,중구,남대문로2가,37.5636983086304,126.982030616216,9919,1396,1410,279,2628,717,72,3417
서울특별시경찰청,서울특별시,중구,남대문로3가,37.5620113703841,126.980319690106,9919,1396,1410,279,2628,717,72,3417
서울특별시경찰청,서울특별시,중구,남대문로4가,37.5601075547158,126.975457960662,9919,1396,1410,279,2628,717,72,3417
서울특별시경찰청,서울특별시,중구,남대문로5가,37.5575773074594,126.97429533532,9919,1396,1410,279,2628,717,72,3417
서울특별시경찰청,서울특별시,중구,남산동1가,37.5593342411289,126.984580460713,9919,1396,1410,279,2628,717,72,3417
서울특별시경찰청,서울특별시,중구,남산동2가,37.5584190512113,126.986396022059,9919,1396,1410,279,2628,717,72,3417
서울특별시경찰청,서울특별시,중구,남산동3가,37.5607185451526,126.987762834453,9919,1396,1410,279,2628,717,72,3417
서울특별시경찰청,서울특별시,중구,남창동,37.5576969045759,126.977559311953,9919,1396,1410,279,2628,717,72,3417
서울특별시경찰청,서울특별시,중구,남학동,37.5605530385661,126.990814223458,9919,1396,1410,279,2628,717,72,3417
서울특별시경찰청,서울특별시,중구,다동,37.5678932127318,126.981173875618,9919,1396,1410,279,2628,717,72,3417
서울특별시경찰청,서울특별시,중구,만리동1가,37.5561628100871,126.967288060049,9919,1396,1410,279,2628,717,72,3417
서울특별시경찰청,서울특별시,중구,만리동2가,37.5545760844191,126.963956968884,9919,1396,1410,279,2628,717,72,3417
서울특별시경찰청,서울특별시,중구,명동1가,37.5642861263306,126.984638297227,9919,1396,1410,279,2628,717,72,3417
서울특별시경찰청,서울특별시,중구,명동2가,37.5628878550789,126.98522714432,9919,1396,1410,279,2628,717,72,3417
서울특별시경찰청,서울특별시,중구,무교동,37.5681523321125,126.978995985222,9919,1396,1410,279,2628,717,72,3417
서울특별시경찰청,서울특별시,중구,무학동,37.5643582177781,127.015271168107,9919,1396,1410,279,2628,717,72,3417
서울특별시경찰청,서울특별시,중구,묵정동,37.5614543921107,127.000371238419,9919,1396,1410,279,2628,717,72,3417
서울특별시경찰청,서울특별시,중구,방산동,37.5687055728614,127.002956612022,9919,1396,1410,279,2628,717,72,3417
서울특별시경찰청,서울특별시,중구,봉래동1가,37.5595051345956,126.972922937607,9919,1396,1410,279,2628,717,72,3417
서울특별시경찰청,서울특별시,중구,봉래동2가,37.556538587309,126.970968346946,9919,1396,1410,279,2628,717,72,3417
서울특별시경찰청,서울특별시,중구,북창동,37.5622200000299,126.978042381175,9919,1396,1410,279,2628,717,72,3417
서울특별시경찰청,서울특별시,중구,산림동,37.5677288451172,126.995508543908,9919,1396,1410,279,2628,717,72,3417
서울특별시경찰청,서울특별시,중구,삼각동,37.5680810670242,126.984225497316,9919,1396,1410,279,2628,717,72,3417
서울특별시경찰청,서울특별시,중구,서소문동,37.5631129454112,126.97389954989,9919,1396,1410,279,2628,717,72,3417
서울특별시경찰청,서울특별시,중구,소공동,37.5638997702148,126.97979400965,9919,1396,1410,279,2628,717,72,3417
서울특별시경찰청,서울특별시,중구,수표동,37.5674509569575,126.989500354867,9919,1396,1410,279,2628,717,72,3417
서울특별시경찰청,서울특별시,중구,수하동,37.5672666194383,126.984624102223,9919,1396,1410,279,2628,717,72,3417
서울특별시경찰청,서울특별시,중구,순화동,37.5625571795011,126.970694369794,9919,1396,1410,279,2628,717,72,3417
서울특별시경찰청,서울특별시,중구,신당동,37.5620157313145,127.014442188261,9919,1396,1410,279,2628,717,72,3417
서울특별시경찰청,서울특별시,중구,쌍림동,37.5635266097209,127.004210503561,9919,1396,1410,279,2628,717,72,3417
서울특별시경찰청,서울특별시,중구,예관동,37.5642150321273,126.998189014062,9919,1396,1410,279,2628,717,72,3417
서울특별시경찰청,서울특별시,중구,예장동,37.5552118678547,126.990086044965,9919,1396,1410,279,2628,717,72,3417
서울특별시경찰청,서울특별시,중구,오장동,37.5649106130902,127.000692708562,9919,1396,1410,279,2628,717,72,3417
서울특별시경찰청,서울특별시,중구,을지로1가,37.5660118254225,126.980508795796,9919,1396,1410,279,2628,717,72,3417
서울특별시경찰청,서울특별시,중구,을지로2가,37.5658609834049,126.984004114817,9919,1396,1410,279,2628,717,72,3417
서울특별시경찰청,서울특별시,중구,을지로3가,37.5664564985185,126.992696980394,9919,1396,1410,279,2628,717,72,3417
서울특별시경찰청,서울특별시,중구,을지로4가,37.5664927576673,126.998754909258,9919,1396,1410,279,2628,717,72,3417
서울특별시경찰청,서울특별시,중구,을지로5가,37.5666080666787,127.002431326396,9919,1396,1410,279,2628,717,72,3417
서울특별시경찰청,서울특별시,중구,을지로6가,37.5677719920145,127.00663305138,9919,1396,1410,279,2628,717,72,3417
서울특별시경찰청,서울특별시,중구,을지로7가,37.5661499837089,127.009743356347,9919,1396,1410,279,2628,717,72,3417
서울특별시경찰청,서울특별시,중구,의주로1가,37.5647873639982,126.968063019077,9919,1396,1410,279,2628,717,72,3417
서울특별시경찰청,서울특별시,중구,의주로2가,37.561054032064,126.969567667479,9919,1396,1410,279,2628,717,72,3417
서울특별시경찰청,서울특별시,중구,인현동1가,37.5637139255338,126.993729503193,9919,1396,1410,279,2628,717,72,3417
서울특별시경찰청,서울특별시,중구,인현동2가,37.5642041704529,126.996124490655,9919,1396,1410,279,2628,717,72,3417
서울특별시경찰청,서울특별시,중구,입정동,37.5678115982333,126.992728541874,9919,1396,1410,279,2628,717,72,3417
서울특별시경찰청,서울특별시,중구,장교동,37.5672452661542,126.986865292475,9919,1396,1410,279,2628,717,72,3417
서울특별시경찰청,서울특별시,중구,장충동1가,37.560654080316,127.007325089464,9919,1396,1410,279,2628,717,72,3417
서울특별시경찰청,서울특별시,중구,장충동2가,37.5550176670288,127.000602078813,9919,1396,1410,279,2628,717,72,3417
서울특별시경찰청,서울특별시,중구,저동1가,37.5644126337617,126.987789395082,9919,1396,1410,279,2628,717,72,3417
서울특별시경찰청,서울특별시,중구,저동2가,37.5642218113844,126.989776983466,9919,1396,1410,279,2628,717,72,3417
서울특별시경찰청,서울특별시,중구,정동,37.5665870147753,126.973133171996,9919,1396,1410,279,2628,717,72,3417
서울특별시경찰청,서울특별시,중구,주교동,37.5682515063245,126.999357065301,9919,1396,1410,279,2628,717,72,3417
서울특별시경찰청,서울특별시,중구,주자동,37.5606394146993,126.989388129589,9919,1396,1410,279,2628,717,72,3417
서울특별시경찰청,서울특별시,중구,중림동,37.5591682266788,126.966186646494,9919,1396,1410,279,2628,717,72,3417
서울특별시경찰청,서울특별시,중구,초동,37.5644057983172,126.992181048279,9919,1396,1410,279,2628,717,72,3417
서울특별시경찰청,서울특별시,중구,충무로1가,37.5614350253016,126.982162451405,9919,1396,1410,279,2628,717,72,3417
서울특별시경찰청,서울특별시,중구,충무로2가,37.5620485933126,126.989609769072,9919,1396,1410,279,2628,717,72,3417
서울특별시경찰청,서울특별시,중구,충무로3가,37.5626722201464,126.991307446764,9919,1396,1410,279,2628,717,72,3417
서울특별시경찰청,서울특별시,중구,충무로4가,37.5622651534104,126.994327234401,9919,1396,1410,279,2628,717,72,3417
서울특별시경찰청,서울특별시,중구,충무로5가,37.5631302462416,126.99982795883,9919,1396,1410,279,2628,717,72,3417
서울특별시경찰청,서울특별시,중구,충정로1가,37.566510124401,126.968270553351,9919,1396,1410,279,2628,717,72,3417
서울특별시경찰청,서울특별시,중구,태평로1가,37.5677087157565,126.977234843742,9919,1396,1410,279,2628,717,72,3417
서울특별시경찰청,서울특별시,중구,태평로2가,37.5629837198074,126.976357967863,9919,1396,1410,279,2628,717,72,3417
서울특별시경찰청,서울특별시,중구,필동1가,37.561075732851,126.992453032787,9919,1396,1410,279,2628,717,72,3417
서울특별시경찰청,서울특별시,중구,필동2가,37.5593207097698,126.994626250771,9919,1396,1410,279,2628,717,72,3417
서울특별시경찰청,서울특별시,중구,필동3가,37.5584990846546,126.997003047238,9919,1396,1410,279,2628,717,72,3417
서울특별시경찰청,서울특별시,중구,황학동,37.5674999372119,127.021415848975,9919,1396,1410,279,2628,717,72,3417
서울특별시경찰청,서울특별시,중구,회현동1가,37.5555892070291,126.981204133005,9919,1396,1410,279,2628,717,72,3417
서울특별시경찰청,서울특별시,중구,회현동2가,37.5587537703497,126.982919122029,9919,1396,1410,279,2628,717,72,3417
서울특별시경찰청,서울특별시,중구,회현동3가,37.5601522772217,126.984059661953,9919,1396,1410,279,2628,717,72,3417
서울특별시경찰청,서울특별시,중구,흥인동,37.5672917152733,127.016358403205,9919,1396,1410,279,2628,717,72,3417
서울특별시경찰청,서울특별시,중랑구,망우동,37.5955130359785,127.103962394815,10744,1596,1439,268,3296,1051,95,2999
서울특별시경찰청,서울특별시,중랑구,면목동,37.5803715762431,127.087661590766,10744,1596,1439,268,3296,1051,95,2999
서울특별시경찰청,서울특별시,중랑구,묵동,37.6123807746798,127.079182031593,10744,1596,1439,268,3296,1051,95,2999
서울특별시경찰청,서울특별시,중랑구,상봉동,37.596768819552,127.088754299651,10744,1596,1439,268,3296,1051,95,2999
서울특별시경찰청,서울특별시,중랑구,신내동,37.6058747809887,127.09936528756,10744,1596,1439,268,3296,1051,95,2999
서울특별시경찰청,서울특별시,중랑구,중화동,37.5994618167452,127.077320262185,10744,1596,1439,268,3296,1051,95,2999
경기북부경찰청,경기도,가평군,가평읍,37.8253637998687,127.51653874145,2314,308,139,51,757,342,15,702
경기북부경찰청,경기도,가평군,북면,37.8881266033117,127.549275493771,2314,308,139,51,757,342,15,702
경기북부경찰청,경기도,가평군,상면,37.80471517536,127.356786438653,2314,308,139,51,757,342,15,702
경기북부경찰청,경기도,가평군,설악면,37.6762190394324,127.494704548432,2314,308,139,51,757,342,15,702
경기북부경찰청,경기도,가평군,조종면,37.8175158053298,127.353241002492,2314,308,139,51,757,342,15,702
경기북부경찰청,경기도,가평군,청평면,37.7404626327354,127.424141651948,2314,308,139,51,757,342,15,702
경기북부경찰청,경기도,고양시,강매동,37.6044783297961,126.842708196498,26595,3797,2645,679,7828,3548,447,7651
경기북부경찰청,경기도,고양시,고양동,37.7033600247221,126.903747900242,26595,3797,2645,679,7828,3548,447,7651
경기북부경찰청,경기도,고양시,관산동,37.6879882033154,126.862553908166,26595,3797,2645,679,7828,3548,447,7651
경기북부경찰청,경기도,고양시,내곡동,37.6390530820556,126.805441236469,26595,3797,2645,679,7828,3548,447,7651
경기북부경찰청,경기도,고양시,내유동,37.7230475229124,126.854072808634,26595,3797,2645,679,7828,3548,447,7651
경기북부경찰청,경기도,고양시,대자동,37.6979202384041,126.885902885149,26595,3797,2645,679,7828,3548,447,7651
경기북부경찰청,경기도,고양시,대장동,37.6395209441555,126.8186055475,26595,3797,2645,679,7828,3548,447,7651
경기북부경찰청,경기도,고양시,덕은동,37.5806237278263,126.856900757063,26595,3797,2645,679,7828,3548,447,7651
경기북부경찰청,경기도,고양시,도내동,37.6251535449341,126.862375162762,26595,3797,2645,679,7828,3548,447,7651
경기북부경찰청,경기도,고양시,동산동,37.6427193986967,126.898129191493,26595,3797,2645,679,7828,3548,447,7651
경기북부경찰청,경기도,고양시,벽제동,37.7260343599755,126.911209639069,26595,3797,2645,679,7828,3548,447,7651
경기북부경찰청,경기도,고양시,북한동,37.6463710691737,126.971450117173,26595,3797,2645,679,7828,3548,447,7651
경기북부경찰청,경기도,고양시,삼송동,37.6507863862193,126.891595598802,26595,3797,2645,679,7828,3548,447,7651
경기북부경찰청,경기도,고양시,선유동,37.69313154028,126.912201298176,26595,3797,2645,679,7828,3548,447,7651
경기북부경찰청,경기도,고양시,성사동,37.6546360151586,126.841233504888,26595,3797,2645,679,7828,3548,447,7651
경기북부경찰청,경기도,고양시,신원동,37.6777544978936,126.87686960269,26595,3797,2645,679,7828,3548,447,7651
경기북부경찰청,경기도,고양시,신평동,37.6239947341865,126.782131832295,26595,3797,2645,679,7828,3548,447,7651
경기북부경찰청,경기도,고양시,오금동,37.6674216564204,126.903526840599,26595,3797,2645,679,7828,3548,447,7651
경기북부경찰청,경기도,고양시,용두동,37.6248759311811,126.889716565612,26595,3797,2645,679,7828,3548,447,7651
경기북부경찰청,경기도,고양시,원당동,37.6716845717211,126.856884767942,26595,3797,2645,679,7828,3548,447,7651
경기북부경찰청,경기도,고양시,원흥동,37.6475978173957,126.871008999634,26595,3797,2645,679,7828,3548,447,7651
경기북부경찰청,경기도,고양시,주교동,37.6594130234869,126.829613718048,26595,3797,2645,679,7828,3548,447,7651
경기북부경찰청,경기도,고양시,지축동,37.653927357003,126.921322354072,26595,3797,2645,679,7828,3548,447,7651
경기북부경찰청,경기도,고양시,토당동,37.6246576578673,126.818188559184,26595,3797,2645,679,7828,3548,447,7651
경기북부경찰청,경기도,고양시,행신동,37.6223556606646,126.836037177307,26595,3797,2645,679,7828,3548,447,7651
경기북부경찰청,경기도,고양시,행주내동,37.6053787241079,126.826837872877,26595,3797,2645,679,7828,3548,447,7651
경기북부경찰청,경기도,고양시,행주외동,37.605504017544,126.814425490911,26595,3797,2645,679,7828,3548,447,7651
경기북부경찰청,경기도,고양시,향동동,37.5999325614608,126.89319590984,26595,3797,2645,679,7828,3548,447,7651
경기북부경찰청,경기도,고양시,현천동,37.5914278541119,126.850620844499,26595,3797,2645,679,7828,3548,447,7651
경기북부경찰청,경기도,고양시,화전동,37.6000455360805,126.872658393587,26595,3797,2645,679,7828,3548,447,7651
경기북부경찰청,경기도,고양시,화정동,37.6389774936,126.833789043216,26595,3797,2645,679,7828,3548,447,7651
경기북부경찰청,경기도,고양시,효자동,37.6615865468446,126.94910836946,26595,3797,2645,679,7828,3548,447,7651
경기북부경찰청,경기도,고양시,마두동,37.6557662385335,126.789654489141,26595,3797,2645,679,7828,3548,447,7651
경기북부경찰청,경기도,고양시,문봉동,37.6994044182205,126.82632004877,26595,3797,2645,679,7828,3548,447,7651
경기북부경찰청,경기도,고양시,백석동,37.6500444005323,126.792363029713,26595,3797,2645,679,7828,3548,447,7651
경기북부경찰청,경기도,고양시,사리현동,37.6970617224312,126.841560346253,26595,3797,2645,679,7828,3548,447,7651
경기북부경찰청,경기도,고양시,산황동,37.6511124918692,126.808043294813,26595,3797,2645,679,7828,3548,447,7651
경기북부경찰청,경기도,고양시,설문동,37.7208022679854,126.806484366277,26595,3797,2645,679,7828,3548,447,7651
경기북부경찰청,경기도,고양시,성석동,37.7025554766227,126.795627607807,26595,3797,2645,679,7828,3548,447,7651
경기북부경찰청,경기도,고양시,식사동,37.6773400834299,126.813707127491,26595,3797,2645,679,7828,3548,447,7651
경기북부경찰청,경기도,고양시,장항동,37.6417251521377,126.770233007352,26595,3797,2645,679,7828,3548,447,7651
경기북부경찰청,경기도,고양시,정발산동,37.6724381065507,126.779859287091,26595,3797,2645,679,7828,3548,447,7651
경기북부경찰청,경기도,고양시,중산동,37.6918173956873,126.780441473585,26595,3797,2645,679,7828,3548,447,7651
경기북부경찰청,경기도,고양시,지영동,37.7121762060364,126.828499492908,26595,3797,2645,679,7828,3548,447,7651
경기북부경찰청,경기도,고양시,풍동,37.6713315306858,126.793718327241,26595,3797,2645,679,7828,3548,447,7651
경기북부경찰청,경기도,고양시,가좌동,37.6911246251366,126.72044790598,26595,3797,2645,679,7828,3548,447,7651
경기북부경찰청,경기도,고양시,구산동,37.6833625400509,126.680966363874,26595,3797,2645,679,7828,3548,447,7651
경기북부경찰청,경기도,고양시,대화동,37.6829848694343,126.755141409924,26595,3797,2645,679,7828,3548,447,7651
경기북부경찰청,경기도,고양시,덕이동,37.6957282376739,126.738350133303,26595,3797,2645,679,7828,3548,447,7651
경기북부경찰청,경기도,고양시,법곳동,37.6654062257198,126.714043222709,26595,3797,2645,679,7828,3548,447,7651
경기북부경찰청,경기도,고양시,일산동,37.6871456348795,126.768555621104,26595,3797,2645,679,7828,3548,447,7651
경기북부경찰청,경기도,고양시,주엽동,37.6700959284218,126.763299407637,26595,3797,2645,679,7828,3548,447,7651
경기북부경찰청,경기도,고양시,탄현동,37.6943496272333,126.76845159422,26595,3797,2645,679,7828,3548,447,7651
경기남부경찰청,경기도,과천시,갈현동,37.4193686010043,126.989141490813,1677,182,327,25,559,155,30,399
경기남부경찰청,경기도,과천시,과천동,37.4484033595933,126.995461441865,1677,182,327,25,559,155,30,399
경기남부경찰청,경기도,과천시,관문동,37.4416775624031,126.987027394545,1677,182,327,25,559,155,30,399
경기남부경찰청,경기도,과천시,막계동,37.427933271699,127.025289695584,1677,182,327,25,559,155,30,399
경기남부경찰청,경기도,과천시,문원동,37.4263177351366,127.001866408137,1677,182,327,25,559,155,30,399
경기남부경찰청,경기도,과천시,별양동,37.4242344328095,126.993763748511,1677,182,327,25,559,155,30,399
경기남부경찰청,경기도,과천시,부림동,37.4334610032568,126.99861248972,1677,182,327,25,559,155,30,399
경기남부경찰청,경기도,과천시,원문동,37.421657400959,126.991789216938,1677,182,327,25,559,155,30,399
경기남부경찰청,경기도,과천시,주암동,37.4469275584607,127.020793782074,1677,182,327,25,559,155,30,399
경기남부경찰청,경기도,과천시,중앙동,37.4331544846925,126.993455678529,1677,182,327,25,559,155,30,399
경기남부경찰청,경기도,광명시,가학동,37.4147979908058,126.859037771128,7241,1100,872,139,2172,868,73,2017
경기남부경찰청,경기도,광명시,광명동,37.4886276698915,126.862684820612,7241,1100,872,139,2172,868,73,2017
경기남부경찰청,경기도,광명시,노온사동,37.4406866721118,126.850780888447,7241,1100,872,139,2172,868,73,2017
경기남부경찰청,경기도,광명시,소하동,37.4522110542156,126.885011358569,7241,1100,872,139,2172,868,73,2017
경기남부경찰청,경기도,광명시,옥길동,37.4664080619694,126.836618006003,7241,1100,872,139,2172,868,73,2017
경기남부경찰청,경기도,광명시,일직동,37.4191474463951,126.881419847337,7241,1100,872,139,2172,868,73,2017
경기남부경찰청,경기도,광명시,철산동,37.490749226867,126.867941213494,7241,1100,872,139,2172,868,73,2017
경기남부경찰청,경기도,광명시,하안동,37.4651620028157,126.869225117896,7241,1100,872,139,2172,868,73,2017
경기남부경찰청,경기도,광주시,경안동,37.4109187336635,127.257276415026,11494,1682,1015,192,3617,2144,93,2751
경기남부경찰청,경기도,광주시,곤지암읍,37.3509574082877,127.352424727227,11494,1682,1015,192,3617,2144,93,2751
경기남부경찰청,경기도,광주시,남종면,37.494164363366,127.301699267454,11494,1682,1015,192,3617,2144,93,2751
경기남부경찰청,경기도,광주시,남한산성면,37.4633196400434,127.244655878545,11494,1682,1015,192,3617,2144,93,2751
경기남부경찰청,경기도,광주시,도척면,37.304572735578,127.331124360872,11494,1682,1015,192,3617,2144,93,2751
경기남부경찰청,경기도,광주시,목동,37.3832800963444,127.196642060218,11494,1682,1015,192,3617,2144,93,2751
경기남부경찰청,경기도,광주시,목현동,37.4344018885216,127.21437966921,11494,1682,1015,192,3617,2144,93,2751
경기남부경찰청,경기도,광주시,삼동,37.4165877913411,127.199517058081,11494,1682,1015,192,3617,2144,93,2751
경기남부경찰청,경기도,광주시,송정동,37.4258988176257,127.258199853527,11494,1682,1015,192,3617,2144,93,2751
경기남부경찰청,경기도,광주시,쌍령동,37.3998721966226,127.270226594042,11494,1682,1015,192,3617,2144,93,2751
경기남부경찰청,경기도,광주시,역동,37.3991606163857,127.251331835509,11494,1682,1015,192,3617,2144,93,2751
경기남부경찰청,경기도,광주시,오포읍,37.3660957187078,127.228738715704,11494,1682,1015,192,3617,2144,93,2751
경기남부경찰청,경기도,광주시,장지동,37.4053445580377,127.232264457828,11494,1682,1015,192,3617,2144,93,2751
경기남부경찰청,경기도,광주시,중대동,37.4077895035703,127.216336928698,11494,1682,1015,192,3617,2144,93,2751
경기남부경찰청,경기도,광주시,직동,37.3999774308974,127.185739634308,11494,1682,1015,192,3617,2144,93,2751
경기남부경찰청,경기도,광주시,초월읍,37.3852482375457,127.287960741314,11494,1682,1015,192,3617,2144,93,2751
경기남부경찰청,경기도,광주시,탄벌동,37.4196823992846,127.246095404439,11494,1682,1015,192,3617,2144,93,2751
경기남부경찰청,경기도,광주시,태전동,37.3942030308823,127.211857456814,11494,1682,1015,192,3617,2144,93,2751
경기남부경찰청,경기도,광주시,퇴촌면,37.4666662497917,127.307068858523,11494,1682,1015,192,3617,2144,93,2751
경기남부경찰청,경기도,광주시,회덕동,37.4385588695915,127.245126672849,11494,1682,1015,192,3617,2144,93,2751
경기북부경찰청,경기도,구리시,갈매동,37.6348963795759,127.116243895002,5387,714,572,149,1447,952,48,1505
경기북부경찰청,경기도,구리시,교문동,37.6011550888302,127.127773819015,5387,714,572,149,1447,952,48,1505
경기북부경찰청,경기도,구리시,사노동,37.636453020868,127.13973938627,5387,714,572,149,1447,952,48,1505
경기북부경찰청,경기도,구리시,수택동,37.5965169131568,127.149171916297,5387,714,572,149,1447,952,48,1505
경기북부경찰청,경기도,구리시,아천동,37.5681673219844,127.114324507713,5387,714,572,149,1447,952,48,1505
경기북부경찰청,경기도,구리시,인창동,37.6053796571648,127.133624687411,5387,714,572,149,1447,952,48,1505
경기북부경찰청,경기도,구리시,토평동,37.5825944751508,127.152241676825,5387,714,572,149,1447,952,48,1505
경기남부경찰청,경기도,군포시,금정동,37.3653967180722,126.939356947385,6274,778,876,139,2162,757,49,1513
경기남부경찰청,경기도,군포시,당동,37.3484980211551,126.941302738524,6274,778,876,139,2162,757,49,1513
경기남부경찰청,경기도,군포시,당정동,37.3598932179135,126.955516624113,6274,778,876,139,2162,757,49,1513
경기남부경찰청,경기도,군포시,대야미동,37.3291267066199,126.918408202119,6274,778,876,139,2162,757,49,1513
경기남부경찰청,경기도,군포시,도마교동,37.3120385992335,126.922411031505,6274,778,876,139,2162,757,49,1513
경기남부경찰청,경기도,군포시,둔대동,37.326250514049,126.891382076884,6274,778,876,139,2162,757,49,1513
경기남부경찰청,경기도,군포시,부곡동,37.3301202778155,126.933856423225,6274,778,876,139,2162,757,49,1513
경기남부경찰청,경기도,군포시,산본동,37.3733541681046,126.93856024766,6274,778,876,139,2162,757,49,1513
경기남부경찰청,경기도,군포시,속달동,37.3435977434035,126.900227468514,6274,778,876,139,2162,757,49,1513
경기남부경찰청,경기도,김포시,감정동,37.6285406025521,126.68937539428,16015,2073,1964,253,5198,2599,239,3689
경기남부경찰청,경기도,김포시,걸포동,37.640213968007,126.719691582135,16015,2073,1964,253,5198,2599,239,3689
경기남부경찰청,경기도,김포시,고촌읍,37.6034741003733,126.770844457664,16015,2073,1964,253,5198,2599,239,3689
경기남부경찰청,경기도,김포시,구래동,37.6464770568314,126.623671091844,16015,2073,1964,253,5198,2599,239,3689
경기남부경찰청,경기도,김포시,대곶면,37.6490825257212,126.581881121041,16015,2073,1964,253,5198,2599,239,3689
경기남부경찰청,경기도,김포시,마산동,37.6404503702468,126.640710327775,16015,2073,1964,253,5198,2599,239,3689
경기남부경찰청,경기도,김포시,북변동,37.6260658189392,126.711094661538,16015,2073,1964,253,5198,2599,239,3689
경기남부경찰청,경기도,김포시,사우동,37.6193581588087,126.716738801056,16015,2073,1964,253,5198,2599,239,3689
경기남부경찰청,경기도,김포시,양촌읍,37.6571252239983,126.625498579495,16015,2073,1964,253,5198,2599,239,3689
경기남부경찰청,경기도,김포시,운양동,37.6513367527863,126.683097821946,16015,2073,1964,253,5198,2599,239,3689
경기남부경찰청,경기도,김포시,월곶면,37.7150895643422,126.552911756013,16015,2073,1964,253,5198,2599,239,3689
경기남부경찰청,경기도,김포시,장기동,37.6397252396072,126.671359353779,16015,2073,1964,253,5198,2599,239,3689
경기남부경찰청,경기도,김포시,통진읍,37.6917738513533,126.597292432701,16015,2073,1964,253,5198,2599,239,3689
경기남부경찰청,경기도,김포시,풍무동,37.6021763512159,126.722044880847,16015,2073,1964,253,5198,2599,239,3689
경기남부경찰청,경기도,김포시,하성면,37.7201501293668,126.63124283591,16015,2073,1964,253,5198,2599,239,3689
경기북부경찰청,경기도,남양주시,금곡동,37.6256794631023,127.200659122727,17045,2284,1566,416,5190,2487,108,4994
경기북부경찰청,경기도,남양주시,다산동,37.613445683167,127.159444527968,17045,2284,1566,416,5190,2487,108,4994
경기북부경찰청,경기도,남양주시,도농동,37.6002568948232,127.15271703503,17045,2284,1566,416,5190,2487,108,4994
경기북부경찰청,경기도,남양주시,별내동,37.6462754221373,127.121981563821,17045,2284,1566,416,5190,2487,108,4994
경기북부경찰청,경기도,남양주시,별내면,37.7026376364435,127.124872496413,17045,2284,1566,416,5190,2487,108,4994
경기북부경찰청,경기도,남양주시,삼패동,37.596446220339,127.199475419571,17045,2284,1566,416,5190,2487,108,4994
경기북부경찰청,경기도,남양주시,수동면,37.7035394039184,127.326105393643,17045,2284,1566,416,5190,2487,108,4994
경기북부경찰청,경기도,남양주시,수석동,37.5872355032202,127.171294960296,17045,2284,1566,416,5190,2487,108,4994
경기북부경찰청,경기도,남양주시,오남읍,37.6988320956873,127.204693271504,17045,2284,1566,416,5190,2487,108,4994
경기북부경찰청,경기도,남양주시,와부읍,37.5854310580653,127.216655241381,17045,2284,1566,416,5190,2487,108,4994
경기북부경찰청,경기도,남양주시,이패동,37.6104709089264,127.200600133833,17045,2284,1566,416,5190,2487,108,4994
경기북부경찰청,경기도,남양주시,일패동,37.6189331796268,127.182726309182,17045,2284,1566,416,5190,2487,108,4994
경기북부경찰청,경기도,남양주시,조안면,37.5358655285052,127.303396885845,17045,2284,1566,416,5190,2487,108,4994
경기북부경찰청,경기도,남양주시,지금동,37.6017818527819,127.163129485516,17045,2284,1566,416,5190,2487,108,4994
경기북부경찰청,경기도,남양주시,진건읍,37.6546702452519,127.177723349459,17045,2284,1566,416,5190,2487,108,4994
경기북부경찰청,경기도,남양주시,진접읍,37.7263040754258,127.189895565055,17045,2284,1566,416,5190,2487,108,4994
경기북부경찰청,경기도,남양주시,퇴계원면,37.6474171947576,127.14191739863,17045,2284,1566,416,5190,2487,108,4994
경기북부경찰청,경기도,남양주시,평내동,37.6483691097276,127.23609678062,17045,2284,1566,416,5190,2487,108,4994
경기북부경찰청,경기도,남양주시,호평동,37.6548880029094,127.248669169781,17045,2284,1566,416,5190,2487,108,4994
경기북부경찰청,경기도,남양주시,화도읍,37.6579103478731,127.300352454876,17045,2284,1566,416,5190,2487,108,4994
경기북부경찰청,경기도,동두천시,걸산동,37.9257257657794,127.093538535684,3077,569,360,100,862,383,39,764
경기북부경찰청,경기도,동두천시,광암동,37.9056148979391,127.100153590542,3077,569,360,100,862,383,39,764
경기북부경찰청,경기도,동두천시,동두천동,37.9335231082184,127.055619450733,3077,569,360,100,862,383,39,764
경기북부경찰청,경기도,동두천시,보산동,37.9177069813311,127.061284747582,3077,569,360,100,862,383,39,764
경기북부경찰청,경기도,동두천시,상봉암동,37.9480288895437,127.061510165708,3077,569,360,100,862,383,39,764
경기북부경찰청,경기도,동두천시,상패동,37.9053716773163,127.04430940811,3077,569,360,100,862,383,39,764
경기북부경찰청,경기도,동두천시,생연동,37.9073618412166,127.065583509011,3077,569,360,100,862,383,39,764
경기북부경찰청,경기도,동두천시,송내동,37.8787600388411,127.069386418641,3077,569,360,100,862,383,39,764
경기북부경찰청,경기도,동두천시,안흥동,37.9305981459785,127.033068239674,3077,569,360,100,862,383,39,764
경기북부경찰청,경기도,동두천시,지행동,37.8898229961777,127.064221938883,3077,569,360,100,862,383,39,764
경기북부경찰청,경기도,동두천시,탑동동,37.8837953102198,127.114528793769,3077,569,360,100,862,383,39,764
경기북부경찰청,경기도,동두천시,하봉암동,37.9665340312146,127.074153004513,3077,569,360,100,862,383,39,764
경기남부경찰청,경기도,부천시,계수동,37.4652118751891,126.808085534087,26541,3903,3659,627,7752,3458,373,6769
경기남부경찰청,경기도,부천시,고강동,37.5295501272999,126.812115826118,26541,3903,3659,627,7752,3458,373,6769
경기남부경찰청,경기도,부천시,괴안동,37.4781089075971,126.806971737464,26541,3903,3659,627,7752,3458,373,6769
경기남부경찰청,경기도,부천시,내동,37.5208793946722,126.781020261773,26541,3903,3659,627,7752,3458,373,6769
경기남부경찰청,경기도,부천시,대장동,37.5420606337395,126.775549618468,26541,3903,3659,627,7752,3458,373,6769
경기남부경찰청,경기도,부천시,도당동,37.5162680495922,126.785924784297,26541,3903,3659,627,7752,3458,373,6769
경기남부경찰청,경기도,부천시,범박동,37.4705701165852,126.809717772683,26541,3903,3659,627,7752,3458,373,6769
경기남부경찰청,경기도,부천시,삼정동,37.5241721607675,126.767154981449,26541,3903,3659,627,7752,3458,373,6769
경기남부경찰청,경기도,부천시,상동,37.4949021135949,126.760804751664,26541,3903,3659,627,7752,3458,373,6769
경기남부경찰청,경기도,부천시,소사동,37.4858944080461,126.794618231381,26541,3903,3659,627,7752,3458,373,6769
경기남부경찰청,경기도,부천시,소사본동,37.4732983877814,126.794657224748,26541,3903,3659,627,7752,3458,373,6769
경기남부경찰청,경기도,부천시,송내동,37.4839506166478,126.756068319829,26541,3903,3659,627,7752,3458,373,6769
경기남부경찰청,경기도,부천시,심곡동,37.4911478996839,126.78385709779,26541,3903,3659,627,7752,3458,373,6769
경기남부경찰청,경기도,부천시,심곡본동,37.4807252331302,126.780047593719,26541,3903,3659,627,7752,3458,373,6769
경기남부경찰청,경기도,부천시,약대동,37.5132817149293,126.771283379886,26541,3903,3659,627,7752,3458,373,6769
경기남부경찰청,경기도,부천시,여월동,37.5128190218346,126.798213723457,26541,3903,3659,627,7752,3458,373,6769
경기남부경찰청,경기도,부천시,역곡동,37.4892860499492,126.816680853404,26541,3903,3659,627,7752,3458,373,6769
경기남부경찰청,경기도,부천시,오정동,37.5340887563476,126.783353077272,26541,3903,3659,627,7752,3458,373,6769
경기남부경찰청,경기도,부천시,옥길동,37.4702316734492,126.828786995714,26541,3903,3659,627,7752,3458,373,6769
경기남부경찰청,경기도,부천시,원미동,37.4945152063199,126.78847467442,26541,3903,3659,627,7752,3458,373,6769
경기남부경찰청,경기도,부천시,원종동,37.5259638814999,126.805278275373,26541,3903,3659,627,7752,3458,373,6769
경기남부경찰청,경기도,부천시,작동,37.5132913436022,126.815988741765,26541,3903,3659,627,7752,3458,373,6769
경기남부경찰청,경기도,부천시,중동,37.500092215722,126.77003891891,26541,3903,3659,627,7752,3458,373,6769
경기남부경찰청,경기도,부천시,춘의동,37.5026880955635,126.785904754648,26541,3903,3659,627,7752,3458,373,6769
경기남부경찰청,경기도,성남시,구미동,37.3402676009464,127.12270368209,28987,3885,3074,658,8728,4035,211,8396
경기남부경찰청,경기도,성남시,궁내동,37.3713693312792,127.092994884379,28987,3885,3074,658,8728,4035,211,8396
경기남부경찰청,경기도,성남시,금곡동,37.3515853425122,127.10701559073,28987,3885,3074,658,8728,4035,211,8396
경기남부경찰청,경기도,성남시,대장동,37.3709489947973,127.063776987593,28987,3885,3074,658,8728,4035,211,8396
경기남부경찰청,경기도,성남시,동원동,37.357513842394,127.079992594825,28987,3885,3074,658,8728,4035,211,8396
경기남부경찰청,경기도,성남시,백현동,37.3885490672089,127.110871319215,28987,3885,3074,658,8728,4035,211,8396
경기남부경찰청,경기도,성남시,분당동,37.3701870959083,127.131129158742,28987,3885,3074,658,8728,4035,211,8396
경기남부경찰청,경기도,성남시,삼평동,37.4061209184777,127.116359386936,28987,3885,3074,658,8728,4035,211,8396
경기남부경찰청,경기도,성남시,서현동,37.382810528148,127.126083586929,28987,3885,3074,658,8728,4035,211,8396
경기남부경찰청,경기도,성남시,석운동,37.3789058254178,127.041857082732,28987,3885,3074,658,8728,4035,211,8396
경기남부경찰청,경기도,성남시,수내동,37.3754592998368,127.118005540215,28987,3885,3074,658,8728,4035,211,8396
경기남부경찰청,경기도,성남시,야탑동,37.4120856880186,127.130167470751,28987,3885,3074,658,8728,4035,211,8396
경기남부경찰청,경기도,성남시,운중동,37.3904712214133,127.077769102887,28987,3885,3074,658,8728,4035,211,8396
경기남부경찰청,경기도,성남시,율동,37.3861700905772,127.158569043741,28987,3885,3074,658,8728,4035,211,8396
경기남부경찰청,경기도,성남시,이매동,37.3995791810404,127.127177813535,28987,3885,3074,658,8728,4035,211,8396
경기남부경찰청,경기도,성남시,정자동,37.361449216955,127.1115403336,28987,3885,3074,658,8728,4035,211,8396
경기남부경찰청,경기도,성남시,판교동,37.3898680691971,127.09878136729,28987,3885,3074,658,8728,4035,211,8396
경기남부경찰청,경기도,성남시,하산운동,37.3844301661676,127.078670706394,28987,3885,3074,658,8728,4035,211,8396
경기남부경찰청,경기도,성남시,고등동,37.4288120926978,127.104879332463,28987,3885,3074,658,8728,4035,211,8396
경기남부경찰청,경기도,성남시,금토동,37.4100535546782,127.075701946878,28987,3885,3074,658,8728,4035,211,8396
경기남부경찰청,경기도,성남시,단대동,37.4493897577629,127.155361716912,28987,3885,3074,658,8728,4035,211,8396
경기남부경찰청,경기도,성남시,둔전동,37.4335648993111,127.113708186792,28987,3885,3074,658,8728,4035,211,8396
경기남부경찰청,경기도,성남시,복정동,37.4658074787093,127.127149746638,28987,3885,3074,658,8728,4035,211,8396
경기남부경찰청,경기도,성남시,사송동,37.4147670113408,127.112730888795,28987,3885,3074,658,8728,4035,211,8396
경기남부경찰청,경기도,성남시,산성동,37.4522438484415,127.15002866944,28987,3885,3074,658,8728,4035,211,8396
경기남부경찰청,경기도,성남시,상적동,37.4214831902665,127.05395515625,28987,3885,3074,658,8728,4035,211,8396
경기남부경찰청,경기도,성남시,수진동,37.4385763091098,127.139027108809,28987,3885,3074,658,8728,4035,211,8396
경기남부경찰청,경기도,성남시,시흥동,37.4219760338025,127.10792908263,28987,3885,3074,658,8728,4035,211,8396
경기남부경찰청,경기도,성남시,신촌동,37.4581092778006,127.109079606758,28987,3885,3074,658,8728,4035,211,8396
경기남부경찰청,경기도,성남시,신흥동,37.4431149209876,127.141137377657,28987,3885,3074,658,8728,4035,211,8396
경기남부경찰청,경기도,성남시,심곡동,37.4468634389175,127.102359551351,28987,3885,3074,658,8728,4035,211,8396
경기남부경찰청,경기도,성남시,양지동,37.454845967909,127.160987909728,28987,3885,3074,658,8728,4035,211,8396
경기남부경찰청,경기도,성남시,오야동,37.4530218368565,127.111359718883,28987,3885,3074,658,8728,4035,211,8396
경기남부경찰청,경기도,성남시,창곡동,37.4683098541634,127.147827065531,28987,3885,3074,658,8728,4035,211,8396
경기남부경찰청,경기도,성남시,태평동,37.440818231851,127.125991008174,28987,3885,3074,658,8728,4035,211,8396
경기남부경찰청,경기도,성남시,갈현동,37.4203682785007,127.174574361606,28987,3885,3074,658,8728,4035,211,8396
경기남부경찰청,경기도,성남시,금광동,37.4450553893093,127.162431497209,28987,3885,3074,658,8728,4035,211,8396
경기남부경찰청,경기도,성남시,도촌동,37.4164952365565,127.152785946633,28987,3885,3074,658,8728,4035,211,8396
경기남부경찰청,경기도,성남시,상대원동,37.4333251526039,127.164335999581,28987,3885,3074,658,8728,4035,211,8396
경기남부경찰청,경기도,성남시,성남동,37.4353291482246,127.138944267643,28987,3885,3074,658,8728,4035,211,8396
경기남부경찰청,경기도,성남시,여수동,37.4211450154021,127.143744170308,28987,3885,3074,658,8728,4035,211,8396
경기남부경찰청,경기도,성남시,은행동,37.4521211053815,127.168879723867,28987,3885,3074,658,8728,4035,211,8396
경기남부경찰청,경기도,성남시,중앙동,37.4429300831519,127.156279509281,28987,3885,3074,658,8728,4035,211,8396
경기남부경찰청,경기도,성남시,하대원동,37.4282778582402,127.146360901903,28987,3885,3074,658,8728,4035,211,8396
경기남부경찰청,경기도,수원시,고색동,37.246196958883,126.984144062997,40371,5270,5042,1278,13034,5690,782,9275
경기남부경찰청,경기도,수원시,곡반정동,37.2380090692739,127.030211826582,40371,5270,5042,1278,13034,5690,782,9275
경기남부경찰청,경기도,수원시,구운동,37.2771111447238,126.971432311497,40371,5270,5042,1278,13034,5690,782,9275
경기남부경찰청,경기도,수원시,권선동,37.2576747662828,127.024596888703,40371,5270,5042,1278,13034,5690,782,9275
경기남부경찰청,경기도,수원시,금곡동,37.2727944144458,126.952325262645,40371,5270,5042,1278,13034,5690,782,9275
경기남부경찰청,경기도,수원시,당수동,37.2887192971881,126.940216969357,40371,5270,5042,1278,13034,5690,782,9275
경기남부경찰청,경기도,수원시,대황교동,37.2312001324973,127.014419418506,40371,5270,5042,1278,13034,5690,782,9275
경기남부경찰청,경기도,수원시,서둔동,37.2726049621065,126.986041722962,40371,5270,5042,1278,13034,5690,782,9275
경기남부경찰청,경기도,수원시,세류동,37.262117386159,127.008053643212,40371,5270,5042,1278,13034,5690,782,9275
경기남부경찰청,경기도,수원시,오목천동,37.2418690484095,126.969394427065,40371,5270,5042,1278,13034,5690,782,9275
경기남부경찰청,경기도,수원시,입북동,37.2932074338645,126.959521239451,40371,5270,5042,1278,13034,5690,782,9275
경기남부경찰청,경기도,수원시,장지동,37.2413968253861,127.010044011175,40371,5270,5042,1278,13034,5690,782,9275
경기남부경찰청,경기도,수원시,탑동,37.2648972568596,126.974151635341,40371,5270,5042,1278,13034,5690,782,9275
경기남부경찰청,경기도,수원시,평동,37.2580664266842,126.994138199612,40371,5270,5042,1278,13034,5690,782,9275
경기남부경찰청,경기도,수원시,평리동,37.2426838805781,126.996113965501,40371,5270,5042,1278,13034,5690,782,9275
경기남부경찰청,경기도,수원시,호매실동,37.2662474585702,126.95705992348,40371,5270,5042,1278,13034,5690,782,9275
경기남부경찰청,경기도,수원시,망포동,37.2407749027702,127.047776280369,40371,5270,5042,1278,13034,5690,782,9275
경기남부경찰청,경기도,수원시,매탄동,37.2704256011139,127.040340286559,40371,5270,5042,1278,13034,5690,782,9275
경기남부경찰청,경기도,수원시,신동,37.2476019257228,127.045995242628,40371,5270,5042,1278,13034,5690,782,9275
경기남부경찰청,경기도,수원시,영통동,37.2663467845114,127.080545438494,40371,5270,5042,1278,13034,5690,782,9275
경기남부경찰청,경기도,수원시,원천동,37.2734624286598,127.053213432207,40371,5270,5042,1278,13034,5690,782,9275
경기남부경찰청,경기도,수원시,이의동,37.3036861320947,127.046372274239,40371,5270,5042,1278,13034,5690,782,9275
경기남부경찰청,경기도,수원시,하동,37.2899942604676,127.074128958987,40371,5270,5042,1278,13034,5690,782,9275
경기남부경찰청,경기도,수원시,상광교동,37.3353165774222,127.01766207149,40371,5270,5042,1278,13034,5690,782,9275
경기남부경찰청,경기도,수원시,송죽동,37.3005053421742,127.006983971536,40371,5270,5042,1278,13034,5690,782,9275
경기남부경찰청,경기도,수원시,연무동,37.2905417315217,127.021472428994,40371,5270,5042,1278,13034,5690,782,9275
경기남부경찰청,경기도,수원시,영화동,37.2931846908547,127.014029745892,40371,5270,5042,1278,13034,5690,782,9275
경기남부경찰청,경기도,수원시,율전동,37.3028804285456,126.969789313003,40371,5270,5042,1278,13034,5690,782,9275
경기남부경찰청,경기도,수원시,이목동,37.3189026787412,126.97819910328,40371,5270,5042,1278,13034,5690,782,9275
경기남부경찰청,경기도,수원시,정자동,37.3017558325298,126.990841281045,40371,5270,5042,1278,13034,5690,782,9275
경기남부경찰청,경기도,수원시,조원동,37.3019100094318,127.01653986805,40371,5270,5042,1278,13034,5690,782,9275
경기남부경찰청,경기도,수원시,천천동,37.2920047534452,126.977119691468,40371,5270,5042,1278,13034,5690,782,9275
경기남부경찰청,경기도,수원시,파장동,37.3103196025958,126.997419023951,40371,5270,5042,1278,13034,5690,782,9275
경기남부경찰청,경기도,수원시,하광교동,37.3176939490746,127.028167877793,40371,5270,5042,1278,13034,5690,782,9275
경기남부경찰청,경기도,수원시,고등동,37.2734455492436,127.001168088516,40371,5270,5042,1278,13034,5690,782,9275
경기남부경찰청,경기도,수원시,교동,37.2733258966493,127.013065432691,40371,5270,5042,1278,13034,5690,782,9275
경기남부경찰청,경기도,수원시,구천동,37.2736568205915,127.018076107464,40371,5270,5042,1278,13034,5690,782,9275
경기남부경찰청,경기도,수원시,남수동,37.2796612170413,127.018943533342,40371,5270,5042,1278,13034,5690,782,9275
경기남부경찰청,경기도,수원시,남창동,37.2795287375538,127.012322295841,40371,5270,5042,1278,13034,5690,782,9275
경기남부경찰청,경기도,수원시,매교동,37.2685574514644,127.014241641151,40371,5270,5042,1278,13034,5690,782,9275
경기남부경찰청,경기도,수원시,매산로1가,37.2673977627359,127.000947023048,40371,5270,5042,1278,13034,5690,782,9275
경기남부경찰청,경기도,수원시,매산로2가,37.2652640268121,127.004148745817,40371,5270,5042,1278,13034,5690,782,9275
경기남부경찰청,경기도,수원시,매산로3가,37.2710844479194,127.009484221759,40371,5270,5042,1278,13034,5690,782,9275
경기남부경찰청,경기도,수원시,매향동,37.2855573037073,127.020816958724,40371,5270,5042,1278,13034,5690,782,9275
경기남부경찰청,경기도,수원시,북수동,37.2855291351347,127.01661296437,40371,5270,5042,1278,13034,5690,782,9275
경기남부경찰청,경기도,수원시,신풍동,37.283835505638,127.014118222441,40371,5270,5042,1278,13034,5690,782,9275
경기남부경찰청,경기도,수원시,영동,37.2763274361675,127.018518742298,40371,5270,5042,1278,13034,5690,782,9275
경기남부경찰청,경기도,수원시,우만동,37.2853104025746,127.029391735447,40371,5270,5042,1278,13034,5690,782,9275
경기남부경찰청,경기도,수원시,인계동,37.2703764922259,127.021317877448,40371,5270,5042,1278,13034,5690,782,9275
경기남부경찰청,경기도,수원시,장안동,37.2864846975778,127.012914341157,40371,5270,5042,1278,13034,5690,782,9275
경기남부경찰청,경기도,수원시,중동,37.2740859763996,127.016281217168,40371,5270,5042,1278,13034,5690,782,9275
경기남부경찰청,경기도,수원시,지동,37.2820560787445,127.02845228424,40371,5270,5042,1278,13034,5690,782,9275
경기남부경찰청,경기도,수원시,팔달로1가,37.2805481852068,127.016647952887,40371,5270,5042,1278,13034,5690,782,9275
경기남부경찰청,경기도,수원시,팔달로2가,37.2783964657954,127.016904565496,40371,5270,5042,1278,13034,5690,782,9275
경기남부경찰청,경기도,수원시,팔달로3가,37.276187301525,127.015546513994,40371,5270,5042,1278,13034,5690,782,9275
경기남부경찰청,경기도,수원시,화서동,37.2767576637953,126.994759157061,40371,5270,5042,1278,13034,5690,782,9275
경기남부경찰청,경기도,시흥시,거모동,37.3567018199007,126.774174854649,18852,2626,1726,393,4988,4305,433,4381
경기남부경찰청,경기도,시흥시,계수동,37.4498186978793,126.812387749114,18852,2626,1726,393,4988,4305,433,4381
경기남부경찰청,경기도,시흥시,과림동,37.4368784262938,126.832858488762,18852,2626,1726,393,4988,4305,433,4381
경기남부경찰청,경기도,시흥시,광석동,37.3810586274513,126.815955530896,18852,2626,1726,393,4988,4305,433,4381
경기남부경찰청,경기도,시흥시,군자동,37.3608267437726,126.794968580783,18852,2626,1726,393,4988,4305,433,4381
경기남부경찰청,경기도,시흥시,금이동,37.3995590587729,126.8359907424,18852,2626,1726,393,4988,4305,433,4381
경기남부경찰청,경기도,시흥시,논곡동,37.3963848037697,126.856090813911,18852,2626,1726,393,4988,4305,433,4381
경기남부경찰청,경기도,시흥시,능곡동,37.3663067920925,126.815783853779,18852,2626,1726,393,4988,4305,433,4381
경기남부경찰청,경기도,시흥시,대야동,37.4430460656541,126.788538285881,18852,2626,1726,393,4988,4305,433,4381
경기남부경찰청,경기도,시흥시,도창동,37.4056163226184,126.820291394749,18852,2626,1726,393,4988,4305,433,4381
경기남부경찰청,경기도,시흥시,매화동,37.4179850408626,126.815313932331,18852,2626,1726,393,4988,4305,433,4381
경기남부경찰청,경기도,시흥시,목감동,37.3918239252333,126.870183767061,18852,2626,1726,393,4988,4305,433,4381
경기남부경찰청,경기도,시흥시,무지내동,37.4197323855614,126.836940882123,18852,2626,1726,393,4988,4305,433,4381
경기남부경찰청,경기도,시흥시,물왕동,37.3860209867183,126.840437591032,18852,2626,1726,393,4988,4305,433,4381
경기남부경찰청,경기도,시흥시,미산동,37.4175236236056,126.789387267116,18852,2626,1726,393,4988,4305,433,4381
경기남부경찰청,경기도,시흥시,방산동,37.4180792873874,126.764872067831,18852,2626,1726,393,4988,4305,433,4381
경기남부경찰청,경기도,시흥시,산현동,37.3701104016767,126.833675061104,18852,2626,1726,393,4988,4305,433,4381
경기남부경찰청,경기도,시흥시,신천동,37.4355591381896,126.781870202784,18852,2626,1726,393,4988,4305,433,4381
경기남부경찰청,경기도,시흥시,안현동,37.4310081855022,126.814070736377,18852,2626,1726,393,4988,4305,433,4381
경기남부경찰청,경기도,시흥시,월곶동,37.3888935036864,126.74239234901,18852,2626,1726,393,4988,4305,433,4381
경기남부경찰청,경기도,시흥시,은행동,37.4363375149834,126.798039582132,18852,2626,1726,393,4988,4305,433,4381
경기남부경찰청,경기도,시흥시,장곡동,37.3798568606004,126.783115560875,18852,2626,1726,393,4988,4305,433,4381
경기남부경찰청,경기도,시흥시,장현동,37.3780041323761,126.799320647562,18852,2626,1726,393,4988,4305,433,4381
경기남부경찰청,경기도,시흥시,정왕동,37.3472707997814,126.722129562609,18852,2626,1726,393,4988,4305,433,4381
경기남부경찰청,경기도,시흥시,조남동,37.3722195349401,126.862287640995,18852,2626,1726,393,4988,4305,433,4381
경기남부경찰청,경기도,시흥시,죽율동,37.350527264568,126.762757890763,18852,2626,1726,393,4988,4305,433,4381
경기남부경찰청,경기도,시흥시,포동,37.4042656580993,126.778333146105,18852,2626,1726,393,4988,4305,433,4381
경기남부경찰청,경기도,시흥시,하상동,37.392146306261,126.81460943692,18852,2626,1726,393,4988,4305,433,4381
경기남부경찰청,경기도,시흥시,하중동,37.3988633185817,126.800701603603,18852,2626,1726,393,4988,4305,433,4381
경기남부경찰청,경기도,시흥시,화정동,37.3592894466033,126.815683613658,18852,2626,1726,393,4988,4305,433,4381
경기남부경찰청,경기도,안산시,고잔동,37.3219394584909,126.832292027071,24971,3772,2722,621,7221,4169,321,6145
경기남부경찰청,경기도,안산시,대부남동,37.2298291404634,126.577969105871,24971,3772,2722,621,7221,4169,321,6145
경기남부경찰청,경기도,안산시,대부동동,37.2490239111335,126.601617400799,24971,3772,2722,621,7221,4169,321,6145
경기남부경찰청,경기도,안산시,대부북동,37.2614354636473,126.57436128091,24971,3772,2722,621,7221,4169,321,6145
경기남부경찰청,경기도,안산시,목내동,37.3075168521058,126.774412271929,24971,3772,2722,621,7221,4169,321,6145
경기남부경찰청,경기도,안산시,선감동,37.2247149864654,126.635548281041,24971,3772,2722,621,7221,4169,321,6145
경기남부경찰청,경기도,안산시,선부동,37.3341794459411,126.804370669728,24971,3772,2722,621,7221,4169,321,6145
경기남부경찰청,경기도,안산시,성곡동,37.3169410637596,126.739059628626,24971,3772,2722,621,7221,4169,321,6145
경기남부경찰청,경기도,안산시,신길동,37.3348020016666,126.783145863295,24971,3772,2722,621,7221,4169,321,6145
경기남부경찰청,경기도,안산시,와동,37.3416625818341,126.825752438728,24971,3772,2722,621,7221,4169,321,6145
경기남부경찰청,경기도,안산시,원곡동,37.3332949495275,126.790859358221,24971,3772,2722,621,7221,4169,321,6145
경기남부경찰청,경기도,안산시,원시동,37.3144809887642,126.788592098675,24971,3772,2722,621,7221,4169,321,6145
경기남부경찰청,경기도,안산시,초지동,37.3100013406108,126.816873385207,24971,3772,2722,621,7221,4169,321,6145
경기남부경찰청,경기도,안산시,풍도동,37.1092638251541,126.387642013181,24971,3772,2722,621,7221,4169,321,6145
경기남부경찰청,경기도,안산시,화정동,37.3546217332603,126.827365889954,24971,3772,2722,621,7221,4169,321,6145
경기남부경찰청,경기도,안산시,건건동,37.306890376282,126.905464776608,24971,3772,2722,621,7221,4169,321,6145
경기남부경찰청,경기도,안산시,본오동,37.2891939602882,126.864590815243,24971,3772,2722,621,7221,4169,321,6145
경기남부경찰청,경기도,안산시,부곡동,37.3319602110836,126.861097386184,24971,3772,2722,621,7221,4169,321,6145
경기남부경찰청,경기도,안산시,사동,37.2971248482643,126.851055922583,24971,3772,2722,621,7221,4169,321,6145
경기남부경찰청,경기도,안산시,사사동,37.2948658757627,126.923985060774,24971,3772,2722,621,7221,4169,321,6145
경기남부경찰청,경기도,안산시,성포동,37.3206794365657,126.849429968393,24971,3772,2722,621,7221,4169,321,6145
경기남부경찰청,경기도,안산시,수암동,37.3679251374644,126.884029267782,24971,3772,2722,621,7221,4169,321,6145
경기남부경찰청,경기도,안산시,양상동,37.3498697359707,126.844261213806,24971,3772,2722,621,7221,4169,321,6145
경기남부경찰청,경기도,안산시,월피동,37.3359971587619,126.846767895666,24971,3772,2722,621,7221,4169,321,6145
경기남부경찰청,경기도,안산시,이동,37.3054407225328,126.860857418137,24971,3772,2722,621,7221,4169,321,6145
경기남부경찰청,경기도,안산시,일동,37.3102980036071,126.866154804189,24971,3772,2722,621,7221,4169,321,6145
경기남부경찰청,경기도,안산시,장상동,37.352538126103,126.875867756654,24971,3772,2722,621,7221,4169,321,6145
경기남부경찰청,경기도,안산시,장하동,37.3575216341105,126.861975872987,24971,3772,2722,621,7221,4169,321,6145
경기남부경찰청,경기도,안산시,팔곡이동,37.2895731390347,126.885805151529,24971,3772,2722,621,7221,4169,321,6145
경기남부경찰청,경기도,안산시,팔곡일동,37.305868132925,126.890301466414,24971,3772,2722,621,7221,4169,321,6145
경기남부경찰청,경기도,안성시,가사동,37.0159288426776,127.286943259652,6324,845,680,108,1786,1317,55,1533
경기남부경찰청,경기도,안성시,가현동,37.0054495230305,127.286108412979,6324,845,680,108,1786,1317,55,1533
경기남부경찰청,경기도,안성시,계동,36.9860615451279,127.266109520678,6324,845,680,108,1786,1317,55,1533
경기남부경찰청,경기도,안성시,고삼면,37.0826914685271,127.2634642949,6324,845,680,108,1786,1317,55,1533
경기남부경찰청,경기도,안성시,공도읍,37.001023051784,127.172487483358,6324,845,680,108,1786,1317,55,1533
경기남부경찰청,경기도,안성시,구포동,37.0109140979964,127.272128775302,6324,845,680,108,1786,1317,55,1533
경기남부경찰청,경기도,안성시,금광면,36.9972240459894,127.317465473336,6324,845,680,108,1786,1317,55,1533
경기남부경찰청,경기도,안성시,금산동,37.012401587235,127.267855306192,6324,845,680,108,1786,1317,55,1533
경기남부경찰청,경기도,안성시,금석동,37.0311674928177,127.270200469794,6324,845,680,108,1786,1317,55,1533
경기남부경찰청,경기도,안성시,낙원동,37.004083085942,127.274059323931,6324,845,680,108,1786,1317,55,1533
경기남부경찰청,경기도,안성시,당왕동,37.0207908576687,127.268545518788,6324,845,680,108,1786,1317,55,1533
경기남부경찰청,경기도,안성시,대덕면,37.0124186565809,127.237850006863,6324,845,680,108,1786,1317,55,1533
경기남부경찰청,경기도,안성시,대천동,37.0079905793515,127.269152148842,6324,845,680,108,1786,1317,55,1533
경기남부경찰청,경기도,안성시,도기동,36.9976669306647,127.261485555038,6324,845,680,108,1786,1317,55,1533
경기남부경찰청,경기도,안성시,동본동,37.007980293996,127.272082362587,6324,845,680,108,1786,1317,55,1533
경기남부경찰청,경기도,안성시,명륜동,37.0140804180726,127.276059362209,6324,845,680,108,1786,1317,55,1533
경기남부경찰청,경기도,안성시,미양면,36.9781308246344,127.217104719373,6324,845,680,108,1786,1317,55,1533
경기남부경찰청,경기도,안성시,발화동,36.9886929965521,127.281606448065,6324,845,680,108,1786,1317,55,1533
경기남부경찰청,경기도,안성시,보개면,37.0230485390824,127.290894285959,6324,845,680,108,1786,1317,55,1533
경기남부경찰청,경기도,안성시,봉남동,37.0077362407773,127.274760056101,6324,845,680,108,1786,1317,55,1533
경기남부경찰청,경기도,안성시,봉산동,37.0067480356923,127.278122636742,6324,845,680,108,1786,1317,55,1533
경기남부경찰청,경기도,안성시,사곡동,37.0393124157392,127.259245368622,6324,845,680,108,1786,1317,55,1533
경기남부경찰청,경기도,안성시,삼죽면,37.0730098580054,127.374843682254,6324,845,680,108,1786,1317,55,1533
경기남부경찰청,경기도,안성시,서운면,36.9430768460443,127.259291662899,6324,845,680,108,1786,1317,55,1533
경기남부경찰청,경기도,안성시,서인동,37.0063086709647,127.268575461952,6324,845,680,108,1786,1317,55,1533
경기남부경찰청,경기도,안성시,석정동,37.0105261632674,127.261925107123,6324,845,680,108,1786,1317,55,1533
경기남부경찰청,경기도,안성시,성남동,37.0022625134613,127.271091301361,6324,845,680,108,1786,1317,55,1533
경기남부경찰청,경기도,안성시,숭인동,37.0093234036876,127.274212966633,6324,845,680,108,1786,1317,55,1533
경기남부경찰청,경기도,안성시,신건지동,37.014657678508,127.246320400084,6324,845,680,108,1786,1317,55,1533
경기남부경찰청,경기도,안성시,신모산동,37.0209227934728,127.24592258755,6324,845,680,108,1786,1317,55,1533
경기남부경찰청,경기도,안성시,신소현동,37.0203181570214,127.254056547427,6324,845,680,108,1786,1317,55,1533
경기남부경찰청,경기도,안성시,신흥동,37.0022930677464,127.268750080769,6324,845,680,108,1786,1317,55,1533
경기남부경찰청,경기도,안성시,아양동,37.0062453505755,127.261420557304,6324,845,680,108,1786,1317,55,1533
경기남부경찰청,경기도,안성시,양성면,37.0598978252953,127.194477629958,6324,845,680,108,1786,1317,55,1533
경기남부경찰청,경기도,안성시,연지동,37.0099568651682,127.269887169014,6324,845,680,108,1786,1317,55,1533
경기남부경찰청,경기도,안성시,영동,37.0059784308269,127.272722382736,6324,845,680,108,1786,1317,55,1533
경기남부경찰청,경기도,안성시,옥산동,37.0039630953472,127.246600473651,6324,845,680,108,1786,1317,55,1533
경기남부경찰청,경기도,안성시,옥천동,37.0030787971489,127.275048884121,6324,845,680,108,1786,1317,55,1533
경기남부경찰청,경기도,안성시,원곡면,37.039719467565,127.129614475924,6324,845,680,108,1786,1317,55,1533
경기남부경찰청,경기도,안성시,인지동,37.0043320391182,127.267629255363,6324,845,680,108,1786,1317,55,1533
경기남부경찰청,경기도,안성시,일죽면,37.0904665247423,127.476874615174,6324,845,680,108,1786,1317,55,1533
경기남부경찰청,경기도,안성시,죽산면,37.0785624890221,127.422482028551,6324,845,680,108,1786,1317,55,1533
경기남부경찰청,경기도,안성시,중리동,36.9752113795272,127.282208153082,6324,845,680,108,1786,1317,55,1533
경기남부경찰청,경기도,안성시,창전동,37.0044414420809,127.271827072449,6324,845,680,108,1786,1317,55,1533
경기남부경찰청,경기도,안성시,현수동,36.9951899423713,127.285315067271,6324,845,680,108,1786,1317,55,1533
경기남부경찰청,경기도,안양시,관양동,37.4047456704889,126.964638772038,12683,1821,1596,388,3720,1889,117,3152
경기남부경찰청,경기도,안양시,비산동,37.3998702682227,126.933356967257,12683,1821,1596,388,3720,1889,117,3152
경기남부경찰청,경기도,안양시,평촌동,37.3946500892517,126.977084010595,12683,1821,1596,388,3720,1889,117,3152
경기남부경찰청,경기도,안양시,호계동,37.3750923511743,126.957201177225,12683,1821,1596,388,3720,1889,117,3152
경기남부경찰청,경기도,안양시,박달동,37.4035771458394,126.909124825885,12683,1821,1596,388,3720,1889,117,3152
경기남부경찰청,경기도,안양시,석수동,37.4195876104533,126.91063733651,12683,1821,1596,388,3720,1889,117,3152
경기남부경찰청,경기도,안양시,안양동,37.3861273838989,126.915649986285,12683,1821,1596,388,3720,1889,117,3152
경기북부경찰청,경기도,양주시,고암동,37.8149066278176,127.071198217698,7103,1084,660,150,2006,1218,59,1926
경기북부경찰청,경기도,양주시,고읍동,37.8048312980269,127.075399082624,7103,1084,660,150,2006,1218,59,1926
경기북부경찰청,경기도,양주시,광사동,37.7901291410706,127.072990921812,7103,1084,660,150,2006,1218,59,1926
경기북부경찰청,경기도,양주시,광적면,37.8246285211535,126.983684913461,7103,1084,660,150,2006,1218,59,1926
경기북부경찰청,경기도,양주시,남면,37.898126912383,126.97671505489,7103,1084,660,150,2006,1218,59,1926
경기북부경찰청,경기도,양주시,남방동,37.7741192893796,127.038015380413,7103,1084,660,150,2006,1218,59,1926
경기북부경찰청,경기도,양주시,덕계동,37.825204421803,127.035815323019,7103,1084,660,150,2006,1218,59,1926
경기북부경찰청,경기도,양주시,덕정동,37.8467321091633,127.064716277101,7103,1084,660,150,2006,1218,59,1926
경기북부경찰청,경기도,양주시,마전동,37.7700300052678,127.053721630794,7103,1084,660,150,2006,1218,59,1926
경기북부경찰청,경기도,양주시,만송동,37.7850261288541,127.093360921776,7103,1084,660,150,2006,1218,59,1926
경기북부경찰청,경기도,양주시,백석읍,37.7950376733941,126.985512570135,7103,1084,660,150,2006,1218,59,1926
경기북부경찰청,경기도,양주시,봉양동,37.8611949785398,127.07549283045,7103,1084,660,150,2006,1218,59,1926
경기북부경찰청,경기도,양주시,산북동,37.8011289939446,127.041390215453,7103,1084,660,150,2006,1218,59,1926
경기북부경찰청,경기도,양주시,삼숭동,37.8041178529331,127.103695444937,7103,1084,660,150,2006,1218,59,1926
경기북부경찰청,경기도,양주시,어둔동,37.7760418917653,127.013566571132,7103,1084,660,150,2006,1218,59,1926
경기북부경찰청,경기도,양주시,옥정동,37.820012508486,127.088271333497,7103,1084,660,150,2006,1218,59,1926
경기북부경찰청,경기도,양주시,유양동,37.7882379644198,127.029712403235,7103,1084,660,150,2006,1218,59,1926
경기북부경찰청,경기도,양주시,율정동,37.828620769855,127.107182838036,7103,1084,660,150,2006,1218,59,1926
경기북부경찰청,경기도,양주시,은현면,37.8750011475252,127.024564300477,7103,1084,660,150,2006,1218,59,1926
경기북부경찰청,경기도,양주시,장흥면,37.7178722789737,126.941144103763,7103,1084,660,150,2006,1218,59,1926
경기북부경찰청,경기도,양주시,회암동,37.8521213815431,127.102989990234,7103,1084,660,150,2006,1218,59,1926
경기북부경찰청,경기도,양주시,회정동,37.8340821308538,127.051268895395,7103,1084,660,150,2006,1218,59,1926
경기남부경찰청,경기도,양평군,강상면,37.4772043318602,127.485480381356,3797,488,288,67,1401,557,22,974
경기남부경찰청,경기도,양평군,강하면,37.4949573777619,127.410464187932,3797,488,288,67,1401,557,22,974
경기남부경찰청,경기도,양평군,개군면,37.4259639502401,127.536793361892,3797,488,288,67,1401,557,22,974
경기남부경찰청,경기도,양평군,단월면,37.5385614314037,127.672990233658,3797,488,288,67,1401,557,22,974
경기남부경찰청,경기도,양평군,서종면,37.6065762917834,127.348721243795,3797,488,288,67,1401,557,22,974
경기남부경찰청,경기도,양평군,양동면,37.4251059645744,127.751177593936,3797,488,288,67,1401,557,22,974
경기남부경찰청,경기도,양평군,양서면,37.5439574907644,127.326006469864,3797,488,288,67,1401,557,22,974
경기남부경찰청,경기도,양평군,양평읍,37.4864297288725,127.493513635969,3797,488,288,67,1401,557,22,974
경기남부경찰청,경기도,양평군,옥천면,37.5180646802132,127.456072420478,3797,488,288,67,1401,557,22,974
경기남부경찰청,경기도,양평군,용문면,37.4889036515231,127.599161344744,3797,488,288,67,1401,557,22,974
경기남부경찰청,경기도,양평군,지평면,37.4744755232285,127.639309823993,3797,488,288,67,1401,557,22,974
경기남부경찰청,경기도,양평군,청운면,37.5562806888098,127.710722823772,3797,488,288,67,1401,557,22,974
경기남부경찰청,경기도,여주시,가남읍,37.2018014404834,127.545159330237,3715,438,298,77,1160,913,55,774
경기남부경찰청,경기도,여주시,가업동,37.270756886292,127.620364977515,3715,438,298,77,1160,913,55,774
경기남부경찰청,경기도,여주시,강천면,37.2728895738268,127.711509091654,3715,438,298,77,1160,913,55,774
경기남부경찰청,경기도,여주시,교동,37.2803107820785,127.632057487791,3715,438,298,77,1160,913,55,774
경기남부경찰청,경기도,여주시,금사면,37.392509023378,127.533306935246,3715,438,298,77,1160,913,55,774
경기남부경찰청,경기도,여주시,능서면,37.3001972675328,127.573501871315,3715,438,298,77,1160,913,55,774
경기남부경찰청,경기도,여주시,능현동,37.2656171960116,127.656497636031,3715,438,298,77,1160,913,55,774
경기남부경찰청,경기도,여주시,단현동,37.2708917014784,127.681076520956,3715,438,298,77,1160,913,55,774
경기남부경찰청,경기도,여주시,대신면,37.3750403179814,127.586562498134,3715,438,298,77,1160,913,55,774
경기남부경찰청,경기도,여주시,매룡동,37.281611989224,127.657831800882,3715,438,298,77,1160,913,55,774
경기남부경찰청,경기도,여주시,멱곡동,37.253258957796,127.668690144195,3715,438,298,77,1160,913,55,774
경기남부경찰청,경기도,여주시,북내면,37.329311618881,127.678949737319,3715,438,298,77,1160,913,55,774
경기남부경찰청,경기도,여주시,산북면,37.4016901782595,127.442992386601,3715,438,298,77,1160,913,55,774
경기남부경찰청,경기도,여주시,삼교동,37.2343935144452,127.656722622439,3715,438,298,77,1160,913,55,774
경기남부경찰청,경기도,여주시,상거동,37.2458919113315,127.625196838265,3715,438,298,77,1160,913,55,774
경기남부경찰청,경기도,여주시,상동,37.290746465849,127.649692377046,3715,438,298,77,1160,913,55,774
경기남부경찰청,경기도,여주시,신진동,37.2791383878607,127.674692145167,3715,438,298,77,1160,913,55,774
경기남부경찰청,경기도,여주시,연라동,37.2593388598247,127.610698537716,3715,438,298,77,1160,913,55,774
경기남부경찰청,경기도,여주시,연양동,37.2873887861452,127.666948686574,3715,438,298,77,1160,913,55,774
경기남부경찰청,경기도,여주시,오금동,37.3342815584961,127.650085194049,3715,438,298,77,1160,913,55,774
경기남부경찰청,경기도,여주시,오학동,37.3110856971203,127.647466891088,3715,438,298,77,1160,913,55,774
경기남부경찰청,경기도,여주시,우만동,37.2570644792759,127.677637943879,3715,438,298,77,1160,913,55,774
경기남부경찰청,경기도,여주시,월송동,37.2857852706798,127.612197735235,3715,438,298,77,1160,913,55,774
경기남부경찰청,경기도,여주시,점동면,37.2060650489748,127.662546513646,3715,438,298,77,1160,913,55,774
경기남부경찰청,경기도,여주시,점봉동,37.2565581189549,127.643726431418,3715,438,298,77,1160,913,55,774
경기남부경찰청,경기도,여주시,창동,37.2934473378759,127.633475599951,3715,438,298,77,1160,913,55,774
경기남부경찰청,경기도,여주시,천송동,37.303745997768,127.662121202214,3715,438,298,77,1160,913,55,774
경기남부경찰청,경기도,여주시,하거동,37.226923441173,127.634000419291,3715,438,298,77,1160,913,55,774
경기남부경찰청,경기도,여주시,하동,37.299936763358,127.626316131304,3715,438,298,77,1160,913,55,774
경기남부경찰청,경기도,여주시,현암동,37.3155651473182,127.634234242669,3715,438,298,77,1160,913,55,774
경기남부경찰청,경기도,여주시,홍문동,37.287662109658,127.638294215407,3715,438,298,77,1160,913,55,774
경기남부경찰청,경기도,여주시,흥천면,37.3332312498698,127.541612211887,3715,438,298,77,1160,913,55,774
경기북부경찰청,경기도,연천군,군남면,38.0851969328493,127.019081108902,1520,279,131,24,401,164,32,489
경기북부경찰청,경기도,연천군,미산면,38.0474785796244,126.992927435861,1520,279,131,24,401,164,32,489
경기북부경찰청,경기도,연천군,백학면,38.0297127942562,126.917969879355,1520,279,131,24,401,164,32,489
경기북부경찰청,경기도,연천군,신서면,38.1829667805064,127.107037931125,1520,279,131,24,401,164,32,489
경기북부경찰청,경기도,연천군,연천읍,38.1039237861872,127.075938017759,1520,279,131,24,401,164,32,489
경기북부경찰청,경기도,연천군,왕징면,38.0585702378646,127.012811841568,1520,279,131,24,401,164,32,489
경기북부경찰청,경기도,연천군,장남면,37.9818271510522,126.884271824631,1520,279,131,24,401,164,32,489
경기북부경찰청,경기도,연천군,전곡읍,38.0280339296486,127.063864039262,1520,279,131,24,401,164,32,489
경기북부경찰청,경기도,연천군,중면,38.1358462182154,127.019176415376,1520,279,131,24,401,164,32,489
경기북부경찰청,경기도,연천군,청산면,37.9817637060979,127.06768030665,1520,279,131,24,401,164,32,489
경기남부경찰청,경기도,오산시,가수동,37.1456081757724,127.05834200078,8246,1269,953,181,2302,1360,124,2057
경기남부경찰청,경기도,오산시,가장동,37.1635663562955,127.035343134386,8246,1269,953,181,2302,1360,124,2057
경기남부경찰청,경기도,오산시,갈곶동,37.1288754672485,127.074430662962,8246,1269,953,181,2302,1360,124,2057
경기남부경찰청,경기도,오산시,고현동,37.1339715408827,127.080458931383,8246,1269,953,181,2302,1360,124,2057
경기남부경찰청,경기도,오산시,궐동,37.1621910100646,127.051081791832,8246,1269,953,181,2302,1360,124,2057
경기남부경찰청,경기도,오산시,금암동,37.1728363974501,127.045940876879,8246,1269,953,181,2302,1360,124,2057
경기남부경찰청,경기도,오산시,내삼미동,37.1813965610128,127.061531683537,8246,1269,953,181,2302,1360,124,2057
경기남부경찰청,경기도,오산시,누읍동,37.1392652711131,127.057189115524,8246,1269,953,181,2302,1360,124,2057
경기남부경찰청,경기도,오산시,두곡동,37.131911725568,127.042080778441,8246,1269,953,181,2302,1360,124,2057
경기남부경찰청,경기도,오산시,벌음동,37.1394460265943,127.037853045707,8246,1269,953,181,2302,1360,124,2057
경기남부경찰청,경기도,오산시,부산동,37.1545013661768,127.090364585929,8246,1269,953,181,2302,1360,124,2057
경기남부경찰청,경기도,오산시,서동,37.1504824248195,127.037183143734,8246,1269,953,181,2302,1360,124,2057
경기남부경찰청,경기도,오산시,서랑동,37.1718246515164,127.012466926979,8246,1269,953,181,2302,1360,124,2057
경기남부경찰청,경기도,오산시,세교동,37.1858036797345,127.03771850205,8246,1269,953,181,2302,1360,124,2057
경기남부경찰청,경기도,오산시,수청동,37.1657108167176,127.061847726809,8246,1269,953,181,2302,1360,124,2057
경기남부경찰청,경기도,오산시,양산동,37.1932413376703,127.030162443662,8246,1269,953,181,2302,1360,124,2057
경기남부경찰청,경기도,오산시,오산동,37.1531330002421,127.072855925403,8246,1269,953,181,2302,1360,124,2057
경기남부경찰청,경기도,오산시,외삼미동,37.1905658327322,127.053826460318,8246,1269,953,181,2302,1360,124,2057
경기남부경찰청,경기도,오산시,원동,37.1411447958707,127.079259957902,8246,1269,953,181,2302,1360,124,2057
경기남부경찰청,경기도,오산시,은계동,37.1607310695863,127.07229129899,8246,1269,953,181,2302,1360,124,2057
경기남부경찰청,경기도,오산시,지곶동,37.1787789348314,127.024449668277,8246,1269,953,181,2302,1360,124,2057
경기남부경찰청,경기도,오산시,청학동,37.1514419074162,127.053965318309,8246,1269,953,181,2302,1360,124,2057
경기남부경찰청,경기도,오산시,청호동,37.1297879893846,127.08423572355,8246,1269,953,181,2302,1360,124,2057
경기남부경찰청,경기도,오산시,탑동,37.1357908543751,127.048970696618,8246,1269,953,181,2302,1360,124,2057
경기남부경찰청,경기도,용인시,고매동,37.2245423121563,127.099034069243,25505,3274,3200,563,8036,4013,160,6259
경기남부경찰청,경기도,용인시,공세동,37.2394247066475,127.11045868633,25505,3274,3200,563,8036,4013,160,6259
경기남부경찰청,경기도,용인시,구갈동,37.2724288897902,127.127604033598,25505,3274,3200,563,8036,4013,160,6259
경기남부경찰청,경기도,용인시,농서동,37.2255625793855,127.084734248853,25505,3274,3200,563,8036,4013,160,6259
경기남부경찰청,경기도,용인시,동백동,37.2869057949409,127.160945196776,25505,3274,3200,563,8036,4013,160,6259
경기남부경찰청,경기도,용인시,마북동,37.3015141229303,127.117425207334,25505,3274,3200,563,8036,4013,160,6259
경기남부경찰청,경기도,용인시,보라동,37.2539587463782,127.108297628115,25505,3274,3200,563,8036,4013,160,6259
경기남부경찰청,경기도,용인시,보정동,37.3201877760019,127.113094904481,25505,3274,3200,563,8036,4013,160,6259
경기남부경찰청,경기도,용인시,상갈동,37.2665738857824,127.107697878295,25505,3274,3200,563,8036,4013,160,6259
경기남부경찰청,경기도,용인시,상하동,37.2705605523124,127.13845601465,25505,3274,3200,563,8036,4013,160,6259
경기남부경찰청,경기도,용인시,서천동,37.2430149989302,127.072437437369,25505,3274,3200,563,8036,4013,160,6259
경기남부경찰청,경기도,용인시,신갈동,37.2725465865543,127.107034404588,25505,3274,3200,563,8036,4013,160,6259
경기남부경찰청,경기도,용인시,언남동,37.2939658405683,127.128966698627,25505,3274,3200,563,8036,4013,160,6259
경기남부경찰청,경기도,용인시,영덕동,37.2778227962427,127.074495882949,25505,3274,3200,563,8036,4013,160,6259
경기남부경찰청,경기도,용인시,중동,37.2682933144578,127.158731907203,25505,3274,3200,563,8036,4013,160,6259
경기남부경찰청,경기도,용인시,지곡동,37.237518646553,127.140545804753,25505,3274,3200,563,8036,4013,160,6259
경기남부경찰청,경기도,용인시,청덕동,37.2994910828953,127.150279648979,25505,3274,3200,563,8036,4013,160,6259
경기남부경찰청,경기도,용인시,하갈동,37.2526600728185,127.092690974645,25505,3274,3200,563,8036,4013,160,6259
경기남부경찰청,경기도,용인시,고기동,37.3568144139187,127.036571318511,25505,3274,3200,563,8036,4013,160,6259
경기남부경찰청,경기도,용인시,동천동,37.3418610192632,127.099224030122,25505,3274,3200,563,8036,4013,160,6259
경기남부경찰청,경기도,용인시,상현동,37.304564864274,127.081096021137,25505,3274,3200,563,8036,4013,160,6259
경기남부경찰청,경기도,용인시,성복동,37.3164877954826,127.069042233375,25505,3274,3200,563,8036,4013,160,6259
경기남부경찰청,경기도,용인시,신봉동,37.3206447379735,127.083667546737,25505,3274,3200,563,8036,4013,160,6259
경기남부경찰청,경기도,용인시,죽전동,37.3311110877474,127.113932721957,25505,3274,3200,563,8036,4013,160,6259
경기남부경찰청,경기도,용인시,풍덕천동,37.3279850450603,127.094949785208,25505,3274,3200,563,8036,4013,160,6259
경기남부경찰청,경기도,용인시,고림동,37.2479057581579,127.226640714475,25505,3274,3200,563,8036,4013,160,6259
경기남부경찰청,경기도,용인시,김량장동,37.2352782190015,127.201914173892,25505,3274,3200,563,8036,4013,160,6259
경기남부경찰청,경기도,용인시,남동,37.2208797975323,127.20174058203,25505,3274,3200,563,8036,4013,160,6259
경기남부경찰청,경기도,용인시,남사면,37.1157126870888,127.150478244526,25505,3274,3200,563,8036,4013,160,6259
경기남부경찰청,경기도,용인시,마평동,37.2302479785763,127.232690887549,25505,3274,3200,563,8036,4013,160,6259
경기남부경찰청,경기도,용인시,모현읍,37.3296454910847,127.242348722596,25505,3274,3200,563,8036,4013,160,6259
경기남부경찰청,경기도,용인시,백암면,37.1634709899502,127.375348473818,25505,3274,3200,563,8036,4013,160,6259
경기남부경찰청,경기도,용인시,삼가동,37.2383199063405,127.162216750898,25505,3274,3200,563,8036,4013,160,6259
경기남부경찰청,경기도,용인시,양지면,37.2354729086353,127.279848670922,25505,3274,3200,563,8036,4013,160,6259
경기남부경찰청,경기도,용인시,역북동,37.2462035848036,127.188111660691,25505,3274,3200,563,8036,4013,160,6259
경기남부경찰청,경기도,용인시,운학동,37.2141388634878,127.235530040947,25505,3274,3200,563,8036,4013,160,6259
경기남부경찰청,경기도,용인시,원삼면,37.1666141745544,127.313209610916,25505,3274,3200,563,8036,4013,160,6259
경기남부경찰청,경기도,용인시,유방동,37.2576019329047,127.20432746298,25505,3274,3200,563,8036,4013,160,6259
경기남부경찰청,경기도,용인시,이동읍,37.1411278770059,127.196189086676,25505,3274,3200,563,8036,4013,160,6259
경기남부경찰청,경기도,용인시,포곡읍,37.2777941589244,127.230843636904,25505,3274,3200,563,8036,4013,160,6259
경기남부경찰청,경기도,용인시,해곡동,37.1901494199293,127.275586261729,25505,3274,3200,563,8036,4013,160,6259
경기남부경찰청,경기도,용인시,호동,37.1823928085199,127.266287691766,25505,3274,3200,563,8036,4013,160,6259
경기남부경찰청,경기도,의왕시,고천동,37.3448538171116,126.968513026736,3307,364,237,78,972,907,28,721
경기남부경찰청,경기도,의왕시,내손동,37.3782619969627,126.975693472476,3307,364,237,78,972,907,28,721
경기남부경찰청,경기도,의왕시,삼동,37.323751164284,126.955704917536,3307,364,237,78,972,907,28,721
경기남부경찰청,경기도,의왕시,오전동,37.3536053895356,126.971583940539,3307,364,237,78,972,907,28,721
경기남부경찰청,경기도,의왕시,왕곡동,37.3458094660338,126.997395238128,3307,364,237,78,972,907,28,721
경기남부경찰청,경기도,의왕시,월암동,37.3095871632799,126.956390050885,3307,364,237,78,972,907,28,721
경기남부경찰청,경기도,의왕시,이동,37.3353581574384,126.960505185763,3307,364,237,78,972,907,28,721
경기남부경찰청,경기도,의왕시,청계동,37.4000497874323,127.018485897202,3307,364,237,78,972,907,28,721
경기남부경찰청,경기도,의왕시,초평동,37.3074644167281,126.940116403486,3307,364,237,78,972,907,28,721
경기남부경찰청,경기도,의왕시,포일동,37.3965908527999,126.98961006605,3307,364,237,78,972,907,28,721
경기남부경찰청,경기도,의왕시,학의동,37.3712251615187,127.011131548472,3307,364,237,78,972,907,28,721
경기북부경찰청,경기도,의정부시,가능동,37.7506435264154,127.038616105186,13724,2146,1475,383,4277,1699,301,3443
경기북부경찰청,경기도,의정부시,고산동,37.7222523746945,127.095337368279,13724,2146,1475,383,4277,1699,301,3443
경기북부경찰청,경기도,의정부시,금오동,37.755388211865,127.059748029924,13724,2146,1475,383,4277,1699,301,3443
경기북부경찰청,경기도,의정부시,낙양동,37.758836046021,127.110976788335,13724,2146,1475,383,4277,1699,301,3443
경기북부경찰청,경기도,의정부시,녹양동,37.7601308014543,127.03232037874,13724,2146,1475,383,4277,1699,301,3443
경기북부경찰청,경기도,의정부시,민락동,37.7403538413429,127.096358976229,13724,2146,1475,383,4277,1699,301,3443
경기북부경찰청,경기도,의정부시,산곡동,37.7246169395579,127.111311374423,13724,2146,1475,383,4277,1699,301,3443
경기북부경찰청,경기도,의정부시,신곡동,37.7314238778054,127.056847377285,13724,2146,1475,383,4277,1699,301,3443
경기북부경찰청,경기도,의정부시,용현동,37.7338683010295,127.079978282419,13724,2146,1475,383,4277,1699,301,3443
경기북부경찰청,경기도,의정부시,의정부동,37.7346401263969,127.034033667251,13724,2146,1475,383,4277,1699,301,3443
경기북부경찰청,경기도,의정부시,자일동,37.7679250634451,127.094338186332,13724,2146,1475,383,4277,1699,301,3443
경기북부경찰청,경기도,의정부시,장암동,37.7263976740224,127.054270875497,13724,2146,1475,383,4277,1699,301,3443
경기북부경찰청,경기도,의정부시,호원동,37.7141699194513,127.034477959332,13724,2146,1475,383,4277,1699,301,3443
경기남부경찰청,경기도,이천시,갈산동,37.2882392149525,127.469535781801,6965,968,605,170,2134,1402,55,1631
경기남부경찰청,경기도,이천시,고담동,37.2414130497071,127.459746697645,6965,968,605,170,2134,1402,55,1631
경기남부경찰청,경기도,이천시,관고동,37.282377700938,127.437880835387,6965,968,605,170,2134,1402,55,1631
경기남부경찰청,경기도,이천시,단월동,37.2268239399359,127.448331577524,6965,968,605,170,2134,1402,55,1631
경기남부경찰청,경기도,이천시,대월면,37.2298854701122,127.492395600571,6965,968,605,170,2134,1402,55,1631
경기남부경찰청,경기도,이천시,대포동,37.2099434833444,127.459240269813,6965,968,605,170,2134,1402,55,1631
경기남부경찰청,경기도,이천시,마장면,37.2489295288462,127.357967852826,6965,968,605,170,2134,1402,55,1631
경기남부경찰청,경기도,이천시,모가면,37.171670582668,127.4801768603,6965,968,605,170,2134,1402,55,1631
경기남부경찰청,경기도,이천시,백사면,37.3390757320979,127.490701651258,6965,968,605,170,2134,1402,55,1631
경기남부경찰청,경기도,이천시,부발읍,37.2836603609193,127.486886526274,6965,968,605,170,2134,1402,55,1631
경기남부경찰청,경기도,이천시,사음동,37.2956530519343,127.419596840542,6965,968,605,170,2134,1402,55,1631
경기남부경찰청,경기도,이천시,설성면,37.1324673675995,127.522027682876,6965,968,605,170,2134,1402,55,1631
경기남부경찰청,경기도,이천시,송정동,37.2953212195908,127.438555848188,6965,968,605,170,2134,1402,55,1631
경기남부경찰청,경기도,이천시,신둔면,37.3062420303846,127.404039913146,6965,968,605,170,2134,1402,55,1631
경기남부경찰청,경기도,이천시,안흥동,37.2761309779515,127.461793371116,6965,968,605,170,2134,1402,55,1631
경기남부경찰청,경기도,이천시,율면,37.0943111866073,127.546453484556,6965,968,605,170,2134,1402,55,1631
경기남부경찰청,경기도,이천시,율현동,37.2600247977371,127.444663940671,6965,968,605,170,2134,1402,55,1631
경기남부경찰청,경기도,이천시,장록동,37.2531953602273,127.455927234167,6965,968,605,170,2134,1402,55,1631
경기남부경찰청,경기도,이천시,장호원읍,37.1149352521377,127.616836654117,6965,968,605,170,2134,1402,55,1631
경기남부경찰청,경기도,이천시,중리동,37.2759181219322,127.436192717691,6965,968,605,170,2134,1402,55,1631
경기남부경찰청,경기도,이천시,증일동,37.2650167962088,127.429956387708,6965,968,605,170,2134,1402,55,1631
경기남부경찰청,경기도,이천시,증포동,37.2903815684334,127.452493133317,6965,968,605,170,2134,1402,55,1631
경기남부경찰청,경기도,이천시,진리동,37.2686876766423,127.455479467144,6965,968,605,170,2134,1402,55,1631
경기남부경찰청,경기도,이천시,창전동,37.2829062004195,127.441145005564,6965,968,605,170,2134,1402,55,1631
경기남부경찰청,경기도,이천시,호법면,37.2231047253816,127.424787739446,6965,968,605,170,2134,1402,55,1631
경기북부경찰청,경기도,파주시,검산동,37.7898349883467,126.746124667118,15840,2081,1421,389,5661,2113,224,3951
경기북부경찰청,경기도,파주시,광탄면,37.7761542164717,126.851257892274,15840,2081,1421,389,5661,2113,224,3951
경기북부경찰청,경기도,파주시,교하동,37.7521392701942,126.748059991604,15840,2081,1421,389,5661,2113,224,3951
경기북부경찰청,경기도,파주시,군내면,37.9222290691526,126.741785092706,15840,2081,1421,389,5661,2113,224,3951
경기북부경찰청,경기도,파주시,금릉동,37.7512000591472,126.787151528373,15840,2081,1421,389,5661,2113,224,3951
경기북부경찰청,경기도,파주시,금촌동,37.7606436758235,126.768817063648,15840,2081,1421,389,5661,2113,224,3951
경기북부경찰청,경기도,파주시,다율동,37.7375674011587,126.732680218643,15840,2081,1421,389,5661,2113,224,3951
경기북부경찰청,경기도,파주시,당하동,37.7419478482121,126.749896226728,15840,2081,1421,389,5661,2113,224,3951
경기북부경찰청,경기도,파주시,동패동,37.7121045200848,126.721144837067,15840,2081,1421,389,5661,2113,224,3951
경기북부경찰청,경기도,파주시,맥금동,37.7866662388697,126.727926139116,15840,2081,1421,389,5661,2113,224,3951
경기북부경찰청,경기도,파주시,목동동,37.7247871246803,126.735457558469,15840,2081,1421,389,5661,2113,224,3951
경기북부경찰청,경기도,파주시,문발동,37.7217352471645,126.688501177025,15840,2081,1421,389,5661,2113,224,3951
경기북부경찰청,경기도,파주시,문산읍,37.8569935908446,126.790861194562,15840,2081,1421,389,5661,2113,224,3951
경기북부경찰청,경기도,파주시,법원읍,37.8491633754065,126.882388862167,15840,2081,1421,389,5661,2113,224,3951
경기북부경찰청,경기도,파주시,산남동,37.7021997513879,126.687571455272,15840,2081,1421,389,5661,2113,224,3951
경기북부경찰청,경기도,파주시,상지석동,37.7266259640153,126.779689917209,15840,2081,1421,389,5661,2113,224,3951
경기북부경찰청,경기도,파주시,서패동,37.713748948297,126.696754808913,15840,2081,1421,389,5661,2113,224,3951
경기북부경찰청,경기도,파주시,송촌동,37.7494561539523,126.693990319619,15840,2081,1421,389,5661,2113,224,3951
경기북부경찰청,경기도,파주시,신촌동,37.7344126502464,126.68811681336,15840,2081,1421,389,5661,2113,224,3951
경기북부경찰청,경기도,파주시,아동동,37.7649763379077,126.78644472223,15840,2081,1421,389,5661,2113,224,3951
경기북부경찰청,경기도,파주시,야당동,37.7100539174922,126.760495945771,15840,2081,1421,389,5661,2113,224,3951
경기북부경찰청,경기도,파주시,야동동,37.7775745213807,126.765145620726,15840,2081,1421,389,5661,2113,224,3951
경기북부경찰청,경기도,파주시,연다산동,37.7441879822885,126.712878097414,15840,2081,1421,389,5661,2113,224,3951
경기북부경찰청,경기도,파주시,오도동,37.7507092837077,126.72424526325,15840,2081,1421,389,5661,2113,224,3951
경기북부경찰청,경기도,파주시,와동동,37.7318625355613,126.761251570125,15840,2081,1421,389,5661,2113,224,3951
경기북부경찰청,경기도,파주시,월롱면,37.796138372362,126.790219928738,15840,2081,1421,389,5661,2113,224,3951
경기북부경찰청,경기도,파주시,장단면,37.8673872474672,126.713896328482,15840,2081,1421,389,5661,2113,224,3951
경기북부경찰청,경기도,파주시,적성면,37.9543767524196,126.917635009286,15840,2081,1421,389,5661,2113,224,3951
경기북부경찰청,경기도,파주시,조리읍,37.7432671340386,126.809865956874,15840,2081,1421,389,5661,2113,224,3951
경기북부경찰청,경기도,파주시,진동면,37.9358392999861,126.802627655887,15840,2081,1421,389,5661,2113,224,3951
경기북부경찰청,경기도,파주시,탄현면,37.8025424016273,126.716245034905,15840,2081,1421,389,5661,2113,224,3951
경기북부경찰청,경기도,파주시,파주읍,37.8307483887254,126.820028579509,15840,2081,1421,389,5661,2113,224,3951
경기북부경찰청,경기도,파주시,파평면,37.9219358887444,126.837949199917,15840,2081,1421,389,5661,2113,224,3951
경기북부경찰청,경기도,파주시,하지석동,37.7596738294058,126.744198697461,15840,2081,1421,389,5661,2113,224,3951
경기남부경찰청,경기도,평택시,가재동,37.0449553961215,127.082478213738,26803,3445,2436,519,7638,5652,793,6320
경기남부경찰청,경기도,평택시,고덕면,37.0423407771254,127.017782815149,26803,3445,2436,519,7638,5652,793,6320
경기남부경찰청,경기도,평택시,군문동,36.9825314540802,127.088484999309,26803,3445,2436,519,7638,5652,793,6320
경기남부경찰청,경기도,평택시,도일동,37.053393997195,127.108218820566,26803,3445,2436,519,7638,5652,793,6320
경기남부경찰청,경기도,평택시,독곡동,37.0879336316759,127.070184064725,26803,3445,2436,519,7638,5652,793,6320
경기남부경찰청,경기도,평택시,동삭동,37.0138927319359,127.097667874173,26803,3445,2436,519,7638,5652,793,6320
경기남부경찰청,경기도,평택시,모곡동,37.0344065332421,127.075664631417,26803,3445,2436,519,7638,5652,793,6320
경기남부경찰청,경기도,평택시,비전동,37.0006091586062,127.095251177566,26803,3445,2436,519,7638,5652,793,6320
경기남부경찰청,경기도,평택시,서정동,37.0677686141954,127.054711085274,26803,3445,2436,519,7638,5652,793,6320
경기남부경찰청,경기도,평택시,서탄면,37.1082411769346,127.035321910042,26803,3445,2436,519,7638,5652,793,6320
경기남부경찰청,경기도,평택시,세교동,36.9999556147054,127.08234869534,26803,3445,2436,519,7638,5652,793,6320
경기남부경찰청,경기도,평택시,소사동,36.982035194968,127.130280325621,26803,3445,2436,519,7638,5652,793,6320
경기남부경찰청,경기도,평택시,신대동,36.9984964060501,127.063913951298,26803,3445,2436,519,7638,5652,793,6320
경기남부경찰청,경기도,평택시,신장동,37.0854023760527,127.051097700349,26803,3445,2436,519,7638,5652,793,6320
경기남부경찰청,경기도,평택시,안중읍,36.9861235831,126.931167606861,26803,3445,2436,519,7638,5652,793,6320
경기남부경찰청,경기도,평택시,오성면,37.0077895201807,126.980315179896,26803,3445,2436,519,7638,5652,793,6320
경기남부경찰청,경기도,평택시,용이동,37.0036183281677,127.14248240822,26803,3445,2436,519,7638,5652,793,6320
경기남부경찰청,경기도,평택시,월곡동,37.0235268655702,127.140901316289,26803,3445,2436,519,7638,5652,793,6320
경기남부경찰청,경기도,평택시,유천동,36.9769317263717,127.11612046132,26803,3445,2436,519,7638,5652,793,6320
경기남부경찰청,경기도,평택시,이충동,37.0580842473493,127.067952926886,26803,3445,2436,519,7638,5652,793,6320
경기남부경찰청,경기도,평택시,장당동,37.0456706763475,127.062051467923,26803,3445,2436,519,7638,5652,793,6320
경기남부경찰청,경기도,평택시,장안동,37.056927230493,127.084807199986,26803,3445,2436,519,7638,5652,793,6320
경기남부경찰청,경기도,평택시,죽백동,37.0061193026284,127.123566706371,26803,3445,2436,519,7638,5652,793,6320
경기남부경찰청,경기도,평택시,지산동,37.0774051123929,127.057583461173,26803,3445,2436,519,7638,5652,793,6320
경기남부경찰청,경기도,평택시,지제동,37.0163911669232,127.065218930238,26803,3445,2436,519,7638,5652,793,6320
경기남부경찰청,경기도,평택시,진위면,37.100012128018,127.090592307701,26803,3445,2436,519,7638,5652,793,6320
경기남부경찰청,경기도,평택시,청룡동,37.0256313784912,127.121723763273,26803,3445,2436,519,7638,5652,793,6320
경기남부경찰청,경기도,평택시,청북읍,37.0398153105502,126.934275457083,26803,3445,2436,519,7638,5652,793,6320
경기남부경찰청,경기도,평택시,칠괴동,37.0286788821224,127.086785263598,26803,3445,2436,519,7638,5652,793,6320
경기남부경찰청,경기도,평택시,칠원동,37.0246265270642,127.10590790441,26803,3445,2436,519,7638,5652,793,6320
경기남부경찰청,경기도,평택시,통복동,37.0008027064575,127.087288337454,26803,3445,2436,519,7638,5652,793,6320
경기남부경찰청,경기도,평택시,팽성읍,36.9651318147256,127.062439708927,26803,3445,2436,519,7638,5652,793,6320
경기남부경찰청,경기도,평택시,평택동,36.991082866366,127.085861850038,26803,3445,2436,519,7638,5652,793,6320
경기남부경찰청,경기도,평택시,포승읍,36.982819006435,126.885312774434,26803,3445,2436,519,7638,5652,793,6320
경기남부경찰청,경기도,평택시,합정동,36.9860841859558,127.099061077826,26803,3445,2436,519,7638,5652,793,6320
경기남부경찰청,경기도,평택시,현덕면,36.9673389996314,126.921562935075,26803,3445,2436,519,7638,5652,793,6320
경기북부경찰청,경기도,포천시,가산면,37.8486887449825,127.186545889806,4987,724,411,110,1328,915,83,1416
경기북부경찰청,경기도,포천시,관인면,38.1577991234707,127.251198061906,4987,724,411,110,1328,915,83,1416
경기북부경찰청,경기도,포천시,군내면,37.8890227837265,127.217800979652,4987,724,411,110,1328,915,83,1416
경기북부경찰청,경기도,포천시,내촌면,37.7862179992257,127.228615198246,4987,724,411,110,1328,915,83,1416
경기북부경찰청,경기도,포천시,동교동,37.8480479678123,127.129652982137,4987,724,411,110,1328,915,83,1416
경기북부경찰청,경기도,포천시,선단동,37.8541346428759,127.159166102123,4987,724,411,110,1328,915,83,1416
경기북부경찰청,경기도,포천시,설운동,37.8649962982809,127.136351360354,4987,724,411,110,1328,915,83,1416
경기북부경찰청,경기도,포천시,소흘읍,37.8233192010336,127.138600788633,4987,724,411,110,1328,915,83,1416
경기북부경찰청,경기도,포천시,신북면,37.9339384363111,127.226332807245,4987,724,411,110,1328,915,83,1416
경기북부경찰청,경기도,포천시,신읍동,37.9012378226924,127.180502231892,4987,724,411,110,1328,915,83,1416
경기북부경찰청,경기도,포천시,어룡동,37.8863367059279,127.18017028937,4987,724,411,110,1328,915,83,1416
경기북부경찰청,경기도,포천시,영북면,38.0891350316765,127.275521116391,4987,724,411,110,1328,915,83,1416
경기북부경찰청,경기도,포천시,영중면,38.0055608827229,127.245148658335,4987,724,411,110,1328,915,83,1416
경기북부경찰청,경기도,포천시,이동면,38.0306695650759,127.367579322942,4987,724,411,110,1328,915,83,1416
경기북부경찰청,경기도,포천시,일동면,37.961275785629,127.317109699824,4987,724,411,110,1328,915,83,1416
경기북부경찰청,경기도,포천시,자작동,37.8753336653124,127.168459151877,4987,724,411,110,1328,915,83,1416
경기북부경찰청,경기도,포천시,창수면,37.9917323799477,127.189116048569,4987,724,411,110,1328,915,83,1416
경기북부경찰청,경기도,포천시,화현면,37.9011714575415,127.288076354336,4987,724,411,110,1328,915,83,1416
경기남부경찰청,경기도,하남시,감북동,37.5161996997887,127.161915937618,9339,1049,876,174,3268,1260,62,2650
경기남부경찰청,경기도,하남시,감이동,37.4938628800768,127.166467808806,9339,1049,876,174,3268,1260,62,2650
경기남부경찰청,경기도,하남시,감일동,37.5082861885186,127.147467026542,9339,1049,876,174,3268,1260,62,2650
경기남부경찰청,경기도,하남시,광암동,37.5173515994697,127.173058058124,9339,1049,876,174,3268,1260,62,2650
경기남부경찰청,경기도,하남시,교산동,37.5222826112645,127.20626880933,9339,1049,876,174,3268,1260,62,2650
경기남부경찰청,경기도,하남시,덕풍동,37.5335585195015,127.200579497659,9339,1049,876,174,3268,1260,62,2650
경기남부경찰청,경기도,하남시,망월동,37.5680994614327,127.189475097868,9339,1049,876,174,3268,1260,62,2650
경기남부경찰청,경기도,하남시,미사동,37.5690910840716,127.210441105318,9339,1049,876,174,3268,1260,62,2650
경기남부경찰청,경기도,하남시,배알미동,37.5177392464295,127.265212432637,9339,1049,876,174,3268,1260,62,2650
경기남부경찰청,경기도,하남시,상사창동,37.489726267815,127.196445848655,9339,1049,876,174,3268,1260,62,2650
경기남부경찰청,경기도,하남시,상산곡동,37.489368845274,127.234347110482,9339,1049,876,174,3268,1260,62,2650
경기남부경찰청,경기도,하남시,선동,37.5862418523929,127.184933407624,9339,1049,876,174,3268,1260,62,2650
경기남부경찰청,경기도,하남시,신장동,37.5387902964053,127.209586513271,9339,1049,876,174,3268,1260,62,2650
경기남부경찰청,경기도,하남시,창우동,37.5336380827135,127.233747886717,9339,1049,876,174,3268,1260,62,2650
경기남부경찰청,경기도,하남시,천현동,37.5259176522043,127.217102955502,9339,1049,876,174,3268,1260,62,2650
경기남부경찰청,경기도,하남시,초이동,37.5366254111778,127.170857796634,9339,1049,876,174,3268,1260,62,2650
경기남부경찰청,경기도,하남시,초일동,37.5361296989004,127.184153350595,9339,1049,876,174,3268,1260,62,2650
경기남부경찰청,경기도,하남시,춘궁동,37.522144576911,127.194150708904,9339,1049,876,174,3268,1260,62,2650
경기남부경찰청,경기도,하남시,풍산동,37.5490233229792,127.185090374889,9339,1049,876,174,3268,1260,62,2650
경기남부경찰청,경기도,하남시,하사창동,37.5089169272586,127.20742186813,9339,1049,876,174,3268,1260,62,2650
경기남부경찰청,경기도,하남시,하산곡동,37.5125565845743,127.232777258373,9339,1049,876,174,3268,1260,62,2650
경기남부경찰청,경기도,하남시,학암동,37.4785745414962,127.166501723578,9339,1049,876,174,3268,1260,62,2650
경기남부경찰청,경기도,하남시,항동,37.502731028315,127.184365332522,9339,1049,876,174,3268,1260,62,2650
경기남부경찰청,경기도,화성시,금곡동,37.1746102996079,127.078952589336,27300,3514,2895,555,7978,5194,257,6907
경기남부경찰청,경기도,화성시,기산동,37.2244311943994,127.044484819305,27300,3514,2895,555,7978,5194,257,6907
경기남부경찰청,경기도,화성시,기안동,37.2250582987114,126.983346223693,27300,3514,2895,555,7978,5194,257,6907
경기남부경찰청,경기도,화성시,남양읍,37.2117874848512,126.823775852836,27300,3514,2895,555,7978,5194,257,6907
경기남부경찰청,경기도,화성시,능동,37.2075216907364,127.057939022192,27300,3514,2895,555,7978,5194,257,6907
경기남부경찰청,경기도,화성시,마도면,37.205473723943,126.769633656944,27300,3514,2895,555,7978,5194,257,6907
경기남부경찰청,경기도,화성시,매송면,37.2523370989409,126.909117423432,27300,3514,2895,555,7978,5194,257,6907
경기남부경찰청,경기도,화성시,목동,37.1856511740802,127.123917146596,27300,3514,2895,555,7978,5194,257,6907
경기남부경찰청,경기도,화성시,반송동,37.1934918316945,127.074876988386,27300,3514,2895,555,7978,5194,257,6907
경기남부경찰청,경기도,화성시,반월동,37.2330741028276,127.060595508341,27300,3514,2895,555,7978,5194,257,6907
경기남부경찰청,경기도,화성시,반정동,37.232099507724,127.038178781901,27300,3514,2895,555,7978,5194,257,6907
경기남부경찰청,경기도,화성시,방교동,37.1770806030427,127.096517262521,27300,3514,2895,555,7978,5194,257,6907
경기남부경찰청,경기도,화성시,배양동,37.2217002021776,126.993861586525,27300,3514,2895,555,7978,5194,257,6907
경기남부경찰청,경기도,화성시,병점동,37.2069172825447,127.037269392114,27300,3514,2895,555,7978,5194,257,6907
경기남부경찰청,경기도,화성시,봉담읍,37.2200677257088,126.949541707928,27300,3514,2895,555,7978,5194,257,6907
경기남부경찰청,경기도,화성시,비봉면,37.2351772510045,126.873409905347,27300,3514,2895,555,7978,5194,257,6907
경기남부경찰청,경기도,화성시,산척동,37.171511144637,127.109999439802,27300,3514,2895,555,7978,5194,257,6907
경기남부경찰청,경기도,화성시,새솔동,37.2751066073256,126.829342645292,27300,3514,2895,555,7978,5194,257,6907
경기남부경찰청,경기도,화성시,서신면,37.1665728218836,126.708732190778,27300,3514,2895,555,7978,5194,257,6907
경기남부경찰청,경기도,화성시,석우동,37.2146371470733,127.075745100427,27300,3514,2895,555,7978,5194,257,6907
경기남부경찰청,경기도,화성시,송동,37.1660970746762,127.093846166235,27300,3514,2895,555,7978,5194,257,6907
경기남부경찰청,경기도,화성시,송산동,37.2128949391585,127.00934174173,27300,3514,2895,555,7978,5194,257,6907
경기남부경찰청,경기도,화성시,송산면,37.2178053503809,126.739158124493,27300,3514,2895,555,7978,5194,257,6907
경기남부경찰청,경기도,화성시,신동,37.1832317879972,127.146837212475,27300,3514,2895,555,7978,5194,257,6907
경기남부경찰청,경기도,화성시,안녕동,37.2031025475355,126.994223557385,27300,3514,2895,555,7978,5194,257,6907
경기남부경찰청,경기도,화성시,양감면,37.0813059020504,126.94442445685,27300,3514,2895,555,7978,5194,257,6907
경기남부경찰청,경기도,화성시,영천동,37.2117265232187,127.102415079648,27300,3514,2895,555,7978,5194,257,6907
경기남부경찰청,경기도,화성시,오산동,37.1911955590713,127.090890339343,27300,3514,2895,555,7978,5194,257,6907
경기남부경찰청,경기도,화성시,우정읍,37.0898218397967,126.815352917752,27300,3514,2895,555,7978,5194,257,6907
경기남부경찰청,경기도,화성시,장안면,37.0797644844945,126.831328957097,27300,3514,2895,555,7978,5194,257,6907
경기남부경찰청,경기도,화성시,장지동,37.1538755386658,127.11393642218,27300,3514,2895,555,7978,5194,257,6907
경기남부경찰청,경기도,화성시,정남면,37.1599855546738,126.971336844978,27300,3514,2895,555,7978,5194,257,6907
경기남부경찰청,경기도,화성시,중동,37.2076422692279,127.141585354967,27300,3514,2895,555,7978,5194,257,6907
경기남부경찰청,경기도,화성시,진안동,37.2133226522342,127.03496075268,27300,3514,2895,555,7978,5194,257,6907
경기남부경찰청,경기도,화성시,청계동,37.195686479495,127.111863681106,27300,3514,2895,555,7978,5194,257,6907
경기남부경찰청,경기도,화성시,팔탄면,37.1622647424706,126.904852591928,27300,3514,2895,555,7978,5194,257,6907
경기남부경찰청,경기도,화성시,향남읍,37.1324366797365,126.920352983661,27300,3514,2895,555,7978,5194,257,6907
경기남부경찰청,경기도,화성시,황계동,37.221446980909,127.016044551285,27300,3514,2895,555,7978,5194,257,6907
대전광역시경찰청,대전광역시,대덕구,갈전동,36.4289159653448,127.470231794045,5141,818,546,126,1462,842,24,1323
대전광역시경찰청,대전광역시,대덕구,대화동,36.3664804183072,127.411410536653,5141,818,546,126,1462,842,24,1323
대전광역시경찰청,대전광역시,대덕구,덕암동,36.4403037751322,127.426856681678,5141,818,546,126,1462,842,24,1323
대전광역시경찰청,대전광역시,대덕구,목상동,36.4485087587779,127.412262656128,5141,818,546,126,1462,842,24,1323
대전광역시경찰청,대전광역시,대덕구,문평동,36.4456020279258,127.396716526258,5141,818,546,126,1462,842,24,1323
대전광역시경찰청,대전광역시,대덕구,미호동,36.4634406767893,127.472167212185,5141,818,546,126,1462,842,24,1323
대전광역시경찰청,대전광역시,대덕구,법동,36.3707593834746,127.426766168389,5141,818,546,126,1462,842,24,1323
대전광역시경찰청,대전광역시,대덕구,비래동,36.3548963656834,127.450017671709,5141,818,546,126,1462,842,24,1323
대전광역시경찰청,대전광역시,대덕구,삼정동,36.4446290608231,127.466431698198,5141,818,546,126,1462,842,24,1323
대전광역시경찰청,대전광역시,대덕구,상서동,36.42566820382,127.419943168404,5141,818,546,126,1462,842,24,1323
대전광역시경찰청,대전광역시,대덕구,석봉동,36.4481084706604,127.425663540284,5141,818,546,126,1462,842,24,1323
대전광역시경찰청,대전광역시,대덕구,송촌동,36.3657586658524,127.439967262996,5141,818,546,126,1462,842,24,1323
대전광역시경찰청,대전광역시,대덕구,신대동,36.3989562765438,127.41829229941,5141,818,546,126,1462,842,24,1323
대전광역시경찰청,대전광역시,대덕구,신일동,36.4380332799492,127.407125999633,5141,818,546,126,1462,842,24,1323
대전광역시경찰청,대전광역시,대덕구,신탄진동,36.4517152153313,127.429101079908,5141,818,546,126,1462,842,24,1323
대전광역시경찰청,대전광역시,대덕구,연축동,36.3904136842561,127.425304206537,5141,818,546,126,1462,842,24,1323
대전광역시경찰청,대전광역시,대덕구,오정동,36.3538403567367,127.409900161618,5141,818,546,126,1462,842,24,1323
대전광역시경찰청,대전광역시,대덕구,와동,36.4124297927117,127.425633799972,5141,818,546,126,1462,842,24,1323
대전광역시경찰청,대전광역시,대덕구,용호동,36.4403862029214,127.45148335886,5141,818,546,126,1462,842,24,1323
대전광역시경찰청,대전광역시,대덕구,읍내동,36.3793112840074,127.425306156536,5141,818,546,126,1462,842,24,1323
대전광역시경찰청,대전광역시,대덕구,이현동,36.4118442312024,127.461954366543,5141,818,546,126,1462,842,24,1323
대전광역시경찰청,대전광역시,대덕구,장동,36.4056790790613,127.443246840143,5141,818,546,126,1462,842,24,1323
대전광역시경찰청,대전광역시,대덕구,중리동,36.3605737779523,127.426420863562,5141,818,546,126,1462,842,24,1323
대전광역시경찰청,대전광역시,대덕구,평촌동,36.4326251203994,127.435058247866,5141,818,546,126,1462,842,24,1323
대전광역시경찰청,대전광역시,동구,가양동,36.347019755256,127.441416938884,7869,1274,1023,201,2635,879,50,1807
대전광역시경찰청,대전광역시,동구,가오동,36.3080818514056,127.459560061295,7869,1274,1023,201,2635,879,50,1807
대전광역시경찰청,대전광역시,동구,구도동,36.2673193416728,127.471664844759,7869,1274,1023,201,2635,879,50,1807
대전광역시경찰청,대전광역시,동구,낭월동,36.2853809699101,127.487365904407,7869,1274,1023,201,2635,879,50,1807
대전광역시경찰청,대전광역시,동구,내탑동,36.4009541830653,127.511576636429,7869,1274,1023,201,2635,879,50,1807
대전광역시경찰청,대전광역시,동구,대동,36.3301051112743,127.442769372147,7869,1274,1023,201,2635,879,50,1807
대전광역시경찰청,대전광역시,동구,대별동,36.281083048394,127.457531817982,7869,1274,1023,201,2635,879,50,1807
대전광역시경찰청,대전광역시,동구,대성동,36.293802952404,127.469918368439,7869,1274,1023,201,2635,879,50,1807
대전광역시경찰청,대전광역시,동구,마산동,36.3879302296938,127.488406415532,7869,1274,1023,201,2635,879,50,1807
대전광역시경찰청,대전광역시,동구,비룡동,36.3436425678873,127.476054656938,7869,1274,1023,201,2635,879,50,1807
대전광역시경찰청,대전광역시,동구,사성동,36.3841858427103,127.517315728032,7869,1274,1023,201,2635,879,50,1807
대전광역시경찰청,대전광역시,동구,삼괴동,36.245319119014,127.477237711421,7869,1274,1023,201,2635,879,50,1807
대전광역시경찰청,대전광역시,동구,삼성동,36.3405647879049,127.42217253113,7869,1274,1023,201,2635,879,50,1807
대전광역시경찰청,대전광역시,동구,삼정동,36.3235534586091,127.474275332343,7869,1274,1023,201,2635,879,50,1807
대전광역시경찰청,대전광역시,동구,상소동,36.2308653584164,127.460344728626,7869,1274,1023,201,2635,879,50,1807
대전광역시경찰청,대전광역시,동구,성남동,36.3445145286182,127.437486153125,7869,1274,1023,201,2635,879,50,1807
대전광역시경찰청,대전광역시,동구,세천동,36.3273525275511,127.493053112169,7869,1274,1023,201,2635,879,50,1807
대전광역시경찰청,대전광역시,동구,소제동,36.3347483765342,127.437765680729,7869,1274,1023,201,2635,879,50,1807
대전광역시경찰청,대전광역시,동구,소호동,36.264737640589,127.449379680235,7869,1274,1023,201,2635,879,50,1807
대전광역시경찰청,대전광역시,동구,신상동,36.3612821224961,127.516406452962,7869,1274,1023,201,2635,879,50,1807
대전광역시경찰청,대전광역시,동구,신안동,36.330738315151,127.438211022048,7869,1274,1023,201,2635,879,50,1807
대전광역시경찰청,대전광역시,동구,신촌동,36.3717182112141,127.516274840536,7869,1274,1023,201,2635,879,50,1807
대전광역시경찰청,대전광역시,동구,신하동,36.3632131523996,127.500566196125,7869,1274,1023,201,2635,879,50,1807
대전광역시경찰청,대전광역시,동구,신흥동,36.3222118390575,127.445401889362,7869,1274,1023,201,2635,879,50,1807
대전광역시경찰청,대전광역시,동구,오동,36.4154677605755,127.522932877107,7869,1274,1023,201,2635,879,50,1807
대전광역시경찰청,대전광역시,동구,용운동,36.3281414785866,127.461580056854,7869,1274,1023,201,2635,879,50,1807
대전광역시경찰청,대전광역시,동구,용전동,36.3577370465832,127.432394996182,7869,1274,1023,201,2635,879,50,1807
대전광역시경찰청,대전광역시,동구,원동,36.3273754232809,127.434178396422,7869,1274,1023,201,2635,879,50,1807
대전광역시경찰청,대전광역시,동구,이사동,36.2782524031907,127.443424634903,7869,1274,1023,201,2635,879,50,1807
대전광역시경찰청,대전광역시,동구,인동,36.3220737686573,127.438875233153,7869,1274,1023,201,2635,879,50,1807
대전광역시경찰청,대전광역시,동구,자양동,36.3354899505013,127.448725370359,7869,1274,1023,201,2635,879,50,1807
대전광역시경찰청,대전광역시,동구,장척동,36.2540795748578,127.441320808933,7869,1274,1023,201,2635,879,50,1807
대전광역시경찰청,대전광역시,동구,정동,36.3339496363015,127.43240161029,7869,1274,1023,201,2635,879,50,1807
대전광역시경찰청,대전광역시,동구,주산동,36.3595285529654,127.478727328669,7869,1274,1023,201,2635,879,50,1807
대전광역시경찰청,대전광역시,동구,주촌동,36.4047594095506,127.531676984594,7869,1274,1023,201,2635,879,50,1807
대전광역시경찰청,대전광역시,동구,중동,36.3311352793615,127.430149629236,7869,1274,1023,201,2635,879,50,1807
대전광역시경찰청,대전광역시,동구,직동,36.4192547799407,127.485725758392,7869,1274,1023,201,2635,879,50,1807
대전광역시경찰청,대전광역시,동구,천동,36.3148371241356,127.446228483964,7869,1274,1023,201,2635,879,50,1807
대전광역시경찰청,대전광역시,동구,추동,36.3728095821003,127.470205903331,7869,1274,1023,201,2635,879,50,1807
대전광역시경찰청,대전광역시,동구,판암동,36.3173568237101,127.457667993794,7869,1274,1023,201,2635,879,50,1807
대전광역시경찰청,대전광역시,동구,하소동,36.2159199552795,127.437289593048,7869,1274,1023,201,2635,879,50,1807
대전광역시경찰청,대전광역시,동구,홍도동,36.3489619610427,127.425720318986,7869,1274,1023,201,2635,879,50,1807
대전광역시경찰청,대전광역시,동구,효동,36.3170775965825,127.441822653063,7869,1274,1023,201,2635,879,50,1807
대전광역시경찰청,대전광역시,동구,효평동,36.3985055162119,127.46697190424,7869,1274,1023,201,2635,879,50,1807
대전광역시경찰청,대전광역시,서구,가수원동,36.3035880722451,127.34943491264,15910,2541,1873,466,5338,2017,158,3517
대전광역시경찰청,대전광역시,서구,가장동,36.330109894048,127.385188763848,15910,2541,1873,466,5338,2017,158,3517
대전광역시경찰청,대전광역시,서구,갈마동,36.3526615199213,127.367840159016,15910,2541,1873,466,5338,2017,158,3517
대전광역시경찰청,대전광역시,서구,관저동,36.303857041868,127.33736713095,15910,2541,1873,466,5338,2017,158,3517
대전광역시경찰청,대전광역시,서구,괴곡동,36.2811820342312,127.360029216893,15910,2541,1873,466,5338,2017,158,3517
대전광역시경찰청,대전광역시,서구,괴정동,36.3371418821154,127.382068970091,15910,2541,1873,466,5338,2017,158,3517
대전광역시경찰청,대전광역시,서구,내동,36.3322111734858,127.377362575419,15910,2541,1873,466,5338,2017,158,3517
대전광역시경찰청,대전광역시,서구,도마동,36.3160391986021,127.38115530131,15910,2541,1873,466,5338,2017,158,3517
대전광역시경찰청,대전광역시,서구,도안동,36.3241976679528,127.346484371957,15910,2541,1873,466,5338,2017,158,3517
대전광역시경찰청,대전광역시,서구,둔산동,36.3525471565863,127.385816196595,15910,2541,1873,466,5338,2017,158,3517
대전광역시경찰청,대전광역시,서구,만년동,36.3675085566387,127.375023596287,15910,2541,1873,466,5338,2017,158,3517
대전광역시경찰청,대전광역시,서구,매노동,36.2437159505617,127.333303659232,15910,2541,1873,466,5338,2017,158,3517
대전광역시경찰청,대전광역시,서구,변동,36.3258260182592,127.386762476923,15910,2541,1873,466,5338,2017,158,3517
대전광역시경찰청,대전광역시,서구,복수동,36.2999799953069,127.378935126694,15910,2541,1873,466,5338,2017,158,3517
대전광역시경찰청,대전광역시,서구,봉곡동,36.270967561262,127.32025151422,15910,2541,1873,466,5338,2017,158,3517
대전광역시경찰청,대전광역시,서구,산직동,36.2453328766493,127.353945990359,15910,2541,1873,466,5338,2017,158,3517
대전광역시경찰청,대전광역시,서구,오동,36.2202326972557,127.322091018675,15910,2541,1873,466,5338,2017,158,3517
대전광역시경찰청,대전광역시,서구,용문동,36.3389135932139,127.39153662262,15910,2541,1873,466,5338,2017,158,3517
대전광역시경찰청,대전광역시,서구,용촌동,36.2512569696199,127.320162161264,15910,2541,1873,466,5338,2017,158,3517
대전광역시경찰청,대전광역시,서구,우명동,36.2278732950727,127.299075537989,15910,2541,1873,466,5338,2017,158,3517
대전광역시경찰청,대전광역시,서구,원정동,36.2527243695865,127.296277328208,15910,2541,1873,466,5338,2017,158,3517
대전광역시경찰청,대전광역시,서구,월평동,36.3546931857663,127.357608933166,15910,2541,1873,466,5338,2017,158,3517
대전광역시경찰청,대전광역시,서구,장안동,36.219882060227,127.348181412445,15910,2541,1873,466,5338,2017,158,3517
대전광역시경찰청,대전광역시,서구,정림동,36.3044951786302,127.366714213649,15910,2541,1873,466,5338,2017,158,3517
대전광역시경찰청,대전광역시,서구,탄방동,36.3466402192899,127.395385119788,15910,2541,1873,466,5338,2017,158,3517
대전광역시경찰청,대전광역시,서구,평촌동,36.2391811782622,127.313282421729,15910,2541,1873,466,5338,2017,158,3517
대전광역시경찰청,대전광역시,서구,흑석동,36.2636713049895,127.347454272413,15910,2541,1873,466,5338,2017,158,3517
대전광역시경찰청,대전광역시,유성구,가정동,36.3805785763926,127.367084472042,9639,1236,1064,255,3221,1547,50,2266
대전광역시경찰청,대전광역시,유성구,갑동,36.3680171255378,127.290830399085,9639,1236,1064,255,3221,1547,50,2266
대전광역시경찰청,대전광역시,유성구,계산동,36.3385412439721,127.293852980217,9639,1236,1064,255,3221,1547,50,2266
대전광역시경찰청,대전광역시,유성구,관평동,36.4231207490064,127.388769859047,9639,1236,1064,255,3221,1547,50,2266
대전광역시경찰청,대전광역시,유성구,교촌동,36.3077933526097,127.312176002492,9639,1236,1064,255,3221,1547,50,2266
대전광역시경찰청,대전광역시,유성구,구룡동,36.4431121490927,127.360030823127,9639,1236,1064,255,3221,1547,50,2266
대전광역시경찰청,대전광역시,유성구,구성동,36.37096141244,127.367039284927,9639,1236,1064,255,3221,1547,50,2266
대전광역시경찰청,대전광역시,유성구,구암동,36.3519385888595,127.323679920393,9639,1236,1064,255,3221,1547,50,2266
대전광역시경찰청,대전광역시,유성구,궁동,36.3674377559455,127.343422294907,9639,1236,1064,255,3221,1547,50,2266
대전광역시경찰청,대전광역시,유성구,금고동,36.4646412815354,127.389182339314,9639,1236,1064,255,3221,1547,50,2266
대전광역시경찰청,대전광역시,유성구,금탄동,36.4907448882612,127.381701482906,9639,1236,1064,255,3221,1547,50,2266
대전광역시경찰청,대전광역시,유성구,노은동,36.3682747209834,127.318452455186,9639,1236,1064,255,3221,1547,50,2266
대전광역시경찰청,대전광역시,유성구,대동,36.4795366673062,127.394345231376,9639,1236,1064,255,3221,1547,50,2266
대전광역시경찰청,대전광역시,유성구,대정동,36.3148257990781,127.331076169022,9639,1236,1064,255,3221,1547,50,2266
대전광역시경찰청,대전광역시,유성구,덕명동,36.3514737208223,127.297266017143,9639,1236,1064,255,3221,1547,50,2266
대전광역시경찰청,대전광역시,유성구,덕진동,36.423615479032,127.368013981303,9639,1236,1064,255,3221,1547,50,2266
대전광역시경찰청,대전광역시,유성구,도룡동,36.3753524482403,127.386307684878,9639,1236,1064,255,3221,1547,50,2266
대전광역시경찰청,대전광역시,유성구,둔곡동,36.4582132692471,127.364362118397,9639,1236,1064,255,3221,1547,50,2266
대전광역시경찰청,대전광역시,유성구,문지동,36.391139122298,127.397844033525,9639,1236,1064,255,3221,1547,50,2266
대전광역시경찰청,대전광역시,유성구,반석동,36.3945513642236,127.29664969477,9639,1236,1064,255,3221,1547,50,2266
대전광역시경찰청,대전광역시,유성구,방동,36.277548322191,127.29418071738,9639,1236,1064,255,3221,1547,50,2266
대전광역시경찰청,대전광역시,유성구,방현동,36.4122663834233,127.362653424746,9639,1236,1064,255,3221,1547,50,2266
대전광역시경찰청,대전광역시,유성구,복용동,36.3449987256122,127.313157684658,9639,1236,1064,255,3221,1547,50,2266
대전광역시경찰청,대전광역시,유성구,봉명동,36.3549114724545,127.345907414374,9639,1236,1064,255,3221,1547,50,2266
대전광역시경찰청,대전광역시,유성구,봉산동,36.4475527876792,127.384398805539,9639,1236,1064,255,3221,1547,50,2266
대전광역시경찰청,대전광역시,유성구,상대동,36.3437302916428,127.335578499973,9639,1236,1064,255,3221,1547,50,2266
대전광역시경찰청,대전광역시,유성구,성북동,36.3060701442423,127.290791709425,9639,1236,1064,255,3221,1547,50,2266
대전광역시경찰청,대전광역시,유성구,세동,36.2934480386581,127.274834596405,9639,1236,1064,255,3221,1547,50,2266
대전광역시경찰청,대전광역시,유성구,송강동,36.4307279721096,127.381630476095,9639,1236,1064,255,3221,1547,50,2266
대전광역시경찰청,대전광역시,유성구,송정동,36.2869498135077,127.258150375658,9639,1236,1064,255,3221,1547,50,2266
대전광역시경찰청,대전광역시,유성구,수남동,36.4149120002706,127.319837967658,9639,1236,1064,255,3221,1547,50,2266
대전광역시경찰청,대전광역시,유성구,신동,36.4746455317664,127.371781063762,9639,1236,1064,255,3221,1547,50,2266
대전광역시경찰청,대전광역시,유성구,신봉동,36.4069101870462,127.332826543509,9639,1236,1064,255,3221,1547,50,2266
대전광역시경찰청,대전광역시,유성구,신성동,36.3838680517777,127.349593151015,9639,1236,1064,255,3221,1547,50,2266
대전광역시경찰청,대전광역시,유성구,안산동,36.4081978017677,127.292621167438,9639,1236,1064,255,3221,1547,50,2266
대전광역시경찰청,대전광역시,유성구,어은동,36.3743834890298,127.355911578359,9639,1236,1064,255,3221,1547,50,2266
대전광역시경찰청,대전광역시,유성구,외삼동,36.4010724999659,127.316214011206,9639,1236,1064,255,3221,1547,50,2266
대전광역시경찰청,대전광역시,유성구,용계동,36.3232728261105,127.329352325585,9639,1236,1064,255,3221,1547,50,2266
대전광역시경찰청,대전광역시,유성구,용산동,36.4217434336629,127.400863552541,9639,1236,1064,255,3221,1547,50,2266
대전광역시경찰청,대전광역시,유성구,원내동,36.295099545558,127.316867870265,9639,1236,1064,255,3221,1547,50,2266
대전광역시경찰청,대전광역시,유성구,원신흥동,36.3421510420859,127.343329061063,9639,1236,1064,255,3221,1547,50,2266
대전광역시경찰청,대전광역시,유성구,원촌동,36.3808102590536,127.403653520412,9639,1236,1064,255,3221,1547,50,2266
대전광역시경찰청,대전광역시,유성구,자운동,36.4027047910382,127.345084602985,9639,1236,1064,255,3221,1547,50,2266
대전광역시경찰청,대전광역시,유성구,장대동,36.3629526585344,127.332251511601,9639,1236,1064,255,3221,1547,50,2266
대전광역시경찰청,대전광역시,유성구,장동,36.4003333080821,127.357211505724,9639,1236,1064,255,3221,1547,50,2266
대전광역시경찰청,대전광역시,유성구,전민동,36.4000125495647,127.400381822617,9639,1236,1064,255,3221,1547,50,2266
대전광역시경찰청,대전광역시,유성구,죽동,36.3767410143454,127.335974335378,9639,1236,1064,255,3221,1547,50,2266
대전광역시경찰청,대전광역시,유성구,지족동,36.3802222170795,127.31102533917,9639,1236,1064,255,3221,1547,50,2266
대전광역시경찰청,대전광역시,유성구,추목동,36.4179580165704,127.349397996496,9639,1236,1064,255,3221,1547,50,2266
대전광역시경찰청,대전광역시,유성구,탑립동,36.41640758006,127.411740601726,9639,1236,1064,255,3221,1547,50,2266
대전광역시경찰청,대전광역시,유성구,하기동,36.3915429263121,127.327803174974,9639,1236,1064,255,3221,1547,50,2266
대전광역시경찰청,대전광역시,유성구,학하동,36.3370335104884,127.309931282503,9639,1236,1064,255,3221,1547,50,2266
대전광역시경찰청,대전광역시,유성구,화암동,36.4125606963227,127.375886700276,9639,1236,1064,255,3221,1547,50,2266
대전광역시경찰청,대전광역시,중구,구완동,36.279421202243,127.426335198607,8582,1548,1172,216,2981,913,46,1706
대전광역시경찰청,대전광역시,중구,금동,36.2425658277097,127.425445207229,8582,1548,1172,216,2981,913,46,1706
대전광역시경찰청,대전광역시,중구,대사동,36.3176799385078,127.424819646891,8582,1548,1172,216,2981,913,46,1706
대전광역시경찰청,대전광역시,중구,대흥동,36.323355907996,127.424213444029,8582,1548,1172,216,2981,913,46,1706
대전광역시경찰청,대전광역시,중구,목달동,36.2621343562352,127.411499131578,8582,1548,1172,216,2981,913,46,1706
대전광역시경찰청,대전광역시,중구,목동,36.3358684217499,127.408527307191,8582,1548,1172,216,2981,913,46,1706
대전광역시경찰청,대전광역시,중구,무수동,36.2818497375633,127.4069811764,8582,1548,1172,216,2981,913,46,1706
대전광역시경찰청,대전광역시,중구,문창동,36.316216027142,127.437915923805,8582,1548,1172,216,2981,913,46,1706
대전광역시경찰청,대전광역시,중구,문화동,36.3152626096338,127.406789549422,8582,1548,1172,216,2981,913,46,1706
대전광역시경찰청,대전광역시,중구,부사동,36.3142129187367,127.433655534598,8582,1548,1172,216,2981,913,46,1706
대전광역시경찰청,대전광역시,중구,사정동,36.2949213988928,127.397065476943,8582,1548,1172,216,2981,913,46,1706
대전광역시경찰청,대전광역시,중구,산성동,36.3054035846103,127.386171712159,8582,1548,1172,216,2981,913,46,1706
대전광역시경찰청,대전광역시,중구,석교동,36.3097179432206,127.442480375975,8582,1548,1172,216,2981,913,46,1706
대전광역시경찰청,대전광역시,중구,선화동,36.3305087346124,127.418794838885,8582,1548,1172,216,2981,913,46,1706
대전광역시경찰청,대전광역시,중구,안영동,36.2769483551484,127.379242268111,8582,1548,1172,216,2981,913,46,1706
대전광역시경찰청,대전광역시,중구,어남동,36.227670999516,127.412039272046,8582,1548,1172,216,2981,913,46,1706
대전광역시경찰청,대전광역시,중구,오류동,36.3254558995848,127.403848952525,8582,1548,1172,216,2981,913,46,1706
대전광역시경찰청,대전광역시,중구,옥계동,36.2970906575424,127.452103442805,8582,1548,1172,216,2981,913,46,1706
대전광역시경찰청,대전광역시,중구,용두동,36.3251884948564,127.410391530714,8582,1548,1172,216,2981,913,46,1706
대전광역시경찰청,대전광역시,중구,유천동,36.315095902437,127.395234672172,8582,1548,1172,216,2981,913,46,1706
대전광역시경찰청,대전광역시,중구,은행동,36.3284743770725,127.428317409366,8582,1548,1172,216,2981,913,46,1706
대전광역시경찰청,대전광역시,중구,정생동,36.2475879767647,127.40124058286,8582,1548,1172,216,2981,913,46,1706
대전광역시경찰청,대전광역시,중구,중촌동,36.3389046180399,127.412423888246,8582,1548,1172,216,2981,913,46,1706
대전광역시경찰청,대전광역시,중구,침산동,36.281046059827,127.39181728369,8582,1548,1172,216,2981,913,46,1706
대전광역시경찰청,대전광역시,중구,태평동,36.3264278223224,127.394539034565,8582,1548,1172,216,2981,913,46,1706
대전광역시경찰청,대전광역시,중구,호동,36.2965798754591,127.43131802123,8582,1548,1172,216,2981,913,46,1706
충청남도경찰청,충청남도,계룡시,금암동,36.2727430805966,127.246373258909,524,70,45,18,131,98,4,158
충청남도경찰청,충청남도,계룡시,두마면,36.2668857117978,127.27277842213,524,70,45,18,131,98,4,158
충청남도경찰청,충청남도,계룡시,신도안면,36.3004324211876,127.24223856908,524,70,45,18,131,98,4,158
충청남도경찰청,충청남도,계룡시,엄사면,36.2885919883972,127.239873234269,524,70,45,18,131,98,4,158
충청남도경찰청,충청남도,공주시,검상동,36.4410870727535,127.079826961023,3005,321,244,65,802,856,29,688
충청남도경찰청,충청남도,공주시,계룡면,36.3603026160494,127.141715269337,3005,321,244,65,802,856,29,688
충청남도경찰청,충청남도,공주시,교동,36.4585660278248,127.118868129848,3005,321,244,65,802,856,29,688
충청남도경찰청,충청남도,공주시,금성동,36.4643653431187,127.126441228125,3005,321,244,65,802,856,29,688
충청남도경찰청,충청남도,공주시,금학동,36.4388552100099,127.119395714885,3005,321,244,65,802,856,29,688
충청남도경찰청,충청남도,공주시,금흥동,36.4847158171735,127.143570828236,3005,321,244,65,802,856,29,688
충청남도경찰청,충청남도,공주시,동현동,36.4782306753658,127.1809717095,3005,321,244,65,802,856,29,688
충청남도경찰청,충청남도,공주시,무릉동,36.4624630583136,127.174308144409,3005,321,244,65,802,856,29,688
충청남도경찰청,충청남도,공주시,반죽동,36.4542387452053,127.12055712512,3005,321,244,65,802,856,29,688
충청남도경찰청,충청남도,공주시,반포면,36.3968960063991,127.250295900885,3005,321,244,65,802,856,29,688
충청남도경찰청,충청남도,공주시,봉정동,36.4384163728041,127.098637095002,3005,321,244,65,802,856,29,688
충청남도경찰청,충청남도,공주시,봉황동,36.4485446237102,127.119321325637,3005,321,244,65,802,856,29,688
충청남도경찰청,충청남도,공주시,사곡면,36.5021558319953,127.025302321401,3005,321,244,65,802,856,29,688
충청남도경찰청,충청남도,공주시,산성동,36.4585407183966,127.125972149835,3005,321,244,65,802,856,29,688
충청남도경찰청,충청남도,공주시,상왕동,36.4341704078881,127.176542249995,3005,321,244,65,802,856,29,688
충청남도경찰청,충청남도,공주시,석장리동,36.4561819461227,127.191933201635,3005,321,244,65,802,856,29,688
충청남도경찰청,충청남도,공주시,소학동,36.444274402162,127.150108271246,3005,321,244,65,802,856,29,688
충청남도경찰청,충청남도,공주시,송선동,36.4884353642706,127.166130125992,3005,321,244,65,802,856,29,688
충청남도경찰청,충청남도,공주시,신관동,36.4722527778368,127.132657794031,3005,321,244,65,802,856,29,688
충청남도경찰청,충청남도,공주시,신기동,36.4303007872027,127.145843669886,3005,321,244,65,802,856,29,688
충청남도경찰청,충청남도,공주시,신풍면,36.5147051262697,126.955478231409,3005,321,244,65,802,856,29,688
충청남도경찰청,충청남도,공주시,쌍신동,36.4836806076031,127.128347397994,3005,321,244,65,802,856,29,688
충청남도경찰청,충청남도,공주시,오곡동,36.4011539115431,127.115690500545,3005,321,244,65,802,856,29,688
충청남도경찰청,충청남도,공주시,옥룡동,36.4574937199155,127.137273431769,3005,321,244,65,802,856,29,688
충청남도경찰청,충청남도,공주시,우성면,36.4709499920014,127.049709589199,3005,321,244,65,802,856,29,688
충청남도경찰청,충청남도,공주시,웅진동,36.4559373477174,127.104397666726,3005,321,244,65,802,856,29,688
충청남도경찰청,충청남도,공주시,월미동,36.4915284623344,127.10972214254,3005,321,244,65,802,856,29,688
충청남도경찰청,충청남도,공주시,월송동,36.4714366269978,127.154851331501,3005,321,244,65,802,856,29,688
충청남도경찰청,충청남도,공주시,유구읍,36.552857962243,126.950443521775,3005,321,244,65,802,856,29,688
충청남도경찰청,충청남도,공주시,의당면,36.4994903433971,127.141280921738,3005,321,244,65,802,856,29,688
충청남도경찰청,충청남도,공주시,이인면,36.3619488068081,127.06320230995,3005,321,244,65,802,856,29,688
충청남도경찰청,충청남도,공주시,정안면,36.6086932117716,127.12010407535,3005,321,244,65,802,856,29,688
충청남도경찰청,충청남도,공주시,주미동,36.4266294139733,127.106651123352,3005,321,244,65,802,856,29,688
충청남도경찰청,충청남도,공주시,중동,36.453230982487,127.126043879839,3005,321,244,65,802,856,29,688
충청남도경찰청,충청남도,공주시,중학동,36.4475837174425,127.124865773054,3005,321,244,65,802,856,29,688
충청남도경찰청,충청남도,공주시,탄천면,36.3300418655733,127.030160435083,3005,321,244,65,802,856,29,688
충청남도경찰청,충청남도,공주시,태봉동,36.4096991925474,127.092526865964,3005,321,244,65,802,856,29,688
충청남도경찰청,충청남도,금산군,군북면,36.1689059686267,127.527723146235,1206,189,95,34,346,251,22,269
충청남도경찰청,충청남도,금산군,금산읍,36.1072379596336,127.490541064019,1206,189,95,34,346,251,22,269
충청남도경찰청,충청남도,금산군,금성면,36.1308179246106,127.453751893272,1206,189,95,34,346,251,22,269
충청남도경찰청,충청남도,금산군,남이면,36.0454247399504,127.436699913528,1206,189,95,34,346,251,22,269
충청남도경찰청,충청남도,금산군,남일면,36.0428158292684,127.504411645953,1206,189,95,34,346,251,22,269
충청남도경찰청,충청남도,금산군,복수면,36.1664431839354,127.398337006883,1206,189,95,34,346,251,22,269
충청남도경찰청,충청남도,금산군,부리면,36.0606070557904,127.555501998946,1206,189,95,34,346,251,22,269
충청남도경찰청,충청남도,금산군,제원면,36.112534616982,127.546098118066,1206,189,95,34,346,251,22,269
충청남도경찰청,충청남도,금산군,진산면,36.1443133063174,127.370225015163,1206,189,95,34,346,251,22,269
충청남도경찰청,충청남도,금산군,추부면,36.1948933510276,127.476010924681,1206,189,95,34,346,251,22,269
충청남도경찰청,충청남도,논산시,가야곡면,36.136824367312,127.15879527167,3412,452,373,43,1118,634,33,759
충청남도경찰청,충청남도,논산시,강경읍,36.1581175683539,127.017963321559,3412,452,373,43,1118,634,33,759
충청남도경찰청,충청남도,논산시,강산동,36.1900426921732,127.083951777753,3412,452,373,43,1118,634,33,759
충청남도경찰청,충청남도,논산시,관촉동,36.1899883288954,127.114712067228,3412,452,373,43,1118,634,33,759
충청남도경찰청,충청남도,논산시,광석면,36.2428738961585,127.079847433406,3412,452,373,43,1118,634,33,759
충청남도경찰청,충청남도,논산시,내동,36.1831501570603,127.102607132355,3412,452,373,43,1118,634,33,759
충청남도경찰청,충청남도,논산시,노성면,36.2781600952666,127.130200541926,3412,452,373,43,1118,634,33,759
충청남도경찰청,충청남도,논산시,대교동,36.2109112680846,127.088520172956,3412,452,373,43,1118,634,33,759
충청남도경찰청,충청남도,논산시,덕지동,36.2123325139992,127.100977094955,3412,452,373,43,1118,634,33,759
충청남도경찰청,충청남도,논산시,등화동,36.1845959218543,127.072762361723,3412,452,373,43,1118,634,33,759
충청남도경찰청,충청남도,논산시,반월동,36.205279187699,127.085444758853,3412,452,373,43,1118,634,33,759
충청남도경찰청,충청남도,논산시,벌곡면,36.205979101185,127.264863061094,3412,452,373,43,1118,634,33,759
충청남도경찰청,충청남도,논산시,부적면,36.2160915321746,127.128162510152,3412,452,373,43,1118,634,33,759
충청남도경찰청,충청남도,논산시,부창동,36.1990668442524,127.087181458541,3412,452,373,43,1118,634,33,759
충청남도경찰청,충청남도,논산시,상월면,36.2956739015851,127.141242041404,3412,452,373,43,1118,634,33,759
충청남도경찰청,충청남도,논산시,성동면,36.2036143159247,127.03359451631,3412,452,373,43,1118,634,33,759
충청남도경찰청,충청남도,논산시,양촌면,36.1385349235963,127.232660549528,3412,452,373,43,1118,634,33,759
충청남도경찰청,충청남도,논산시,연무읍,36.1251549263374,127.098985768452,3412,452,373,43,1118,634,33,759
충청남도경찰청,충청남도,논산시,연산면,36.2134759344637,127.200569135756,3412,452,373,43,1118,634,33,759
충청남도경찰청,충청남도,논산시,은진면,36.1674113372825,127.106890138081,3412,452,373,43,1118,634,33,759
충청남도경찰청,충청남도,논산시,지산동,36.2038111152286,127.10878546279,3412,452,373,43,1118,634,33,759
충청남도경찰청,충청남도,논산시,채운면,36.1735383653393,127.062770561715,3412,452,373,43,1118,634,33,759
충청남도경찰청,충청남도,논산시,취암동,36.1976453244334,127.093575384904,3412,452,373,43,1118,634,33,759
충청남도경찰청,충청남도,논산시,화지동,36.2077300643281,127.085994535354,3412,452,373,43,1118,634,33,759
충청남도경찰청,충청남도,당진시,고대면,36.9260417412942,126.596893375233,5909,748,314,131,1605,1542,97,1472
충청남도경찰청,충청남도,당진시,구룡동,36.8267830007869,126.609453173582,5909,748,314,131,1605,1542,97,1472
충청남도경찰청,충청남도,당진시,대덕동,36.875191498115,126.647992155155,5909,748,314,131,1605,1542,97,1472
충청남도경찰청,충청남도,당진시,대호지면,36.9000351470163,126.50416688465,5909,748,314,131,1605,1542,97,1472
충청남도경찰청,충청남도,당진시,면천면,36.8176332919276,126.666941412252,5909,748,314,131,1605,1542,97,1472
충청남도경찰청,충청남도,당진시,사기소동,36.8471704853442,126.619758734494,5909,748,314,131,1605,1542,97,1472
충청남도경찰청,충청남도,당진시,석문면,36.9819388160194,126.590888457963,5909,748,314,131,1605,1542,97,1472
충청남도경찰청,충청남도,당진시,송산면,36.9324696138566,126.678906132099,5909,748,314,131,1605,1542,97,1472
충청남도경찰청,충청남도,당진시,송악읍,36.9032899512222,126.690244193974,5909,748,314,131,1605,1542,97,1472
충청남도경찰청,충청남도,당진시,수청동,36.9007216978277,126.651792897314,5909,748,314,131,1605,1542,97,1472
충청남도경찰청,충청남도,당진시,순성면,36.8455689569144,126.714613956944,5909,748,314,131,1605,1542,97,1472
충청남도경찰청,충청남도,당진시,시곡동,36.898793742059,126.673509289214,5909,748,314,131,1605,1542,97,1472
충청남도경찰청,충청남도,당진시,신평면,36.8853839433703,126.773564831775,5909,748,314,131,1605,1542,97,1472
충청남도경찰청,충청남도,당진시,용연동,36.8650090402483,126.624420872523,5909,748,314,131,1605,1542,97,1472
충청남도경찰청,충청남도,당진시,우강면,36.8153205673081,126.776954273844,5909,748,314,131,1605,1542,97,1472
충청남도경찰청,충청남도,당진시,우두동,36.9102715892939,126.629778292966,5909,748,314,131,1605,1542,97,1472
충청남도경찰청,충청남도,당진시,원당동,36.9105094314147,126.646326289801,5909,748,314,131,1605,1542,97,1472
충청남도경찰청,충청남도,당진시,읍내동,36.8937973347674,126.634861472641,5909,748,314,131,1605,1542,97,1472
충청남도경찰청,충청남도,당진시,정미면,36.8824725445717,126.568258525053,5909,748,314,131,1605,1542,97,1472
충청남도경찰청,충청남도,당진시,채운동,36.8928396257786,126.616880230254,5909,748,314,131,1605,1542,97,1472
충청남도경찰청,충청남도,당진시,합덕읍,36.8099034133197,126.764042032374,5909,748,314,131,1605,1542,97,1472
충청남도경찰청,충청남도,당진시,행정동,36.8799711127847,126.611057944991,5909,748,314,131,1605,1542,97,1472
충청남도경찰청,충청남도,보령시,궁촌동,36.3404735970056,126.594166542473,2564,352,290,73,663,531,33,622
충청남도경찰청,충청남도,보령시,남곡동,36.3358161253235,126.559497244632,2564,352,290,73,663,531,33,622
충청남도경찰청,충청남도,보령시,남포면,36.304610764187,126.605067640803,2564,352,290,73,663,531,33,622
충청남도경찰청,충청남도,보령시,내항동,36.3397284503805,126.577814160453,2564,352,290,73,663,531,33,622
충청남도경찰청,충청남도,보령시,대천동,36.3565449755108,126.576970216194,2564,352,290,73,663,531,33,622
충청남도경찰청,충청남도,보령시,동대동,36.3502650734235,126.614088116396,2564,352,290,73,663,531,33,622
충청남도경찰청,충청남도,보령시,명천동,36.3350828707903,126.617704955837,2564,352,290,73,663,531,33,622
충청남도경찰청,충청남도,보령시,미산면,36.2106111740028,126.676444919388,2564,352,290,73,663,531,33,622
충청남도경찰청,충청남도,보령시,성주면,36.3360870664626,126.651395706437,2564,352,290,73,663,531,33,622
충청남도경찰청,충청남도,보령시,신흑동,36.3231814406699,126.525539829651,2564,352,290,73,663,531,33,622
충청남도경찰청,충청남도,보령시,오천면,36.4370877555063,126.523424331254,2564,352,290,73,663,531,33,622
충청남도경찰청,충청남도,보령시,요암동,36.3258454456183,126.552684171156,2564,352,290,73,663,531,33,622
충청남도경찰청,충청남도,보령시,웅천읍,36.2317710847348,126.60115837838,2564,352,290,73,663,531,33,622
충청남도경찰청,충청남도,보령시,주교면,36.3908555495993,126.569245169463,2564,352,290,73,663,531,33,622
충청남도경찰청,충청남도,보령시,주산면,36.1983157042529,126.631709063883,2564,352,290,73,663,531,33,622
충청남도경찰청,충청남도,보령시,주포면,36.4150908429936,126.587958619989,2564,352,290,73,663,531,33,622
충청남도경찰청,충청남도,보령시,죽정동,36.363586553843,126.603726927276,2564,352,290,73,663,531,33,622
충청남도경찰청,충청남도,보령시,천북면,36.4787146689914,126.527235767674,2564,352,290,73,663,531,33,622
충청남도경찰청,충청남도,보령시,청라면,36.3904400624129,126.673574653082,2564,352,290,73,663,531,33,622
충청남도경찰청,충청남도,보령시,청소면,36.4454583082263,126.589560418495,2564,352,290,73,663,531,33,622
충청남도경찰청,충청남도,보령시,화산동,36.3636299537652,126.627294774897,2564,352,290,73,663,531,33,622
충청남도경찰청,충청남도,부여군,구룡면,36.2525915669341,126.812825171179,1168,169,149,18,300,273,16,243
충청남도경찰청,충청남도,부여군,규암면,36.2752838554004,126.884170503718,1168,169,149,18,300,273,16,243
충청남도경찰청,충청남도,부여군,남면,36.2121102271022,126.806306988946,1168,169,149,18,300,273,16,243
충청남도경찰청,충청남도,부여군,내산면,36.2748573943684,126.780527164627,1168,169,149,18,300,273,16,243
충청남도경찰청,충청남도,부여군,부여읍,36.2755701058284,126.911170936552,1168,169,149,18,300,273,16,243
충청남도경찰청,충청남도,부여군,석성면,36.2532714867206,127.002341042089,1168,169,149,18,300,273,16,243
충청남도경찰청,충청남도,부여군,세도면,36.1699821123812,126.948364897248,1168,169,149,18,300,273,16,243
충청남도경찰청,충청남도,부여군,양화면,36.1353638986732,126.881212367285,1168,169,149,18,300,273,16,243
충청남도경찰청,충청남도,부여군,옥산면,36.1914880403265,126.733624801165,1168,169,149,18,300,273,16,243
충청남도경찰청,충청남도,부여군,외산면,36.3043276284432,126.704217896909,1168,169,149,18,300,273,16,243
충청남도경찰청,충청남도,부여군,은산면,36.3104154926116,126.85422849055,1168,169,149,18,300,273,16,243
충청남도경찰청,충청남도,부여군,임천면,36.1912227343969,126.894834129584,1168,169,149,18,300,273,16,243
충청남도경찰청,충청남도,부여군,장암면,36.2439353059184,126.886455185619,1168,169,149,18,300,273,16,243
충청남도경찰청,충청남도,부여군,초촌면,36.2639652046776,127.020075168989,1168,169,149,18,300,273,16,243
충청남도경찰청,충청남도,부여군,충화면,36.1817706944787,126.821611293458,1168,169,149,18,300,273,16,243
충청남도경찰청,충청남도,부여군,홍산면,36.2167349157025,126.760364101198,1168,169,149,18,300,273,16,243
충청남도경찰청,충청남도,서산시,갈산동,36.7963942638695,126.430056615002,5149,759,349,131,1547,1068,76,1219
충청남도경찰청,충청남도,서산시,고북면,36.6670828359669,126.534001232617,5149,759,349,131,1547,1068,76,1219
충청남도경찰청,충청남도,서산시,대산읍,36.9396086255275,126.434317146792,5149,759,349,131,1547,1068,76,1219
충청남도경찰청,충청남도,서산시,덕지천동,36.7330833012726,126.496554993768,5149,759,349,131,1547,1068,76,1219
충청남도경찰청,충청남도,서산시,동문동,36.7898042277767,126.4591361147,5149,759,349,131,1547,1068,76,1219
충청남도경찰청,충청남도,서산시,부석면,36.7149015306478,126.393535345153,5149,759,349,131,1547,1068,76,1219
충청남도경찰청,충청남도,서산시,석남동,36.7639382186665,126.453462553412,5149,759,349,131,1547,1068,76,1219
충청남도경찰청,충청남도,서산시,석림동,36.7696113012047,126.468516268967,5149,759,349,131,1547,1068,76,1219
충청남도경찰청,충청남도,서산시,성연면,36.8390955480573,126.460986526128,5149,759,349,131,1547,1068,76,1219
충청남도경찰청,충청남도,서산시,수석동,36.766830556354,126.487844676751,5149,759,349,131,1547,1068,76,1219
충청남도경찰청,충청남도,서산시,양대동,36.7268805330341,126.451011751496,5149,759,349,131,1547,1068,76,1219
충청남도경찰청,충청남도,서산시,예천동,36.7662123625007,126.440996344548,5149,759,349,131,1547,1068,76,1219
충청남도경찰청,충청남도,서산시,오남동,36.7482481824735,126.475091027866,5149,759,349,131,1547,1068,76,1219
충청남도경찰청,충청남도,서산시,온석동,36.7976972412749,126.470204676182,5149,759,349,131,1547,1068,76,1219
충청남도경찰청,충청남도,서산시,운산면,36.8107317868596,126.580652847469,5149,759,349,131,1547,1068,76,1219
충청남도경찰청,충청남도,서산시,음암면,36.8000451041249,126.517984912069,5149,759,349,131,1547,1068,76,1219
충청남도경찰청,충청남도,서산시,읍내동,36.7803905921218,126.445284654664,5149,759,349,131,1547,1068,76,1219
충청남도경찰청,충청남도,서산시,인지면,36.7531440057616,126.425377819565,5149,759,349,131,1547,1068,76,1219
충청남도경찰청,충청남도,서산시,잠홍동,36.7848630746635,126.481921613349,5149,759,349,131,1547,1068,76,1219
충청남도경찰청,충청남도,서산시,장동,36.7330312024738,126.47368102978,5149,759,349,131,1547,1068,76,1219
충청남도경찰청,충청남도,서산시,죽성동,36.7485725980007,126.443368321827,5149,759,349,131,1547,1068,76,1219
충청남도경찰청,충청남도,서산시,지곡면,36.8635333224357,126.436910470243,5149,759,349,131,1547,1068,76,1219
충청남도경찰청,충청남도,서산시,팔봉면,36.8121141137163,126.350147784167,5149,759,349,131,1547,1068,76,1219
충청남도경찰청,충청남도,서산시,해미면,36.7137924124248,126.544943198956,5149,759,349,131,1547,1068,76,1219
충청남도경찰청,충청남도,서천군,기산면,36.0746756300393,126.762252308365,1205,188,82,22,379,284,10,240
충청남도경찰청,충청남도,서천군,마산면,36.1173418420427,126.790696409479,1205,188,82,22,379,284,10,240
충청남도경찰청,충청남도,서천군,마서면,36.0619932064234,126.706717010451,1205,188,82,22,379,284,10,240
충청남도경찰청,충청남도,서천군,문산면,36.1423039765944,126.752159714004,1205,188,82,22,379,284,10,240
충청남도경찰청,충청남도,서천군,비인면,36.1420808316463,126.601359534808,1205,188,82,22,379,284,10,240
충청남도경찰청,충청남도,서천군,서면,36.1529530300709,126.549520993675,1205,188,82,22,379,284,10,240
충청남도경찰청,충청남도,서천군,서천읍,36.0778267340275,126.689890052699,1205,188,82,22,379,284,10,240
충청남도경찰청,충청남도,서천군,시초면,36.1218731687811,126.752863766656,1205,188,82,22,379,284,10,240
충청남도경찰청,충청남도,서천군,장항읍,36.0104236703419,126.700292669542,1205,188,82,22,379,284,10,240
충청남도경찰청,충청남도,서천군,종천면,36.0974707739791,126.670064523799,1205,188,82,22,379,284,10,240
충청남도경찰청,충청남도,서천군,판교면,36.1578198174349,126.689081928214,1205,188,82,22,379,284,10,240
충청남도경찰청,충청남도,서천군,한산면,36.086258354292,126.802055066527,1205,188,82,22,379,284,10,240
충청남도경찰청,충청남도,서천군,화양면,36.0377122828239,126.781852820917,1205,188,82,22,379,284,10,240
충청남도경찰청,충청남도,아산시,권곡동,36.7920531801879,127.013668934663,10571,1538,1189,243,2964,2237,123,2277
충청남도경찰청,충청남도,아산시,기산동,36.7571727143534,126.967522987367,10571,1538,1189,243,2964,2237,123,2277
충청남도경찰청,충청남도,아산시,남동,36.7709842645626,127.035251718749,10571,1538,1189,243,2964,2237,123,2277
충청남도경찰청,충청남도,아산시,도고면,36.7574563907561,126.87737981249,10571,1538,1189,243,2964,2237,123,2277
충청남도경찰청,충청남도,아산시,둔포면,36.9297186062336,127.037627872091,10571,1538,1189,243,2964,2237,123,2277
충청남도경찰청,충청남도,아산시,득산동,36.7797052103901,126.971223667439,10571,1538,1189,243,2964,2237,123,2277
충청남도경찰청,충청남도,아산시,모종동,36.7826730425956,127.022463612267,10571,1538,1189,243,2964,2237,123,2277
충청남도경찰청,충청남도,아산시,방축동,36.780013945906,126.983644653384,10571,1538,1189,243,2964,2237,123,2277
충청남도경찰청,충청남도,아산시,배미동,36.7915995081232,126.969538622918,10571,1538,1189,243,2964,2237,123,2277
충청남도경찰청,충청남도,아산시,배방읍,36.7739148977276,127.053945963176,10571,1538,1189,243,2964,2237,123,2277
충청남도경찰청,충청남도,아산시,법곡동,36.759072944546,127.006105829072,10571,1538,1189,243,2964,2237,123,2277
충청남도경찰청,충청남도,아산시,선장면,36.7912954093369,126.861254995502,10571,1538,1189,243,2964,2237,123,2277
충청남도경찰청,충청남도,아산시,송악면,36.7316354229236,127.009036813985,10571,1538,1189,243,2964,2237,123,2277
충청남도경찰청,충청남도,아산시,신동,36.7853196411108,127.033797404377,10571,1538,1189,243,2964,2237,123,2277
충청남도경찰청,충청남도,아산시,신인동,36.7549197397735,126.984545873322,10571,1538,1189,243,2964,2237,123,2277
충청남도경찰청,충청남도,아산시,신창면,36.8037152715715,126.936185535566,10571,1538,1189,243,2964,2237,123,2277
충청남도경찰청,충청남도,아산시,실옥동,36.7922335728938,126.987899603233,10571,1538,1189,243,2964,2237,123,2277
충청남도경찰청,충청남도,아산시,염치읍,36.8168213959703,126.976410130662,10571,1538,1189,243,2964,2237,123,2277
충청남도경찰청,충청남도,아산시,영인면,36.8565575654072,126.954773903687,10571,1538,1189,243,2964,2237,123,2277
충청남도경찰청,충청남도,아산시,온천동,36.7831617570687,127.001447395349,10571,1538,1189,243,2964,2237,123,2277
충청남도경찰청,충청남도,아산시,용화동,36.7689132492994,126.996115605145,10571,1538,1189,243,2964,2237,123,2277
충청남도경찰청,충청남도,아산시,음봉면,36.8497784166985,127.012252979109,10571,1538,1189,243,2964,2237,123,2277
충청남도경찰청,충청남도,아산시,읍내동,36.7614148064599,127.016924815446,10571,1538,1189,243,2964,2237,123,2277
충청남도경찰청,충청남도,아산시,인주면,36.8690066584624,126.884612818588,10571,1538,1189,243,2964,2237,123,2277
충청남도경찰청,충청남도,아산시,장존동,36.7511527009934,127.017997578318,10571,1538,1189,243,2964,2237,123,2277
충청남도경찰청,충청남도,아산시,점양동,36.768614132585,126.970676741335,10571,1538,1189,243,2964,2237,123,2277
충청남도경찰청,충청남도,아산시,좌부동,36.7532409935945,127.029541375039,10571,1538,1189,243,2964,2237,123,2277
충청남도경찰청,충청남도,아산시,초사동,36.743444790671,126.973790120811,10571,1538,1189,243,2964,2237,123,2277
충청남도경찰청,충청남도,아산시,탕정면,36.7983604252629,127.061214952826,10571,1538,1189,243,2964,2237,123,2277
충청남도경찰청,충청남도,아산시,풍기동,36.7714633493816,127.021416403907,10571,1538,1189,243,2964,2237,123,2277
충청남도경찰청,충청남도,예산군,고덕면,36.7453469913726,126.702641693365,2381,287,183,54,746,463,94,554
충청남도경찰청,충청남도,예산군,광시면,36.5488677996558,126.773227939431,2381,287,183,54,746,463,94,554
충청남도경찰청,충청남도,예산군,대술면,36.6575971006958,126.892199036675,2381,287,183,54,746,463,94,554
충청남도경찰청,충청남도,예산군,대흥면,36.6067490949405,126.788353438824,2381,287,183,54,746,463,94,554
충청남도경찰청,충청남도,예산군,덕산면,36.7014827037305,126.665469160988,2381,287,183,54,746,463,94,554
충청남도경찰청,충청남도,예산군,봉산면,36.7490487144464,126.681714505491,2381,287,183,54,746,463,94,554
충청남도경찰청,충청남도,예산군,삽교읍,36.688085694103,126.739391843667,2381,287,183,54,746,463,94,554
충청남도경찰청,충청남도,예산군,신암면,36.7345259672,126.826296864641,2381,287,183,54,746,463,94,554
충청남도경찰청,충청남도,예산군,신양면,36.6015405034898,126.868471294669,2381,287,183,54,746,463,94,554
충청남도경찰청,충청남도,예산군,예산읍,36.6787124333919,126.846246811069,2381,287,183,54,746,463,94,554
충청남도경찰청,충청남도,예산군,오가면,36.6871247322116,126.797608063432,2381,287,183,54,746,463,94,554
충청남도경찰청,충청남도,예산군,응봉면,36.6586428537396,126.761198290179,2381,287,183,54,746,463,94,554
충청남도경찰청,충청남도,천안시,광덕면,36.6986422345492,127.111255672867,24779,3318,2942,635,8211,4094,292,5287
충청남도경찰청,충청남도,천안시,구룡동,36.7632059905235,127.150481097513,24779,3318,2942,635,8211,4094,292,5287
충청남도경찰청,충청남도,천안시,구성동,36.7958161286484,127.176292984307,24779,3318,2942,635,8211,4094,292,5287
충청남도경찰청,충청남도,천안시,다가동,36.7988323845641,127.138686885504,24779,3318,2942,635,8211,4094,292,5287
충청남도경찰청,충청남도,천안시,대흥동,36.808571941171,127.14739168278,24779,3318,2942,635,8211,4094,292,5287
충청남도경찰청,충청남도,천안시,동면,36.7761935172924,127.344304936236,24779,3318,2942,635,8211,4094,292,5287
충청남도경찰청,충청남도,천안시,목천읍,36.7849559698495,127.23468497964,24779,3318,2942,635,8211,4094,292,5287
충청남도경찰청,충청남도,천안시,문화동,36.8095541676079,127.151678963067,24779,3318,2942,635,8211,4094,292,5287
충청남도경찰청,충청남도,천안시,병천면,36.7665640994674,127.302587862465,24779,3318,2942,635,8211,4094,292,5287
충청남도경찰청,충청남도,천안시,봉명동,36.8034988545792,127.136687237872,24779,3318,2942,635,8211,4094,292,5287
충청남도경찰청,충청남도,천안시,북면,36.8274528060346,127.273262167453,24779,3318,2942,635,8211,4094,292,5287
충청남도경찰청,충청남도,천안시,사직동,36.8013803841758,127.147947134571,24779,3318,2942,635,8211,4094,292,5287
충청남도경찰청,충청남도,천안시,삼룡동,36.7816027334443,127.179397127117,24779,3318,2942,635,8211,4094,292,5287
충청남도경찰청,충청남도,천안시,성남면,36.7424800987419,127.236938271471,24779,3318,2942,635,8211,4094,292,5287
충청남도경찰청,충청남도,천안시,성황동,36.814287721411,127.15095310446,24779,3318,2942,635,8211,4094,292,5287
충청남도경찰청,충청남도,천안시,수신면,36.7311311260151,127.280963043924,24779,3318,2942,635,8211,4094,292,5287
충청남도경찰청,충청남도,천안시,신방동,36.7859137927764,127.122481782341,24779,3318,2942,635,8211,4094,292,5287
충청남도경찰청,충청남도,천안시,신부동,36.8211229606247,127.161009136856,24779,3318,2942,635,8211,4094,292,5287
충청남도경찰청,충청남도,천안시,쌍용동,36.8025374125687,127.13266945539,24779,3318,2942,635,8211,4094,292,5287
충청남도경찰청,충청남도,천안시,안서동,36.8357590197938,127.191240628125,24779,3318,2942,635,8211,4094,292,5287
충청남도경찰청,충청남도,천안시,영성동,36.8003194322041,127.151795213615,24779,3318,2942,635,8211,4094,292,5287
충청남도경찰청,충청남도,천안시,오룡동,36.8052424632789,127.149456161983,24779,3318,2942,635,8211,4094,292,5287
충청남도경찰청,충청남도,천안시,용곡동,36.7872076209503,127.139033402085,24779,3318,2942,635,8211,4094,292,5287
충청남도경찰청,충청남도,천안시,원성동,36.8121257623792,127.164029620036,24779,3318,2942,635,8211,4094,292,5287
충청남도경찰청,충청남도,천안시,유량동,36.8140378488055,127.182624258119,24779,3318,2942,635,8211,4094,292,5287
충청남도경찰청,충청남도,천안시,청당동,36.7797831544624,127.153125861974,24779,3318,2942,635,8211,4094,292,5287
충청남도경찰청,충청남도,천안시,청수동,36.7916136579291,127.152598167483,24779,3318,2942,635,8211,4094,292,5287
충청남도경찰청,충청남도,천안시,풍세면,36.7222012528495,127.118735814078,24779,3318,2942,635,8211,4094,292,5287
충청남도경찰청,충청남도,천안시,두정동,36.8347166129045,127.143042925194,24779,3318,2942,635,8211,4094,292,5287
충청남도경찰청,충청남도,천안시,백석동,36.8197488923036,127.115111448507,24779,3318,2942,635,8211,4094,292,5287
충청남도경찰청,충청남도,천안시,부대동,36.843495990498,127.149709958453,24779,3318,2942,635,8211,4094,292,5287
충청남도경찰청,충청남도,천안시,불당동,36.8059344038182,127.113723627709,24779,3318,2942,635,8211,4094,292,5287
충청남도경찰청,충청남도,천안시,성거읍,36.8780437642407,127.199166201755,24779,3318,2942,635,8211,4094,292,5287
충청남도경찰청,충청남도,천안시,성성동,36.8429121655304,127.124640016064,24779,3318,2942,635,8211,4094,292,5287
충청남도경찰청,충청남도,천안시,성정동,36.8150581499621,127.142948060558,24779,3318,2942,635,8211,4094,292,5287
충청남도경찰청,충청남도,천안시,성환읍,36.9181758309372,127.134382284168,24779,3318,2942,635,8211,4094,292,5287
충청남도경찰청,충청남도,천안시,신당동,36.8561909555477,127.157907030896,24779,3318,2942,635,8211,4094,292,5287
충청남도경찰청,충청남도,천안시,쌍용동,36.8008975526114,127.122433923979,24779,3318,2942,635,8211,4094,292,5287
충청남도경찰청,충청남도,천안시,업성동,36.8575106315035,127.134051729362,24779,3318,2942,635,8211,4094,292,5287
충청남도경찰청,충청남도,천안시,와촌동,36.8071204375461,127.143556370214,24779,3318,2942,635,8211,4094,292,5287
충청남도경찰청,충청남도,천안시,입장면,36.9128088075252,127.221165722116,24779,3318,2942,635,8211,4094,292,5287
충청남도경찰청,충청남도,천안시,직산읍,36.8787570251554,127.150433811141,24779,3318,2942,635,8211,4094,292,5287
충청남도경찰청,충청남도,천안시,차암동,36.8543175516663,127.116544718897,24779,3318,2942,635,8211,4094,292,5287
충청남도경찰청,충청남도,청양군,남양면,36.4012956752428,126.776109949944,779,103,66,9,215,230,10,146
충청남도경찰청,충청남도,청양군,대치면,36.4443949398112,126.832134582825,779,103,66,9,215,230,10,146
충청남도경찰청,충청남도,청양군,목면,36.41898099014,127.003902576219,779,103,66,9,215,230,10,146
충청남도경찰청,충청남도,청양군,비봉면,36.5194138028579,126.786479199339,779,103,66,9,215,230,10,146
충청남도경찰청,충청남도,청양군,운곡면,36.5237860556619,126.844669252681,779,103,66,9,215,230,10,146
충청남도경찰청,충청남도,청양군,장평면,36.3418321562674,126.893054690108,779,103,66,9,215,230,10,146
충청남도경찰청,충청남도,청양군,정산면,36.4148987604662,126.94513042237,779,103,66,9,215,230,10,146
충청남도경찰청,충청남도,청양군,청남면,36.3524214833312,126.952210775458,779,103,66,9,215,230,10,146
충청남도경찰청,충청남도,청양군,청양읍,36.4533393731096,126.806761960674,779,103,66,9,215,230,10,146
충청남도경찰청,충청남도,청양군,화성면,36.4273193745742,126.717356702965,779,103,66,9,215,230,10,146
충청남도경찰청,충청남도,태안군,고남면,36.420424416003,126.409115384465,1890,330,122,42,513,423,25,435
충청남도경찰청,충청남도,태안군,근흥면,36.7136334038554,126.228049810552,1890,330,122,42,513,423,25,435
충청남도경찰청,충청남도,태안군,남면,36.6718749575494,126.297732912187,1890,330,122,42,513,423,25,435
충청남도경찰청,충청남도,태안군,소원면,36.7625575970514,126.197267469025,1890,330,122,42,513,423,25,435
충청남도경찰청,충청남도,태안군,안면읍,36.5205361060368,126.344511519837,1890,330,122,42,513,423,25,435
충청남도경찰청,충청남도,태안군,원북면,36.8234925898823,126.257125053878,1890,330,122,42,513,423,25,435
충청남도경찰청,충청남도,태안군,이원면,36.8695977168568,126.280898994399,1890,330,122,42,513,423,25,435
충청남도경찰청,충청남도,태안군,태안읍,36.7576735242428,126.296315451208,1890,330,122,42,513,423,25,435
충청남도경찰청,충청남도,홍성군,갈산면,36.6052117759084,126.550065995037,2605,260,202,54,752,645,30,662
충청남도경찰청,충청남도,홍성군,결성면,36.5243160693388,126.546644940465,2605,260,202,54,752,645,30,662
충청남도경찰청,충청남도,홍성군,광천읍,36.5046041286914,126.624963658707,2605,260,202,54,752,645,30,662
충청남도경찰청,충청남도,홍성군,구항면,36.5878102156092,126.610817008219,2605,260,202,54,752,645,30,662
충청남도경찰청,충청남도,홍성군,금마면,36.6119611507499,126.732682155229,2605,260,202,54,752,645,30,662
충청남도경찰청,충청남도,홍성군,서부면,36.5803273092588,126.51723142167,2605,260,202,54,752,645,30,662
충청남도경찰청,충청남도,홍성군,은하면,36.5319614191128,126.590497362122,2605,260,202,54,752,645,30,662
충청남도경찰청,충청남도,홍성군,장곡면,36.5051365622303,126.691261884143,2605,260,202,54,752,645,30,662
충청남도경찰청,충청남도,홍성군,홍동면,36.5590928053431,126.688111803263,2605,260,202,54,752,645,30,662
충청남도경찰청,충청남도,홍성군,홍북읍,36.6500487809646,126.691749061634,2605,260,202,54,752,645,30,662
충청남도경찰청,충청남도,홍성군,홍성읍,36.6014696445995,126.662222238465,2605,260,202,54,752,645,30,662
경상남도경찰청,경상남도,거제시,거제면,34.8510437105885,128.590427875294,7795,1188,856,188,2110,1628,54,1771
경상남도경찰청,경상남도,거제시,고현동,34.8825546407982,128.623264616435,7795,1188,856,188,2110,1628,54,1771
경상남도경찰청,경상남도,거제시,남부면,34.7321745213031,128.610147395791,7795,1188,856,188,2110,1628,54,1771
경상남도경찰청,경상남도,거제시,능포동,34.8792070052424,128.734599326589,7795,1188,856,188,2110,1628,54,1771
경상남도경찰청,경상남도,거제시,덕포동,34.9144639281592,128.701212981554,7795,1188,856,188,2110,1628,54,1771
경상남도경찰청,경상남도,거제시,동부면,34.8215720892903,128.608217661284,7795,1188,856,188,2110,1628,54,1771
경상남도경찰청,경상남도,거제시,두모동,34.877351514104,128.723116603389,7795,1188,856,188,2110,1628,54,1771
경상남도경찰청,경상남도,거제시,둔덕면,34.8369264948158,128.505119651442,7795,1188,856,188,2110,1628,54,1771
경상남도경찰청,경상남도,거제시,문동동,34.8580678265656,128.655418843563,7795,1188,856,188,2110,1628,54,1771
경상남도경찰청,경상남도,거제시,사등면,34.9189395086407,128.522276169021,7795,1188,856,188,2110,1628,54,1771
경상남도경찰청,경상남도,거제시,삼거동,34.8388160246483,128.654136871337,7795,1188,856,188,2110,1628,54,1771
경상남도경찰청,경상남도,거제시,상동동,34.8637016588006,128.630679488969,7795,1188,856,188,2110,1628,54,1771
경상남도경찰청,경상남도,거제시,수월동,34.8893472207249,128.660316338499,7795,1188,856,188,2110,1628,54,1771
경상남도경찰청,경상남도,거제시,아양동,34.8644107594886,128.706151614387,7795,1188,856,188,2110,1628,54,1771
경상남도경찰청,경상남도,거제시,아주동,34.8660090889378,128.692131172751,7795,1188,856,188,2110,1628,54,1771
경상남도경찰청,경상남도,거제시,양정동,34.8711862473911,128.6509488725,7795,1188,856,188,2110,1628,54,1771
경상남도경찰청,경상남도,거제시,연초면,34.9145644239732,128.656635715269,7795,1188,856,188,2110,1628,54,1771
경상남도경찰청,경상남도,거제시,옥포동,34.8909775549882,128.692660586757,7795,1188,856,188,2110,1628,54,1771
경상남도경찰청,경상남도,거제시,일운면,34.8296640389976,128.703143487497,7795,1188,856,188,2110,1628,54,1771
경상남도경찰청,경상남도,거제시,장목면,34.9865258218333,128.682237779067,7795,1188,856,188,2110,1628,54,1771
경상남도경찰청,경상남도,거제시,장승포동,34.8673689625635,128.727194788555,7795,1188,856,188,2110,1628,54,1771
경상남도경찰청,경상남도,거제시,장평동,34.8894439413354,128.609443105247,7795,1188,856,188,2110,1628,54,1771
경상남도경찰청,경상남도,거제시,하청면,34.9553318073507,128.655205144336,7795,1188,856,188,2110,1628,54,1771
경상남도경찰청,경상남도,거창군,가북면,35.7627754064497,127.993232723207,1275,225,128,17,414,197,7,287
경상남도경찰청,경상남도,거창군,가조면,35.710970160057,128.014712053467,1275,225,128,17,414,197,7,287
경상남도경찰청,경상남도,거창군,거창읍,35.6880100895537,127.903914924402,1275,225,128,17,414,197,7,287
경상남도경찰청,경상남도,거창군,고제면,35.8148411245584,127.871425956367,1275,225,128,17,414,197,7,287
경상남도경찰청,경상남도,거창군,남상면,35.6431995956805,127.910197911317,1275,225,128,17,414,197,7,287
경상남도경찰청,경상남도,거창군,남하면,35.6677232310206,127.943595949701,1275,225,128,17,414,197,7,287
경상남도경찰청,경상남도,거창군,마리면,35.701200199297,127.854635026585,1275,225,128,17,414,197,7,287
경상남도경찰청,경상남도,거창군,북상면,35.777413834632,127.819254180753,1275,225,128,17,414,197,7,287
경상남도경찰청,경상남도,거창군,신원면,35.5677263581323,127.925148134174,1275,225,128,17,414,197,7,287
경상남도경찰청,경상남도,거창군,웅양면,35.8053831792471,127.917749037715,1275,225,128,17,414,197,7,287
경상남도경찰청,경상남도,거창군,위천면,35.7496325400313,127.83311627636,1275,225,128,17,414,197,7,287
경상남도경찰청,경상남도,거창군,주상면,35.7492049924193,127.91336683541,1275,225,128,17,414,197,7,287
경상남도경찰청,경상남도,고성군,개천면,35.0987319004093,128.258983112372,1309,178,126,24,437,284,12,248
경상남도경찰청,경상남도,고성군,거류면,34.9917401588518,128.404242067648,1309,178,126,24,437,284,12,248
경상남도경찰청,경상남도,고성군,고성읍,34.9780627409935,128.319336171774,1309,178,126,24,437,284,12,248
경상남도경찰청,경상남도,고성군,구만면,35.0879248737284,128.33502446456,1309,178,126,24,437,284,12,248
경상남도경찰청,경상남도,고성군,대가면,35.0174650673086,128.298517634556,1309,178,126,24,437,284,12,248
경상남도경찰청,경상남도,고성군,동해면,35.0414253259748,128.421047708312,1309,178,126,24,437,284,12,248
경상남도경찰청,경상남도,고성군,마암면,35.0551359849199,128.336660713505,1309,178,126,24,437,284,12,248
경상남도경찰청,경상남도,고성군,삼산면,34.9368973719907,128.273819726913,1309,178,126,24,437,284,12,248
경상남도경찰청,경상남도,고성군,상리면,34.9997537964588,128.186407895162,1309,178,126,24,437,284,12,248
경상남도경찰청,경상남도,고성군,영오면,35.1078274712074,128.237656734178,1309,178,126,24,437,284,12,248
경상남도경찰청,경상남도,고성군,영현면,35.0540877557075,128.205502083299,1309,178,126,24,437,284,12,248
경상남도경찰청,경상남도,고성군,하이면,34.9286886972349,128.12281004311,1309,178,126,24,437,284,12,248
경상남도경찰청,경상남도,고성군,하일면,34.9434524826939,128.192422189648,1309,178,126,24,437,284,12,248
경상남도경찰청,경상남도,고성군,회화면,35.0603329792032,128.373272938478,1309,178,126,24,437,284,12,248
경상남도경찰청,경상남도,김해시,강동,35.2169416772576,128.881160265379,15900,2176,2429,300,4125,2838,201,3831
경상남도경찰청,경상남도,김해시,관동동,35.1716954604227,128.786857036,15900,2176,2429,300,4125,2838,201,3831
경상남도경찰청,경상남도,김해시,구산동,35.2512435861706,128.87238159204,15900,2176,2429,300,4125,2838,201,3831
경상남도경찰청,경상남도,김해시,내덕동,35.2055471740155,128.823200098755,15900,2176,2429,300,4125,2838,201,3831
경상남도경찰청,경상남도,김해시,내동,35.2436478654904,128.863076161627,15900,2176,2429,300,4125,2838,201,3831
경상남도경찰청,경상남도,김해시,대동면,35.2422910007479,128.98027409024,15900,2176,2429,300,4125,2838,201,3831
경상남도경찰청,경상남도,김해시,대성동,35.2390744647033,128.878165152784,15900,2176,2429,300,4125,2838,201,3831
경상남도경찰청,경상남도,김해시,대청동,35.1858248254189,128.776430469211,15900,2176,2429,300,4125,2838,201,3831
경상남도경찰청,경상남도,김해시,동상동,35.2368400511307,128.883465067322,15900,2176,2429,300,4125,2838,201,3831
경상남도경찰청,경상남도,김해시,명법동,35.2008545582266,128.836024448017,15900,2176,2429,300,4125,2838,201,3831
경상남도경찰청,경상남도,김해시,무계동,35.2011292118957,128.81902578189,15900,2176,2429,300,4125,2838,201,3831
경상남도경찰청,경상남도,김해시,봉황동,35.2281213411857,128.877591918834,15900,2176,2429,300,4125,2838,201,3831
경상남도경찰청,경상남도,김해시,부곡동,35.2138982047417,128.795797868369,15900,2176,2429,300,4125,2838,201,3831
경상남도경찰청,경상남도,김해시,부원동,35.2287280518993,128.886559224999,15900,2176,2429,300,4125,2838,201,3831
경상남도경찰청,경상남도,김해시,불암동,35.2220749357741,128.926748767438,15900,2176,2429,300,4125,2838,201,3831
경상남도경찰청,경상남도,김해시,삼계동,35.2707706209913,128.86607071872,15900,2176,2429,300,4125,2838,201,3831
경상남도경찰청,경상남도,김해시,삼문동,35.1973229953828,128.792411476055,15900,2176,2429,300,4125,2838,201,3831
경상남도경찰청,경상남도,김해시,삼방동,35.264280715681,128.902717724924,15900,2176,2429,300,4125,2838,201,3831
경상남도경찰청,경상남도,김해시,삼정동,35.2180944734453,128.901045861207,15900,2176,2429,300,4125,2838,201,3831
경상남도경찰청,경상남도,김해시,상동면,35.3077287293856,128.930418508836,15900,2176,2429,300,4125,2838,201,3831
경상남도경찰청,경상남도,김해시,생림면,35.3281525474109,128.849284350376,15900,2176,2429,300,4125,2838,201,3831
경상남도경찰청,경상남도,김해시,서상동,35.2344098725445,128.880025878429,15900,2176,2429,300,4125,2838,201,3831
경상남도경찰청,경상남도,김해시,수가동,35.167074167488,128.87203873729,15900,2176,2429,300,4125,2838,201,3831
경상남도경찰청,경상남도,김해시,신문동,35.1886019859348,128.824810540927,15900,2176,2429,300,4125,2838,201,3831
경상남도경찰청,경상남도,김해시,안동,35.2317533902371,128.914953140331,15900,2176,2429,300,4125,2838,201,3831
경상남도경찰청,경상남도,김해시,어방동,35.2404282197141,128.901118915734,15900,2176,2429,300,4125,2838,201,3831
경상남도경찰청,경상남도,김해시,외동,35.2318475704898,128.858984004872,15900,2176,2429,300,4125,2838,201,3831
경상남도경찰청,경상남도,김해시,유하동,35.2145034220278,128.816838035566,15900,2176,2429,300,4125,2838,201,3831
경상남도경찰청,경상남도,김해시,율하동,35.1671388860894,128.808715815531,15900,2176,2429,300,4125,2838,201,3831
경상남도경찰청,경상남도,김해시,응달동,35.1739858088372,128.843998572755,15900,2176,2429,300,4125,2838,201,3831
경상남도경찰청,경상남도,김해시,이동,35.1885709919805,128.844222749317,15900,2176,2429,300,4125,2838,201,3831
경상남도경찰청,경상남도,김해시,장유동,35.1658041491414,128.831803212173,15900,2176,2429,300,4125,2838,201,3831
경상남도경찰청,경상남도,김해시,전하동,35.2155398693573,128.869966608123,15900,2176,2429,300,4125,2838,201,3831
경상남도경찰청,경상남도,김해시,주촌면,35.235721968386,128.830659015499,15900,2176,2429,300,4125,2838,201,3831
경상남도경찰청,경상남도,김해시,지내동,35.2318980189157,128.92333462186,15900,2176,2429,300,4125,2838,201,3831
경상남도경찰청,경상남도,김해시,진례면,35.2490641531012,128.747720901894,15900,2176,2429,300,4125,2838,201,3831
경상남도경찰청,경상남도,김해시,진영읍,35.3043172341318,128.73329350876,15900,2176,2429,300,4125,2838,201,3831
경상남도경찰청,경상남도,김해시,풍유동,35.2149557707688,128.846260234003,15900,2176,2429,300,4125,2838,201,3831
경상남도경찰청,경상남도,김해시,한림면,35.3205843446355,128.802156692165,15900,2176,2429,300,4125,2838,201,3831
경상남도경찰청,경상남도,김해시,화목동,35.1925577198242,128.86236535792,15900,2176,2429,300,4125,2838,201,3831
경상남도경찰청,경상남도,김해시,흥동,35.2177545293139,128.860054970452,15900,2176,2429,300,4125,2838,201,3831
경상남도경찰청,경상남도,남해군,고현면,34.89566154778,127.874239747958,804,119,65,14,273,175,5,153
경상남도경찰청,경상남도,남해군,남면,34.7715431301218,127.886644345395,804,119,65,14,273,175,5,153
경상남도경찰청,경상남도,남해군,남해읍,34.83855344581,127.893742451126,804,119,65,14,273,175,5,153
경상남도경찰청,경상남도,남해군,미조면,34.7120206120455,128.046040982676,804,119,65,14,273,175,5,153
경상남도경찰청,경상남도,남해군,삼동면,34.8309939303445,128.000998046173,804,119,65,14,273,175,5,153
경상남도경찰청,경상남도,남해군,상주면,34.7238112711816,127.985420225016,804,119,65,14,273,175,5,153
경상남도경찰청,경상남도,남해군,서면,34.8100571566466,127.838319096297,804,119,65,14,273,175,5,153
경상남도경찰청,경상남도,남해군,설천면,34.9248288886294,127.914016946112,804,119,65,14,273,175,5,153
경상남도경찰청,경상남도,남해군,이동면,34.7994326707686,127.954674192293,804,119,65,14,273,175,5,153
경상남도경찰청,경상남도,남해군,창선면,34.857758551403,128.012143306032,804,119,65,14,273,175,5,153
경상남도경찰청,경상남도,밀양시,가곡동,35.478741152603,128.764573673165,3207,497,246,64,809,667,48,876
경상남도경찰청,경상남도,밀양시,교동,35.5109851792355,128.75715397471,3207,497,246,64,809,667,48,876
경상남도경찰청,경상남도,밀양시,남포동,35.4675198029199,128.788320441462,3207,497,246,64,809,667,48,876
경상남도경찰청,경상남도,밀양시,내이동,35.4971188045876,128.74617598973,3207,497,246,64,809,667,48,876
경상남도경찰청,경상남도,밀양시,내일동,35.4936937456695,128.754167936421,3207,497,246,64,809,667,48,876
경상남도경찰청,경상남도,밀양시,단장면,35.5152655896826,128.875972446759,3207,497,246,64,809,667,48,876
경상남도경찰청,경상남도,밀양시,무안면,35.4707122682008,128.651336977932,3207,497,246,64,809,667,48,876
경상남도경찰청,경상남도,밀양시,부북면,35.5112083734151,128.729745804964,3207,497,246,64,809,667,48,876
경상남도경찰청,경상남도,밀양시,산내면,35.584260326097,128.880854967038,3207,497,246,64,809,667,48,876
경상남도경찰청,경상남도,밀양시,산외면,35.5026609166682,128.814917817854,3207,497,246,64,809,667,48,876
경상남도경찰청,경상남도,밀양시,삼랑진읍,35.395826706282,128.837736329474,3207,497,246,64,809,667,48,876
경상남도경찰청,경상남도,밀양시,삼문동,35.4831729339252,128.753088669954,3207,497,246,64,809,667,48,876
경상남도경찰청,경상남도,밀양시,상남면,35.4483992882621,128.753523409369,3207,497,246,64,809,667,48,876
경상남도경찰청,경상남도,밀양시,상동면,35.5528172856181,128.76332442161,3207,497,246,64,809,667,48,876
경상남도경찰청,경상남도,밀양시,용평동,35.4923683615809,128.770866008797,3207,497,246,64,809,667,48,876
경상남도경찰청,경상남도,밀양시,청도면,35.5489110834165,128.62444988427,3207,497,246,64,809,667,48,876
경상남도경찰청,경상남도,밀양시,초동면,35.4216281760997,128.672917247381,3207,497,246,64,809,667,48,876
경상남도경찰청,경상남도,밀양시,하남읍,35.3753738864289,128.711098060317,3207,497,246,64,809,667,48,876
경상남도경찰청,경상남도,밀양시,활성동,35.4819879945948,128.806771422722,3207,497,246,64,809,667,48,876
경상남도경찰청,경상남도,사천시,곤명면,35.1119381541415,127.941593019082,3029,506,267,70,881,552,29,724
경상남도경찰청,경상남도,사천시,곤양면,35.0575007053419,127.95963280613,3029,506,267,70,881,552,29,724
경상남도경찰청,경상남도,사천시,궁지동,34.9430206419127,128.12077678441,3029,506,267,70,881,552,29,724
경상남도경찰청,경상남도,사천시,노룡동,34.9854816433548,128.054234390873,3029,506,267,70,881,552,29,724
경상남도경찰청,경상남도,사천시,늑도동,34.923098785402,128.036998782296,3029,506,267,70,881,552,29,724
경상남도경찰청,경상남도,사천시,대방동,34.9356952420431,128.056744718677,3029,506,267,70,881,552,29,724
경상남도경찰청,경상남도,사천시,대포동,34.9900620053133,128.046968179201,3029,506,267,70,881,552,29,724
경상남도경찰청,경상남도,사천시,동금동,34.9312426218853,128.08173303367,3029,506,267,70,881,552,29,724
경상남도경찰청,경상남도,사천시,동동,34.9408763238823,128.067034563549,3029,506,267,70,881,552,29,724
경상남도경찰청,경상남도,사천시,동림동,34.9467734108671,128.072908274389,3029,506,267,70,881,552,29,724
경상남도경찰청,경상남도,사천시,마도동,34.9355323245892,128.030807087841,3029,506,267,70,881,552,29,724
경상남도경찰청,경상남도,사천시,백천동,34.9937665421481,128.095777357159,3029,506,267,70,881,552,29,724
경상남도경찰청,경상남도,사천시,벌리동,34.9396100720326,128.083414694863,3029,506,267,70,881,552,29,724
경상남도경찰청,경상남도,사천시,봉남동,34.9455102084218,128.096873166964,3029,506,267,70,881,552,29,724
경상남도경찰청,경상남도,사천시,사남면,35.0525545488107,128.075219526026,3029,506,267,70,881,552,29,724
경상남도경찰청,경상남도,사천시,사등동,34.9268087476325,128.109638659706,3029,506,267,70,881,552,29,724
경상남도경찰청,경상남도,사천시,사천읍,35.0876728718134,128.088224638707,3029,506,267,70,881,552,29,724
경상남도경찰청,경상남도,사천시,서금동,34.9252335531146,128.074299988811,3029,506,267,70,881,552,29,724
경상남도경찰청,경상남도,사천시,서동,34.9285329514484,128.066879089205,3029,506,267,70,881,552,29,724
경상남도경찰청,경상남도,사천시,서포면,35.0061075610376,127.97802749124,3029,506,267,70,881,552,29,724
경상남도경찰청,경상남도,사천시,선구동,34.9297698790479,128.072170264119,3029,506,267,70,881,552,29,724
경상남도경찰청,경상남도,사천시,송포동,34.9643236231054,128.056941390222,3029,506,267,70,881,552,29,724
경상남도경찰청,경상남도,사천시,신벽동,34.9851780436705,128.072432216988,3029,506,267,70,881,552,29,724
경상남도경찰청,경상남도,사천시,신수동,34.8989342246114,128.07572533857,3029,506,267,70,881,552,29,724
경상남도경찰청,경상남도,사천시,실안동,34.9490050320079,128.049813154664,3029,506,267,70,881,552,29,724
경상남도경찰청,경상남도,사천시,와룡동,34.9697636555092,128.106367773722,3029,506,267,70,881,552,29,724
경상남도경찰청,경상남도,사천시,용강동,34.95117900002,128.088725193857,3029,506,267,70,881,552,29,724
경상남도경찰청,경상남도,사천시,용현면,35.013469494417,128.061298200397,3029,506,267,70,881,552,29,724
경상남도경찰청,경상남도,사천시,이금동,34.9509053650224,128.109796910784,3029,506,267,70,881,552,29,724
경상남도경찰청,경상남도,사천시,이홀동,34.9606499373214,128.123977225356,3029,506,267,70,881,552,29,724
경상남도경찰청,경상남도,사천시,정동면,35.0560355440584,128.123928091562,3029,506,267,70,881,552,29,724
경상남도경찰청,경상남도,사천시,좌룡동,34.9585356008979,128.084907439355,3029,506,267,70,881,552,29,724
경상남도경찰청,경상남도,사천시,죽림동,34.9703788354983,128.07846309964,3029,506,267,70,881,552,29,724
경상남도경찰청,경상남도,사천시,축동면,35.1071396668863,128.088400006387,3029,506,267,70,881,552,29,724
경상남도경찰청,경상남도,사천시,향촌동,34.9338452078747,128.093465043013,3029,506,267,70,881,552,29,724
경상남도경찰청,경상남도,산청군,금서면,35.4171754090996,127.863172409497,637,99,45,9,141,187,6,150
경상남도경찰청,경상남도,산청군,단성면,35.2988594519441,127.95765410323,637,99,45,9,141,187,6,150
경상남도경찰청,경상남도,산청군,산청읍,35.4133338963118,127.87746147244,637,99,45,9,141,187,6,150
경상남도경찰청,경상남도,산청군,삼장면,35.298229932267,127.831735620344,637,99,45,9,141,187,6,150
경상남도경찰청,경상남도,산청군,생비량면,35.3448936670072,128.04514643435,637,99,45,9,141,187,6,150
경상남도경찰청,경상남도,산청군,생초면,35.4931571847987,127.832893459219,637,99,45,9,141,187,6,150
경상남도경찰청,경상남도,산청군,시천면,35.2784085324276,127.840576531665,637,99,45,9,141,187,6,150
경상남도경찰청,경상남도,산청군,신등면,35.382804241132,128.006610635915,637,99,45,9,141,187,6,150
경상남도경찰청,경상남도,산청군,신안면,35.30459780187,127.974042253887,637,99,45,9,141,187,6,150
경상남도경찰청,경상남도,산청군,오부면,35.4586791808443,127.861963189115,637,99,45,9,141,187,6,150
경상남도경찰청,경상남도,산청군,차황면,35.4636815707046,127.92781082711,637,99,45,9,141,187,6,150
경상남도경찰청,경상남도,양산시,교동,35.3498174163062,129.019897074048,9939,1486,1380,202,2893,1538,119,2321
경상남도경찰청,경상남도,양산시,남부동,35.3316785348357,129.027253095651,9939,1486,1380,202,2893,1538,119,2321
경상남도경찰청,경상남도,양산시,다방동,35.3328404924953,129.047063031685,9939,1486,1380,202,2893,1538,119,2321
경상남도경찰청,경상남도,양산시,덕계동,35.3750114142141,129.149287564323,9939,1486,1380,202,2893,1538,119,2321
경상남도경찰청,경상남도,양산시,동면,35.323519849459,129.061860910265,9939,1486,1380,202,2893,1538,119,2321
경상남도경찰청,경상남도,양산시,매곡동,35.3689982830336,129.18110675793,9939,1486,1380,202,2893,1538,119,2321
경상남도경찰청,경상남도,양산시,명곡동,35.344398478411,129.077582220955,9939,1486,1380,202,2893,1538,119,2321
경상남도경찰청,경상남도,양산시,명동,35.3950695977692,129.176689457194,9939,1486,1380,202,2893,1538,119,2321
경상남도경찰청,경상남도,양산시,물금읍,35.3103772342785,128.987200947122,9939,1486,1380,202,2893,1538,119,2321
경상남도경찰청,경상남도,양산시,북부동,35.3476480989723,129.037463052802,9939,1486,1380,202,2893,1538,119,2321
경상남도경찰청,경상남도,양산시,북정동,35.3622060174326,129.049450027028,9939,1486,1380,202,2893,1538,119,2321
경상남도경찰청,경상남도,양산시,산막동,35.3736432564714,129.057929327709,9939,1486,1380,202,2893,1538,119,2321
경상남도경찰청,경상남도,양산시,삼호동,35.4140677065355,129.178534584842,9939,1486,1380,202,2893,1538,119,2321
경상남도경찰청,경상남도,양산시,상북면,35.4183556867378,129.064363371185,9939,1486,1380,202,2893,1538,119,2321
경상남도경찰청,경상남도,양산시,소주동,35.4075747513984,129.157737845411,9939,1486,1380,202,2893,1538,119,2321
경상남도경찰청,경상남도,양산시,신기동,35.3510226784095,129.061644802663,9939,1486,1380,202,2893,1538,119,2321
경상남도경찰청,경상남도,양산시,어곡동,35.3984451939622,129.003104331292,9939,1486,1380,202,2893,1538,119,2321
경상남도경찰청,경상남도,양산시,용당동,35.4245374572453,129.19213288904,9939,1486,1380,202,2893,1538,119,2321
경상남도경찰청,경상남도,양산시,원동면,35.3647300140635,128.918819901124,9939,1486,1380,202,2893,1538,119,2321
경상남도경찰청,경상남도,양산시,유산동,35.3663208713305,129.029043308414,9939,1486,1380,202,2893,1538,119,2321
경상남도경찰청,경상남도,양산시,주남동,35.4324786412842,129.148801570117,9939,1486,1380,202,2893,1538,119,2321
경상남도경찰청,경상남도,양산시,주진동,35.3952099195822,129.14000283264,9939,1486,1380,202,2893,1538,119,2321
경상남도경찰청,경상남도,양산시,중부동,35.3395324207356,129.033717982829,9939,1486,1380,202,2893,1538,119,2321
경상남도경찰청,경상남도,양산시,평산동,35.3815622180432,129.146974672454,9939,1486,1380,202,2893,1538,119,2321
경상남도경찰청,경상남도,양산시,하북면,35.4892594465821,129.086995475879,9939,1486,1380,202,2893,1538,119,2321
경상남도경찰청,경상남도,양산시,호계동,35.3690103468364,129.079669585287,9939,1486,1380,202,2893,1538,119,2321
경상남도경찰청,경상남도,의령군,가례면,35.3267493492587,128.245287007838,648,128,40,11,203,89,15,162
경상남도경찰청,경상남도,의령군,궁류면,35.4473673891073,128.249001652338,648,128,40,11,203,89,15,162
경상남도경찰청,경상남도,의령군,낙서면,35.484141286433,128.37723270162,648,128,40,11,203,89,15,162
경상남도경찰청,경상남도,의령군,대의면,35.3719102608857,128.108277356058,648,128,40,11,203,89,15,162
경상남도경찰청,경상남도,의령군,봉수면,35.4723220620881,128.266199645936,648,128,40,11,203,89,15,162
경상남도경찰청,경상남도,의령군,부림면,35.4664102342279,128.324607785222,648,128,40,11,203,89,15,162
경상남도경찰청,경상남도,의령군,용덕면,35.3482046718237,128.291161607255,648,128,40,11,203,89,15,162
경상남도경찰청,경상남도,의령군,유곡면,35.4332568518358,128.313598987761,648,128,40,11,203,89,15,162
경상남도경찰청,경상남도,의령군,의령읍,35.321227817532,128.260456807629,648,128,40,11,203,89,15,162
경상남도경찰청,경상남도,의령군,정곡면,35.3805462001083,128.326345524489,648,128,40,11,203,89,15,162
경상남도경찰청,경상남도,의령군,지정면,35.3824866952161,128.385983449354,648,128,40,11,203,89,15,162
경상남도경찰청,경상남도,의령군,칠곡면,35.3414337236464,128.192640495476,648,128,40,11,203,89,15,162
경상남도경찰청,경상남도,의령군,화정면,35.2777133029644,128.210833813747,648,128,40,11,203,89,15,162
경상남도경찰청,경상남도,진주시,가좌동,35.1579190159489,128.102394990817,11750,1419,3046,201,3446,1391,76,2171
경상남도경찰청,경상남도,진주시,강남동,35.1872443476107,128.085567540702,11750,1419,3046,201,3446,1391,76,2171
경상남도경찰청,경상남도,진주시,계동,35.1967358243572,128.080845045287,11750,1419,3046,201,3446,1391,76,2171
경상남도경찰청,경상남도,진주시,귀곡동,35.1709512785925,128.015017413744,11750,1419,3046,201,3446,1391,76,2171
경상남도경찰청,경상남도,진주시,금곡면,35.0943915531626,128.18786059839,11750,1419,3046,201,3446,1391,76,2171
경상남도경찰청,경상남도,진주시,금산면,35.2140178212093,128.147956253338,11750,1419,3046,201,3446,1391,76,2171
경상남도경찰청,경상남도,진주시,남성동,35.1888324269465,128.077292975207,11750,1419,3046,201,3446,1391,76,2171
경상남도경찰청,경상남도,진주시,내동면,35.1601785315486,128.067889082008,11750,1419,3046,201,3446,1391,76,2171
경상남도경찰청,경상남도,진주시,대곡면,35.2643026729954,128.169386015517,11750,1419,3046,201,3446,1391,76,2171
경상남도경찰청,경상남도,진주시,대안동,35.1946297570062,128.084141806023,11750,1419,3046,201,3446,1391,76,2171
경상남도경찰청,경상남도,진주시,대평면,35.2326274072907,127.960939474105,11750,1419,3046,201,3446,1391,76,2171
경상남도경찰청,경상남도,진주시,동성동,35.1918910723898,128.085207746254,11750,1419,3046,201,3446,1391,76,2171
경상남도경찰청,경상남도,진주시,망경동,35.1807836751985,128.084779039125,11750,1419,3046,201,3446,1391,76,2171
경상남도경찰청,경상남도,진주시,명석면,35.2195474676198,128.040338594136,11750,1419,3046,201,3446,1391,76,2171
경상남도경찰청,경상남도,진주시,문산읍,35.1691538074342,128.164325231567,11750,1419,3046,201,3446,1391,76,2171
경상남도경찰청,경상남도,진주시,미천면,35.2992235623609,128.115389953383,11750,1419,3046,201,3446,1391,76,2171
경상남도경찰청,경상남도,진주시,본성동,35.1906102436057,128.082094584791,11750,1419,3046,201,3446,1391,76,2171
경상남도경찰청,경상남도,진주시,봉곡동,35.1936864686366,128.071849687825,11750,1419,3046,201,3446,1391,76,2171
경상남도경찰청,경상남도,진주시,봉래동,35.2007885893759,128.084012824607,11750,1419,3046,201,3446,1391,76,2171
경상남도경찰청,경상남도,진주시,사봉면,35.1887310619726,128.270360587286,11750,1419,3046,201,3446,1391,76,2171
경상남도경찰청,경상남도,진주시,상대동,35.1800770345854,128.111814419354,11750,1419,3046,201,3446,1391,76,2171
경상남도경찰청,경상남도,진주시,상봉동,35.1985678395589,128.075111269302,11750,1419,3046,201,3446,1391,76,2171
경상남도경찰청,경상남도,진주시,상평동,35.17608569905,128.109103586641,11750,1419,3046,201,3446,1391,76,2171
경상남도경찰청,경상남도,진주시,수곡면,35.1985989789397,127.932169505873,11750,1419,3046,201,3446,1391,76,2171
경상남도경찰청,경상남도,진주시,수정동,35.1976042993308,128.085722940535,11750,1419,3046,201,3446,1391,76,2171
경상남도경찰청,경상남도,진주시,신안동,35.1845074658315,128.069010895263,11750,1419,3046,201,3446,1391,76,2171
경상남도경찰청,경상남도,진주시,옥봉동,35.1925536841255,128.091307948976,11750,1419,3046,201,3446,1391,76,2171
경상남도경찰청,경상남도,진주시,유곡동,35.203049734479,128.059498436254,11750,1419,3046,201,3446,1391,76,2171
경상남도경찰청,경상남도,진주시,이반성면,35.16920059144,128.32632851586,11750,1419,3046,201,3446,1391,76,2171
경상남도경찰청,경상남도,진주시,이현동,35.1928312626479,128.061706572663,11750,1419,3046,201,3446,1391,76,2171
경상남도경찰청,경상남도,진주시,인사동,35.191363655428,128.074410290631,11750,1419,3046,201,3446,1391,76,2171
경상남도경찰청,경상남도,진주시,일반성면,35.1712827299993,128.277171018404,11750,1419,3046,201,3446,1391,76,2171
경상남도경찰청,경상남도,진주시,장대동,35.1932139971158,128.088040490579,11750,1419,3046,201,3446,1391,76,2171
경상남도경찰청,경상남도,진주시,장재동,35.2066098749779,128.096147687382,11750,1419,3046,201,3446,1391,76,2171
경상남도경찰청,경상남도,진주시,정촌면,35.1312367483292,128.10279442624,11750,1419,3046,201,3446,1391,76,2171
경상남도경찰청,경상남도,진주시,주약동,35.1690048707739,128.084038630075,11750,1419,3046,201,3446,1391,76,2171
경상남도경찰청,경상남도,진주시,중안동,35.1936708647763,128.080905457075,11750,1419,3046,201,3446,1391,76,2171
경상남도경찰청,경상남도,진주시,지수면,35.2350536186251,128.269623700446,11750,1419,3046,201,3446,1391,76,2171
경상남도경찰청,경상남도,진주시,진성면,35.1849539698332,128.223337045429,11750,1419,3046,201,3446,1391,76,2171
경상남도경찰청,경상남도,진주시,집현면,35.2390259383822,128.086340654273,11750,1419,3046,201,3446,1391,76,2171
경상남도경찰청,경상남도,진주시,초전동,35.2049512248816,128.116690765916,11750,1419,3046,201,3446,1391,76,2171
경상남도경찰청,경상남도,진주시,충무공동,35.1748715455871,128.150373801935,11750,1419,3046,201,3446,1391,76,2171
경상남도경찰청,경상남도,진주시,칠암동,35.183532584607,128.091806500408,11750,1419,3046,201,3446,1391,76,2171
경상남도경찰청,경상남도,진주시,판문동,35.1876559830505,128.039053612367,11750,1419,3046,201,3446,1391,76,2171
경상남도경찰청,경상남도,진주시,평거동,35.1738211142887,128.065384700633,11750,1419,3046,201,3446,1391,76,2171
경상남도경찰청,경상남도,진주시,평안동,35.1972906984879,128.082899083228,11750,1419,3046,201,3446,1391,76,2171
경상남도경찰청,경상남도,진주시,하대동,35.1893640873671,128.127403704554,11750,1419,3046,201,3446,1391,76,2171
경상남도경찰청,경상남도,진주시,하촌동,35.2173622029583,128.082339721622,11750,1419,3046,201,3446,1391,76,2171
경상남도경찰청,경상남도,진주시,호탄동,35.164119375069,128.124425429284,11750,1419,3046,201,3446,1391,76,2171
경상남도경찰청,경상남도,창녕군,계성면,35.4688466315925,128.512918359668,1707,228,155,22,569,335,19,379
경상남도경찰청,경상남도,창녕군,고암면,35.5763918887146,128.510958475848,1707,228,155,22,569,335,19,379
경상남도경찰청,경상남도,창녕군,길곡면,35.387025567338,128.568984801461,1707,228,155,22,569,335,19,379
경상남도경찰청,경상남도,창녕군,남지읍,35.3890464437313,128.477040981987,1707,228,155,22,569,335,19,379
경상남도경찰청,경상남도,창녕군,대지면,35.5555840663393,128.467857909129,1707,228,155,22,569,335,19,379
경상남도경찰청,경상남도,창녕군,대합면,35.6137030890697,128.472088769913,1707,228,155,22,569,335,19,379
경상남도경찰청,경상남도,창녕군,도천면,35.4351348960972,128.518022212759,1707,228,155,22,569,335,19,379
경상남도경찰청,경상남도,창녕군,부곡면,35.434899122121,128.602912490818,1707,228,155,22,569,335,19,379
경상남도경찰청,경상남도,창녕군,성산면,35.6287249328311,128.493985843628,1707,228,155,22,569,335,19,379
경상남도경찰청,경상남도,창녕군,영산면,35.4536468385522,128.527939024735,1707,228,155,22,569,335,19,379
경상남도경찰청,경상남도,창녕군,유어면,35.5080932361683,128.411139146595,1707,228,155,22,569,335,19,379
경상남도경찰청,경상남도,창녕군,이방면,35.5770471823469,128.387827507962,1707,228,155,22,569,335,19,379
경상남도경찰청,경상남도,창녕군,장마면,35.4581556998896,128.47291048672,1707,228,155,22,569,335,19,379
경상남도경찰청,경상남도,창녕군,창녕읍,35.5412894797241,128.50077305203,1707,228,155,22,569,335,19,379
경상남도경찰청,경상남도,창원시,가포동,35.16955184819,128.572047676404,28543,4356,3665,606,9077,3871,290,6678
경상남도경찰청,경상남도,창원시,교방동,35.2143429100239,128.566251648628,28543,4356,3665,606,9077,3871,290,6678
경상남도경찰청,경상남도,창원시,교원동,35.2143784015211,128.568800074525,28543,4356,3665,606,9077,3871,290,6678
경상남도경찰청,경상남도,창원시,구산면,35.1196814231664,128.580842336195,28543,4356,3665,606,9077,3871,290,6678
경상남도경찰청,경상남도,창원시,남성동,35.2024671400478,128.577438407255,28543,4356,3665,606,9077,3871,290,6678
경상남도경찰청,경상남도,창원시,대내동,35.1829333125758,128.557275083178,28543,4356,3665,606,9077,3871,290,6678
경상남도경찰청,경상남도,창원시,대성동1가,35.1924025667405,128.561271996368,28543,4356,3665,606,9077,3871,290,6678
경상남도경찰청,경상남도,창원시,대성동2가,35.1938229208809,128.56266934274,28543,4356,3665,606,9077,3871,290,6678
경상남도경찰청,경상남도,창원시,대외동,35.1846771969361,128.558467599713,28543,4356,3665,606,9077,3871,290,6678
경상남도경찰청,경상남도,창원시,대창동,35.1862081952082,128.554628231448,28543,4356,3665,606,9077,3871,290,6678
경상남도경찰청,경상남도,창원시,덕동동,35.1448832680473,128.578955218873,28543,4356,3665,606,9077,3871,290,6678
경상남도경찰청,경상남도,창원시,동성동,35.2049796673243,128.578277591786,28543,4356,3665,606,9077,3871,290,6678
경상남도경찰청,경상남도,창원시,두월동1가,35.1878682967739,128.561211587752,28543,4356,3665,606,9077,3871,290,6678
경상남도경찰청,경상남도,창원시,두월동2가,35.1866161495521,128.560467480906,28543,4356,3665,606,9077,3871,290,6678
경상남도경찰청,경상남도,창원시,두월동3가,35.1854366853789,128.559957515386,28543,4356,3665,606,9077,3871,290,6678
경상남도경찰청,경상남도,창원시,문화동,35.187848693747,128.556574064754,28543,4356,3665,606,9077,3871,290,6678
경상남도경찰청,경상남도,창원시,반월동,35.1900993321705,128.560406741178,28543,4356,3665,606,9077,3871,290,6678
경상남도경찰청,경상남도,창원시,부림동,35.2055219687555,128.572617784048,28543,4356,3665,606,9077,3871,290,6678
경상남도경찰청,경상남도,창원시,산호동,35.2160543574232,128.585977212791,28543,4356,3665,606,9077,3871,290,6678
경상남도경찰청,경상남도,창원시,상남동,35.2133702442789,128.573981518795,28543,4356,3665,606,9077,3871,290,6678
경상남도경찰청,경상남도,창원시,서성동,35.2032487638508,128.57083469441,28543,4356,3665,606,9077,3871,290,6678
경상남도경찰청,경상남도,창원시,성호동,35.2093860054481,128.569876783403,28543,4356,3665,606,9077,3871,290,6678
경상남도경찰청,경상남도,창원시,수성동,35.2046948512028,128.573849200801,28543,4356,3665,606,9077,3871,290,6678
경상남도경찰청,경상남도,창원시,신월동,35.1925870885037,128.557301225674,28543,4356,3665,606,9077,3871,290,6678
경상남도경찰청,경상남도,창원시,신창동,35.1874713109014,128.559847106765,28543,4356,3665,606,9077,3871,290,6678
경상남도경찰청,경상남도,창원시,신포동1가,35.1976510111191,128.571332955968,28543,4356,3665,606,9077,3871,290,6678
경상남도경찰청,경상남도,창원시,신포동2가,35.2015158823511,128.572970950568,28543,4356,3665,606,9077,3871,290,6678
경상남도경찰청,경상남도,창원시,신흥동,35.1942753842237,128.564759618735,28543,4356,3665,606,9077,3871,290,6678
경상남도경찰청,경상남도,창원시,예곡동,35.1739934754998,128.539472301567,28543,4356,3665,606,9077,3871,290,6678
경상남도경찰청,경상남도,창원시,오동동,35.2087831844857,128.578531295132,28543,4356,3665,606,9077,3871,290,6678
경상남도경찰청,경상남도,창원시,완월동,35.1994921141628,128.564174556278,28543,4356,3665,606,9077,3871,290,6678
경상남도경찰청,경상남도,창원시,우산동,35.1571045757835,128.550738127372,28543,4356,3665,606,9077,3871,290,6678
경상남도경찰청,경상남도,창원시,월남동1가,35.1865250859275,128.563614205006,28543,4356,3665,606,9077,3871,290,6678
경상남도경찰청,경상남도,창원시,월남동2가,35.1860697459024,128.562024670337,28543,4356,3665,606,9077,3871,290,6678
경상남도경찰청,경상남도,창원시,월남동3가,35.1847838048644,128.560546613059,28543,4356,3665,606,9077,3871,290,6678
경상남도경찰청,경상남도,창원시,월남동4가,35.1825778843196,128.55940230595,28543,4356,3665,606,9077,3871,290,6678
경상남도경찰청,경상남도,창원시,월남동5가,35.1809992514686,128.559095521539,28543,4356,3665,606,9077,3871,290,6678
경상남도경찰청,경상남도,창원시,월영동,35.1742394253798,128.558013685389,28543,4356,3665,606,9077,3871,290,6678
경상남도경찰청,경상남도,창원시,월포동,35.190892464531,128.566266861359,28543,4356,3665,606,9077,3871,290,6678
경상남도경찰청,경상남도,창원시,유록동,35.1850340272946,128.555949537965,28543,4356,3665,606,9077,3871,290,6678
경상남도경찰청,경상남도,창원시,자산동,35.2054922007325,128.565457953384,28543,4356,3665,606,9077,3871,290,6678
경상남도경찰청,경상남도,창원시,장군동1가,35.1913277552105,128.562151671718,28543,4356,3665,606,9077,3871,290,6678
경상남도경찰청,경상남도,창원시,장군동2가,35.1929589971654,128.562850413757,28543,4356,3665,606,9077,3871,290,6678
경상남도경찰청,경상남도,창원시,장군동3가,35.1957734830702,128.564322836707,28543,4356,3665,606,9077,3871,290,6678
경상남도경찰청,경상남도,창원시,장군동4가,35.1982209593041,128.565182252534,28543,4356,3665,606,9077,3871,290,6678
경상남도경찰청,경상남도,창원시,장군동5가,35.2005871496927,128.566193879225,28543,4356,3665,606,9077,3871,290,6678
경상남도경찰청,경상남도,창원시,중성동,35.2085485662527,128.574679062173,28543,4356,3665,606,9077,3871,290,6678
경상남도경찰청,경상남도,창원시,중앙동1가,35.1893629671123,128.562157969723,28543,4356,3665,606,9077,3871,290,6678
경상남도경찰청,경상남도,창원시,중앙동2가,35.1949636660014,128.566731481136,28543,4356,3665,606,9077,3871,290,6678
경상남도경찰청,경상남도,창원시,중앙동3가,35.1984902036891,128.568055268282,28543,4356,3665,606,9077,3871,290,6678
경상남도경찰청,경상남도,창원시,진동면,35.1151603215593,128.488348655692,28543,4356,3665,606,9077,3871,290,6678
경상남도경찰청,경상남도,창원시,진북면,35.1154656610035,128.467448231228,28543,4356,3665,606,9077,3871,290,6678
경상남도경찰청,경상남도,창원시,진전면,35.1028661548291,128.418985631953,28543,4356,3665,606,9077,3871,290,6678
경상남도경찰청,경상남도,창원시,창동,35.2064393947131,128.574423113711,28543,4356,3665,606,9077,3871,290,6678
경상남도경찰청,경상남도,창원시,창포동1가,35.1847256868375,128.562258018549,28543,4356,3665,606,9077,3871,290,6678
경상남도경찰청,경상남도,창원시,창포동2가,35.1836503715333,128.561499745462,28543,4356,3665,606,9077,3871,290,6678
경상남도경찰청,경상남도,창원시,창포동3가,35.1820157954126,128.560779098912,28543,4356,3665,606,9077,3871,290,6678
경상남도경찰청,경상남도,창원시,청계동,35.1848701101979,128.557483290799,28543,4356,3665,606,9077,3871,290,6678
경상남도경찰청,경상남도,창원시,추산동,35.2066034808332,128.570394205876,28543,4356,3665,606,9077,3871,290,6678
경상남도경찰청,경상남도,창원시,평화동,35.1873600365925,128.558690091048,28543,4356,3665,606,9077,3871,290,6678
경상남도경찰청,경상남도,창원시,해운동,35.179961152526,128.563558712827,28543,4356,3665,606,9077,3871,290,6678
경상남도경찰청,경상남도,창원시,현동,35.1498879001077,128.553792117888,28543,4356,3665,606,9077,3871,290,6678
경상남도경찰청,경상남도,창원시,홍문동,35.1833499072178,128.559078949529,28543,4356,3665,606,9077,3871,290,6678
경상남도경찰청,경상남도,창원시,화영동,35.1844505816703,128.554502538662,28543,4356,3665,606,9077,3871,290,6678
경상남도경찰청,경상남도,창원시,구암동,35.2493801388606,128.593521145713,28543,4356,3665,606,9077,3871,290,6678
경상남도경찰청,경상남도,창원시,내서읍,35.2467853123735,128.507669257485,28543,4356,3665,606,9077,3871,290,6678
경상남도경찰청,경상남도,창원시,두척동,35.2348738177307,128.542902324386,28543,4356,3665,606,9077,3871,290,6678
경상남도경찰청,경상남도,창원시,봉암동,35.2176179965693,128.602467523542,28543,4356,3665,606,9077,3871,290,6678
경상남도경찰청,경상남도,창원시,석전동,35.2293863941036,128.56819711454,28543,4356,3665,606,9077,3871,290,6678
경상남도경찰청,경상남도,창원시,양덕동,35.2322986880556,128.586214297803,28543,4356,3665,606,9077,3871,290,6678
경상남도경찰청,경상남도,창원시,합성동,35.2439797546624,128.575091448879,28543,4356,3665,606,9077,3871,290,6678
경상남도경찰청,경상남도,창원시,회성동,35.233057169433,128.561712414015,28543,4356,3665,606,9077,3871,290,6678
경상남도경찰청,경상남도,창원시,회원동,35.2182414223567,128.574189789752,28543,4356,3665,606,9077,3871,290,6678
경상남도경찰청,경상남도,창원시,가음동,35.2083754796001,128.695318731003,28543,4356,3665,606,9077,3871,290,6678
경상남도경찰청,경상남도,창원시,가음정동,35.2083719827532,128.68524284168,28543,4356,3665,606,9077,3871,290,6678
경상남도경찰청,경상남도,창원시,귀곡동,35.1786028516396,128.614596760468,28543,4356,3665,606,9077,3871,290,6678
경상남도경찰청,경상남도,창원시,귀산동,35.1645189824235,128.615358704498,28543,4356,3665,606,9077,3871,290,6678
경상남도경찰청,경상남도,창원시,귀현동,35.1900655522521,128.610612273872,28543,4356,3665,606,9077,3871,290,6678
경상남도경찰청,경상남도,창원시,남산동,35.1982936131903,128.695763526976,28543,4356,3665,606,9077,3871,290,6678
경상남도경찰청,경상남도,창원시,남양동,35.2102543848438,128.702455824447,28543,4356,3665,606,9077,3871,290,6678
경상남도경찰청,경상남도,창원시,남지동,35.1865962335227,128.676313841247,28543,4356,3665,606,9077,3871,290,6678
경상남도경찰청,경상남도,창원시,내동,35.2214539936159,128.663623163164,28543,4356,3665,606,9077,3871,290,6678
경상남도경찰청,경상남도,창원시,대방동,35.2110861914908,128.718083708009,28543,4356,3665,606,9077,3871,290,6678
경상남도경찰청,경상남도,창원시,반림동,35.2341809954472,128.67264838324,28543,4356,3665,606,9077,3871,290,6678
경상남도경찰청,경상남도,창원시,반송동,35.2404170963623,128.673193879351,28543,4356,3665,606,9077,3871,290,6678
경상남도경찰청,경상남도,창원시,반지동,35.2419235538109,128.662498892486,28543,4356,3665,606,9077,3871,290,6678
경상남도경찰청,경상남도,창원시,불모산동,35.1905461769684,128.734733082339,28543,4356,3665,606,9077,3871,290,6678
경상남도경찰청,경상남도,창원시,사파동,35.2230183085148,128.699186040511,28543,4356,3665,606,9077,3871,290,6678
경상남도경찰청,경상남도,창원시,사파정동,35.2209529849771,128.711447534134,28543,4356,3665,606,9077,3871,290,6678
경상남도경찰청,경상남도,창원시,삼정자동,35.2008257574991,128.719676971768,28543,4356,3665,606,9077,3871,290,6678
경상남도경찰청,경상남도,창원시,상남동,35.2162394978175,128.687193298709,28543,4356,3665,606,9077,3871,290,6678
경상남도경찰청,경상남도,창원시,상복동,35.1901742527627,128.662576762017,28543,4356,3665,606,9077,3871,290,6678
경상남도경찰청,경상남도,창원시,성산동,35.2020148518903,128.673152291541,28543,4356,3665,606,9077,3871,290,6678
경상남도경찰청,경상남도,창원시,성주동,35.1896913669122,128.695062172053,28543,4356,3665,606,9077,3871,290,6678
경상남도경찰청,경상남도,창원시,신촌동,35.2132839240233,128.639683986417,28543,4356,3665,606,9077,3871,290,6678
경상남도경찰청,경상남도,창원시,안민동,35.1792921011409,128.686740994729,28543,4356,3665,606,9077,3871,290,6678
경상남도경찰청,경상남도,창원시,양곡동,35.1943764007579,128.63460054973,28543,4356,3665,606,9077,3871,290,6678
경상남도경찰청,경상남도,창원시,완암동,35.2013078872836,128.656931728284,28543,4356,3665,606,9077,3871,290,6678
경상남도경찰청,경상남도,창원시,외동,35.2116351196279,128.674280893714,28543,4356,3665,606,9077,3871,290,6678
경상남도경찰청,경상남도,창원시,웅남동,35.2096960266066,128.656702468337,28543,4356,3665,606,9077,3871,290,6678
경상남도경찰청,경상남도,창원시,월림동,35.208925204809,128.644230221569,28543,4356,3665,606,9077,3871,290,6678
경상남도경찰청,경상남도,창원시,적현동,35.2027147828803,128.613896906468,28543,4356,3665,606,9077,3871,290,6678
경상남도경찰청,경상남도,창원시,중앙동,35.2210917127139,128.673688803064,28543,4356,3665,606,9077,3871,290,6678
경상남도경찰청,경상남도,창원시,창곡동,35.1975440119315,128.646653367211,28543,4356,3665,606,9077,3871,290,6678
경상남도경찰청,경상남도,창원시,천선동,35.1735411315956,128.716582008989,28543,4356,3665,606,9077,3871,290,6678
경상남도경찰청,경상남도,창원시,토월동,35.2314666552535,128.71258660989,28543,4356,3665,606,9077,3871,290,6678
경상남도경찰청,경상남도,창원시,내리동,35.2256405779831,128.622368480196,28543,4356,3665,606,9077,3871,290,6678
경상남도경찰청,경상남도,창원시,대산면,35.3353649020527,128.708256877819,28543,4356,3665,606,9077,3871,290,6678
경상남도경찰청,경상남도,창원시,도계동,35.261976213289,128.640409579939,28543,4356,3665,606,9077,3871,290,6678
경상남도경찰청,경상남도,창원시,동읍,35.2847013679004,128.682391858961,28543,4356,3665,606,9077,3871,290,6678
경상남도경찰청,경상남도,창원시,동정동,35.2679671473211,128.609036502146,28543,4356,3665,606,9077,3871,290,6678
경상남도경찰청,경상남도,창원시,명곡동,35.2569724978399,128.650755416213,28543,4356,3665,606,9077,3871,290,6678
경상남도경찰청,경상남도,창원시,명서동,35.2469284986857,128.645256555124,28543,4356,3665,606,9077,3871,290,6678
경상남도경찰청,경상남도,창원시,반계동,35.2389029126015,128.615641839504,28543,4356,3665,606,9077,3871,290,6678
경상남도경찰청,경상남도,창원시,봉곡동,35.2480948124078,128.666188761952,28543,4356,3665,606,9077,3871,290,6678
경상남도경찰청,경상남도,창원시,봉림동,35.2519257522821,128.667572368538,28543,4356,3665,606,9077,3871,290,6678
경상남도경찰청,경상남도,창원시,북동,35.266257954955,128.621490115241,28543,4356,3665,606,9077,3871,290,6678
경상남도경찰청,경상남도,창원시,북면,35.3477803867698,128.607040985916,28543,4356,3665,606,9077,3871,290,6678
경상남도경찰청,경상남도,창원시,사림동,35.2429625251831,128.685114703472,28543,4356,3665,606,9077,3871,290,6678
경상남도경찰청,경상남도,창원시,사화동,35.2465537607434,128.632202166736,28543,4356,3665,606,9077,3871,290,6678
경상남도경찰청,경상남도,창원시,서곡동,35.2520115608142,128.65449572139,28543,4356,3665,606,9077,3871,290,6678
경상남도경찰청,경상남도,창원시,서상동,35.2588613960792,128.621439429627,28543,4356,3665,606,9077,3871,290,6678
경상남도경찰청,경상남도,창원시,소계동,35.2638961378585,128.595783252945,28543,4356,3665,606,9077,3871,290,6678
경상남도경찰청,경상남도,창원시,소답동,35.2651706948212,128.629432845668,28543,4356,3665,606,9077,3871,290,6678
경상남도경찰청,경상남도,창원시,용동,35.2412740850219,128.707326682512,28543,4356,3665,606,9077,3871,290,6678
경상남도경찰청,경상남도,창원시,중동,35.2558423627677,128.625866439417,28543,4356,3665,606,9077,3871,290,6678
경상남도경찰청,경상남도,창원시,차용동,35.2320400963619,128.632227672054,28543,4356,3665,606,9077,3871,290,6678
경상남도경찰청,경상남도,창원시,퇴촌동,35.2523548612031,128.692226241696,28543,4356,3665,606,9077,3871,290,6678
경상남도경찰청,경상남도,창원시,팔용동,35.2541369944155,128.612147059153,28543,4356,3665,606,9077,3871,290,6678
경상남도경찰청,경상남도,창원시,가주동,35.1164967888973,128.831365388464,28543,4356,3665,606,9077,3871,290,6678
경상남도경찰청,경상남도,창원시,경화동,35.1543440473172,128.686892962301,28543,4356,3665,606,9077,3871,290,6678
경상남도경찰청,경상남도,창원시,광화동,35.1483177480797,128.659407356297,28543,4356,3665,606,9077,3871,290,6678
경상남도경찰청,경상남도,창원시,근화동,35.1468053423924,128.660601165902,28543,4356,3665,606,9077,3871,290,6678
경상남도경찰청,경상남도,창원시,남문동,35.1076267363167,128.766422933285,28543,4356,3665,606,9077,3871,290,6678
경상남도경찰청,경상남도,창원시,남빈동,35.1439957376635,128.658595451209,28543,4356,3665,606,9077,3871,290,6678
경상남도경찰청,경상남도,창원시,남양동,35.1143249855122,128.777737146775,28543,4356,3665,606,9077,3871,290,6678
경상남도경찰청,경상남도,창원시,대영동,35.1443925890392,128.659099441933,28543,4356,3665,606,9077,3871,290,6678
경상남도경찰청,경상남도,창원시,대장동,35.1525128809363,128.773941453686,28543,4356,3665,606,9077,3871,290,6678
경상남도경찰청,경상남도,창원시,대죽동,35.140889709343,128.665848284969,28543,4356,3665,606,9077,3871,290,6678
경상남도경찰청,경상남도,창원시,대천동,35.1494773758977,128.658965659324,28543,4356,3665,606,9077,3871,290,6678
경상남도경찰청,경상남도,창원시,대흥동,35.1506047647706,128.66140258565,28543,4356,3665,606,9077,3871,290,6678
경상남도경찰청,경상남도,창원시,덕산동,35.1415613936717,128.694357539618,28543,4356,3665,606,9077,3871,290,6678
경상남도경찰청,경상남도,창원시,도만동,35.1496532541189,128.654540615715,28543,4356,3665,606,9077,3871,290,6678
경상남도경찰청,경상남도,창원시,도천동,35.1527487791886,128.654094139422,28543,4356,3665,606,9077,3871,290,6678
경상남도경찰청,경상남도,창원시,동상동,35.1540462291797,128.652004738577,28543,4356,3665,606,9077,3871,290,6678
경상남도경찰청,경상남도,창원시,두동,35.1239968954825,128.805769286864,28543,4356,3665,606,9077,3871,290,6678
경상남도경찰청,경상남도,창원시,마천동,35.1414047786236,128.793387470147,28543,4356,3665,606,9077,3871,290,6678
경상남도경찰청,경상남도,창원시,명동,35.0980721019716,128.726762234159,28543,4356,3665,606,9077,3871,290,6678
경상남도경찰청,경상남도,창원시,무송동,35.1444628235423,128.665802609301,28543,4356,3665,606,9077,3871,290,6678
경상남도경찰청,경상남도,창원시,부흥동,35.1470284448505,128.662207672338,28543,4356,3665,606,9077,3871,290,6678
경상남도경찰청,경상남도,창원시,북부동,35.1278178010511,128.741260145921,28543,4356,3665,606,9077,3871,290,6678
경상남도경찰청,경상남도,창원시,서중동,35.1140217319828,128.738005189034,28543,4356,3665,606,9077,3871,290,6678
경상남도경찰청,경상남도,창원시,석동,35.1586340394401,128.700031729411,28543,4356,3665,606,9077,3871,290,6678
경상남도경찰청,경상남도,창원시,성내동,35.1152356487159,128.76054604253,28543,4356,3665,606,9077,3871,290,6678
경상남도경찰청,경상남도,창원시,소사동,35.1418109452927,128.758550916788,28543,4356,3665,606,9077,3871,290,6678
경상남도경찰청,경상남도,창원시,속천동,35.1424244576531,128.669583638406,28543,4356,3665,606,9077,3871,290,6678
경상남도경찰청,경상남도,창원시,송죽동,35.1481831348901,128.656600031327,28543,4356,3665,606,9077,3871,290,6678
경상남도경찰청,경상남도,창원시,송학동,35.1511511693387,128.661777997904,28543,4356,3665,606,9077,3871,290,6678
경상남도경찰청,경상남도,창원시,수도동,35.0797864552355,128.744242467228,28543,4356,3665,606,9077,3871,290,6678
경상남도경찰청,경상남도,창원시,수송동,35.1521807889807,128.656088528127,28543,4356,3665,606,9077,3871,290,6678
경상남도경찰청,경상남도,창원시,숭인동,35.144955759939,128.659567315075,28543,4356,3665,606,9077,3871,290,6678
경상남도경찰청,경상남도,창원시,신흥동,35.1451422575104,128.656740281684,28543,4356,3665,606,9077,3871,290,6678
경상남도경찰청,경상남도,창원시,안곡동,35.1300539641509,128.668418323936,28543,4356,3665,606,9077,3871,290,6678
경상남도경찰청,경상남도,창원시,안골동,35.0862777445948,128.790315716362,28543,4356,3665,606,9077,3871,290,6678
경상남도경찰청,경상남도,창원시,여좌동,35.1585504220872,128.66032191405,28543,4356,3665,606,9077,3871,290,6678
경상남도경찰청,경상남도,창원시,연도동,35.0642856918414,128.764646676644,28543,4356,3665,606,9077,3871,290,6678
경상남도경찰청,경상남도,창원시,용원동,35.1042546422864,128.815799947998,28543,4356,3665,606,9077,3871,290,6678
경상남도경찰청,경상남도,창원시,원포동,35.1108644346617,128.710344044625,28543,4356,3665,606,9077,3871,290,6678
경상남도경찰청,경상남도,창원시,이동,35.149349288837,128.699926329392,28543,4356,3665,606,9077,3871,290,6678
경상남도경찰청,경상남도,창원시,익선동,35.1497636484679,128.657540618904,28543,4356,3665,606,9077,3871,290,6678
경상남도경찰청,경상남도,창원시,인사동,35.1497547138484,128.667385218797,28543,4356,3665,606,9077,3871,290,6678
경상남도경찰청,경상남도,창원시,인의동,35.1436138920416,128.656994573091,28543,4356,3665,606,9077,3871,290,6678
경상남도경찰청,경상남도,창원시,자은동,35.1471122577554,128.70545375036,28543,4356,3665,606,9077,3871,290,6678
경상남도경찰청,경상남도,창원시,장천동,35.1270230747415,128.711265483341,28543,4356,3665,606,9077,3871,290,6678
경상남도경찰청,경상남도,창원시,제덕동,35.1051068368641,128.734732049021,28543,4356,3665,606,9077,3871,290,6678
경상남도경찰청,경상남도,창원시,제황산동,35.1486248630958,128.674029126818,28543,4356,3665,606,9077,3871,290,6678
경상남도경찰청,경상남도,창원시,죽곡동,35.1126278398104,128.724546773188,28543,4356,3665,606,9077,3871,290,6678
경상남도경찰청,경상남도,창원시,중앙동,35.149027629933,128.661269572107,28543,4356,3665,606,9077,3871,290,6678
경상남도경찰청,경상남도,창원시,중평동,35.1474479360714,128.659745202853,28543,4356,3665,606,9077,3871,290,6678
경상남도경찰청,경상남도,창원시,창선동,35.1495887395961,128.658204215472,28543,4356,3665,606,9077,3871,290,6678
경상남도경찰청,경상남도,창원시,청안동,35.104211789876,128.798608095078,28543,4356,3665,606,9077,3871,290,6678
경상남도경찰청,경상남도,창원시,충무동,35.1518170771266,128.667883781254,28543,4356,3665,606,9077,3871,290,6678
경상남도경찰청,경상남도,창원시,충의동,35.1452047713276,128.662964967538,28543,4356,3665,606,9077,3871,290,6678
경상남도경찰청,경상남도,창원시,태백동,35.1674890582468,128.665424893326,28543,4356,3665,606,9077,3871,290,6678
경상남도경찰청,경상남도,창원시,태평동,35.1457823296331,128.662120883779,28543,4356,3665,606,9077,3871,290,6678
경상남도경찰청,경상남도,창원시,통신동,35.1492535516318,128.66056752181,28543,4356,3665,606,9077,3871,290,6678
경상남도경찰청,경상남도,창원시,평안동,35.1501185068484,128.659795054374,28543,4356,3665,606,9077,3871,290,6678
경상남도경찰청,경상남도,창원시,풍호동,35.137579810201,128.707321817312,28543,4356,3665,606,9077,3871,290,6678
경상남도경찰청,경상남도,창원시,행암동,35.1134739578123,128.701154901779,28543,4356,3665,606,9077,3871,290,6678
경상남도경찰청,경상남도,창원시,현동,35.1584883804277,128.642929093366,28543,4356,3665,606,9077,3871,290,6678
경상남도경찰청,경상남도,창원시,화천동,35.15177862069,128.661501069791,28543,4356,3665,606,9077,3871,290,6678
경상남도경찰청,경상남도,창원시,회현동,35.1503769130983,128.65698246892,28543,4356,3665,606,9077,3871,290,6678
경상남도경찰청,경상남도,통영시,광도면,34.8998167335747,128.406898172064,3910,781,424,91,962,747,24,881
경상남도경찰청,경상남도,통영시,당동,34.8355849371071,128.406670144302,3910,781,424,91,962,747,24,881
경상남도경찰청,경상남도,통영시,도남동,34.8260814678389,128.424639312556,3910,781,424,91,962,747,24,881
경상남도경찰청,경상남도,통영시,도산면,34.903231462281,128.361908455875,3910,781,424,91,962,747,24,881
경상남도경찰청,경상남도,통영시,도천동,34.8370404358767,128.413599261965,3910,781,424,91,962,747,24,881
경상남도경찰청,경상남도,통영시,동호동,34.8408607173715,128.430972153028,3910,781,424,91,962,747,24,881
경상남도경찰청,경상남도,통영시,명정동,34.8524095365065,128.412672556184,3910,781,424,91,962,747,24,881
경상남도경찰청,경상남도,통영시,무전동,34.8573843937843,128.43242606098,3910,781,424,91,962,747,24,881
경상남도경찰청,경상남도,통영시,문화동,34.8484083154508,128.421901603576,3910,781,424,91,962,747,24,881
경상남도경찰청,경상남도,통영시,미수동,34.8304013187663,128.405982970409,3910,781,424,91,962,747,24,881
경상남도경찰청,경상남도,통영시,봉평동,34.8327173206247,128.414565984258,3910,781,424,91,962,747,24,881
경상남도경찰청,경상남도,통영시,북신동,34.8570502525325,128.425579864012,3910,781,424,91,962,747,24,881
경상남도경찰청,경상남도,통영시,사량면,34.845513607697,128.220071805183,3910,781,424,91,962,747,24,881
경상남도경찰청,경상남도,통영시,산양읍,34.8035235658677,128.386233403232,3910,781,424,91,962,747,24,881
경상남도경찰청,경상남도,통영시,서호동,34.8411286078081,128.419804237656,3910,781,424,91,962,747,24,881
경상남도경찰청,경상남도,통영시,욕지면,34.636359341936,128.263413838072,3910,781,424,91,962,747,24,881
경상남도경찰청,경상남도,통영시,용남면,34.8677216217383,128.442399210645,3910,781,424,91,962,747,24,881
경상남도경찰청,경상남도,통영시,인평동,34.8419559473449,128.39567143471,3910,781,424,91,962,747,24,881
경상남도경찰청,경상남도,통영시,정량동,34.8479425295675,128.435769681857,3910,781,424,91,962,747,24,881
경상남도경찰청,경상남도,통영시,중앙동,34.8448324831902,128.423086397475,3910,781,424,91,962,747,24,881
경상남도경찰청,경상남도,통영시,태평동,34.8479162710398,128.426052031639,3910,781,424,91,962,747,24,881
경상남도경찰청,경상남도,통영시,평림동,34.8544476095987,128.394146102005,3910,781,424,91,962,747,24,881
경상남도경찰청,경상남도,통영시,한산면,34.7671628765409,128.507670217862,3910,781,424,91,962,747,24,881
경상남도경찰청,경상남도,통영시,항남동,34.8417148084973,128.423321333378,3910,781,424,91,962,747,24,881
경상남도경찰청,경상남도,하동군,고전면,35.0221535536576,127.817381325201,1039,163,95,21,293,246,9,212
경상남도경찰청,경상남도,하동군,금남면,34.9505144081683,127.85911016191,1039,163,95,21,293,246,9,212
경상남도경찰청,경상남도,하동군,금성면,34.9637957720136,127.790234357006,1039,163,95,21,293,246,9,212
경상남도경찰청,경상남도,하동군,북천면,35.1146972987794,127.892851440139,1039,163,95,21,293,246,9,212
경상남도경찰청,경상남도,하동군,악양면,35.1623206608436,127.708931972841,1039,163,95,21,293,246,9,212
경상남도경찰청,경상남도,하동군,양보면,35.0473086568295,127.845738284614,1039,163,95,21,293,246,9,212
경상남도경찰청,경상남도,하동군,옥종면,35.1829311951807,127.879540409871,1039,163,95,21,293,246,9,212
경상남도경찰청,경상남도,하동군,적량면,35.0832060800982,127.776936681526,1039,163,95,21,293,246,9,212
경상남도경찰청,경상남도,하동군,진교면,35.0304746528244,127.90091123619,1039,163,95,21,293,246,9,212
경상남도경찰청,경상남도,하동군,청암면,35.1564139058829,127.799472140069,1039,163,95,21,293,246,9,212
경상남도경찰청,경상남도,하동군,하동읍,35.072127253214,127.745260820046,1039,163,95,21,293,246,9,212
경상남도경찰청,경상남도,하동군,화개면,35.1883820741378,127.625447752166,1039,163,95,21,293,246,9,212
경상남도경찰청,경상남도,하동군,횡천면,35.1097615355486,127.813999364311,1039,163,95,21,293,246,9,212
경상남도경찰청,경상남도,함안군,가야읍,35.2722170382268,128.408174194563,1657,196,89,24,598,357,8,385
경상남도경찰청,경상남도,함안군,군북면,35.2615613825274,128.345061775498,1657,196,89,24,598,357,8,385
경상남도경찰청,경상남도,함안군,대산면,35.3502062855962,128.431575706831,1657,196,89,24,598,357,8,385
경상남도경찰청,경상남도,함안군,법수면,35.3154273689629,128.355422669328,1657,196,89,24,598,357,8,385
경상남도경찰청,경상남도,함안군,산인면,35.2792851044274,128.424298980621,1657,196,89,24,598,357,8,385
경상남도경찰청,경상남도,함안군,여항면,35.2102329527686,128.4345211388,1657,196,89,24,598,357,8,385
경상남도경찰청,경상남도,함안군,칠북면,35.3467294308861,128.521698772522,1657,196,89,24,598,357,8,385
경상남도경찰청,경상남도,함안군,칠서면,35.3335797053283,128.497956344549,1657,196,89,24,598,357,8,385
경상남도경찰청,경상남도,함안군,칠원읍,35.3088454638346,128.518539254609,1657,196,89,24,598,357,8,385
경상남도경찰청,경상남도,함안군,함안면,35.2420739825378,128.423709440899,1657,196,89,24,598,357,8,385
경상남도경찰청,경상남도,함양군,마천면,35.3969420945828,127.663048774779,890,110,63,14,212,272,7,212
경상남도경찰청,경상남도,함양군,백전면,35.5531844584341,127.635322624551,890,110,63,14,212,272,7,212
경상남도경찰청,경상남도,함양군,병곡면,35.5284715455675,127.68213141464,890,110,63,14,212,272,7,212
경상남도경찰청,경상남도,함양군,서상면,35.683367964325,127.685908634374,890,110,63,14,212,272,7,212
경상남도경찰청,경상남도,함양군,서하면,35.6476231873362,127.695456623855,890,110,63,14,212,272,7,212
경상남도경찰청,경상남도,함양군,수동면,35.5222567788411,127.787945188479,890,110,63,14,212,272,7,212
경상남도경찰청,경상남도,함양군,안의면,35.6286789396394,127.811264991283,890,110,63,14,212,272,7,212
경상남도경찰청,경상남도,함양군,유림면,35.4661829816234,127.792298142283,890,110,63,14,212,272,7,212
경상남도경찰청,경상남도,함양군,지곡면,35.5661835737981,127.774238315386,890,110,63,14,212,272,7,212
경상남도경찰청,경상남도,함양군,함양읍,35.5193322037533,127.726635765461,890,110,63,14,212,272,7,212
경상남도경찰청,경상남도,함양군,휴천면,35.4806813020575,127.750233904394,890,110,63,14,212,272,7,212
경상남도경찰청,경상남도,합천군,가야면,35.7626467994921,128.139470362942,926,152,99,9,228,166,27,245
경상남도경찰청,경상남도,합천군,가회면,35.4351740211849,128.033678542349,926,152,99,9,228,166,27,245
경상남도경찰청,경상남도,합천군,대병면,35.5211861931554,128.014244590873,926,152,99,9,228,166,27,245
경상남도경찰청,경상남도,합천군,대양면,35.5165847706873,128.174519744779,926,152,99,9,228,166,27,245
경상남도경찰청,경상남도,합천군,덕곡면,35.6152261245858,128.359041344312,926,152,99,9,228,166,27,245
경상남도경찰청,경상남도,합천군,묘산면,35.6584182847641,128.113331238062,926,152,99,9,228,166,27,245
경상남도경찰청,경상남도,합천군,봉산면,35.6260618892669,128.041839121844,926,152,99,9,228,166,27,245
경상남도경찰청,경상남도,합천군,삼가면,35.4144222028394,128.121845940055,926,152,99,9,228,166,27,245
경상남도경찰청,경상남도,합천군,쌍백면,35.4416022657997,128.145478239513,926,152,99,9,228,166,27,245
경상남도경찰청,경상남도,합천군,쌍책면,35.5759526256434,128.282266466272,926,152,99,9,228,166,27,245
경상남도경찰청,경상남도,합천군,야로면,35.7052026105736,128.167742683507,926,152,99,9,228,166,27,245
경상남도경찰청,경상남도,합천군,용주면,35.5406621839109,128.11335977268,926,152,99,9,228,166,27,245
경상남도경찰청,경상남도,합천군,율곡면,35.5723363316365,128.218022637923,926,152,99,9,228,166,27,245
경상남도경찰청,경상남도,합천군,적중면,35.5476284182549,128.278577655919,926,152,99,9,228,166,27,245
경상남도경찰청,경상남도,합천군,청덕면,35.5594158631037,128.321751445331,926,152,99,9,228,166,27,245
경상남도경찰청,경상남도,합천군,초계면,35.5599748245576,128.265291765705,926,152,99,9,228,166,27,245
경상남도경찰청,경상남도,합천군,합천읍,35.5660073649244,128.157901336671,926,152,99,9,228,166,27,245
강원특별자치도경찰청,강원특별자치도,강릉시,강동면,37.7280943167596,128.954226402687,6252,1217,649,141,1678,1104,99,1364
강원특별자치도경찰청,강원특별자치도,강릉시,강문동,37.7896488840958,128.921229994937,6252,1217,649,141,1678,1104,99,1364
강원특별자치도경찰청,강원특별자치도,강릉시,견소동,37.7739891773926,128.940549011181,6252,1217,649,141,1678,1104,99,1364
강원특별자치도경찰청,강원특별자치도,강릉시,교동,37.7655714454483,128.874476030759,6252,1217,649,141,1678,1104,99,1364
강원특별자치도경찰청,강원특별자치도,강릉시,구정면,37.718375504772,128.880053838573,6252,1217,649,141,1678,1104,99,1364
강원특별자치도경찰청,강원특별자치도,강릉시,금학동,37.7529956812447,128.895420654926,6252,1217,649,141,1678,1104,99,1364
강원특별자치도경찰청,강원특별자치도,강릉시,난곡동,37.7897951254716,128.876849750086,6252,1217,649,141,1678,1104,99,1364
강원특별자치도경찰청,강원특별자치도,강릉시,남문동,37.748845036359,128.887087234627,6252,1217,649,141,1678,1104,99,1364
강원특별자치도경찰청,강원특별자치도,강릉시,남항진동,37.758851776629,128.955571119742,6252,1217,649,141,1678,1104,99,1364
강원특별자치도경찰청,강원특별자치도,강릉시,내곡동,37.7389756814547,128.880983254828,6252,1217,649,141,1678,1104,99,1364
강원특별자치도경찰청,강원특별자치도,강릉시,노암동,37.7451967676214,128.900417496589,6252,1217,649,141,1678,1104,99,1364
강원특별자치도경찰청,강원특별자치도,강릉시,담산동,37.7216754277082,128.901440223757,6252,1217,649,141,1678,1104,99,1364
강원특별자치도경찰청,강원특별자치도,강릉시,대전동,37.794342982511,128.85475999806,6252,1217,649,141,1678,1104,99,1364
강원특별자치도경찰청,강원특별자치도,강릉시,두산동,37.7634707053678,128.928940348954,6252,1217,649,141,1678,1104,99,1364
강원특별자치도경찰청,강원특별자치도,강릉시,명주동,37.7504775342012,128.890673014016,6252,1217,649,141,1678,1104,99,1364
강원특별자치도경찰청,강원특별자치도,강릉시,박월동,37.7244048878725,128.911581188534,6252,1217,649,141,1678,1104,99,1364
강원특별자치도경찰청,강원특별자치도,강릉시,병산동,37.7665448790712,128.942941696835,6252,1217,649,141,1678,1104,99,1364
강원특별자치도경찰청,강원특별자치도,강릉시,사천면,37.8235278808511,128.848721826973,6252,1217,649,141,1678,1104,99,1364
강원특별자치도경찰청,강원특별자치도,강릉시,성남동,37.7518183631,128.898045483837,6252,1217,649,141,1678,1104,99,1364
강원특별자치도경찰청,강원특별자치도,강릉시,성내동,37.7525988287153,128.893209456113,6252,1217,649,141,1678,1104,99,1364
강원특별자치도경찰청,강원특별자치도,강릉시,성산면,37.7187235115606,128.832100896917,6252,1217,649,141,1678,1104,99,1364
강원특별자치도경찰청,강원특별자치도,강릉시,송정동,37.7744654113166,128.927564578009,6252,1217,649,141,1678,1104,99,1364
강원특별자치도경찰청,강원특별자치도,강릉시,신석동,37.7287989041013,128.921017341845,6252,1217,649,141,1678,1104,99,1364
강원특별자치도경찰청,강원특별자치도,강릉시,안현동,37.8111030655007,128.893649112561,6252,1217,649,141,1678,1104,99,1364
강원특별자치도경찰청,강원특별자치도,강릉시,연곡면,37.8601061139765,128.836941450584,6252,1217,649,141,1678,1104,99,1364
강원특별자치도경찰청,강원특별자치도,강릉시,옥계면,37.6126632423952,129.0379307125,6252,1217,649,141,1678,1104,99,1364
강원특별자치도경찰청,강원특별자치도,강릉시,옥천동,37.760167051768,128.902979165105,6252,1217,649,141,1678,1104,99,1364
강원특별자치도경찰청,강원특별자치도,강릉시,왕산면,37.6726837387188,128.837804434963,6252,1217,649,141,1678,1104,99,1364
강원특별자치도경찰청,강원특별자치도,강릉시,용강동,37.7522655718661,128.890400847221,6252,1217,649,141,1678,1104,99,1364
강원특별자치도경찰청,강원특별자치도,강릉시,운산동,37.7267667824312,128.933345462081,6252,1217,649,141,1678,1104,99,1364
강원특별자치도경찰청,강원특별자치도,강릉시,운정동,37.78789282942,128.895508306401,6252,1217,649,141,1678,1104,99,1364
강원특별자치도경찰청,강원특별자치도,강릉시,월호평동,37.7438132759154,128.940858725694,6252,1217,649,141,1678,1104,99,1364
강원특별자치도경찰청,강원특별자치도,강릉시,유산동,37.7379840348201,128.915696457623,6252,1217,649,141,1678,1104,99,1364
강원특별자치도경찰청,강원특별자치도,강릉시,유천동,37.7684244725722,128.856095899356,6252,1217,649,141,1678,1104,99,1364
강원특별자치도경찰청,강원특별자치도,강릉시,임당동,37.7562905501725,128.894438191898,6252,1217,649,141,1678,1104,99,1364
강원특별자치도경찰청,강원특별자치도,강릉시,입암동,37.7543859683262,128.915288916698,6252,1217,649,141,1678,1104,99,1364
강원특별자치도경찰청,강원특별자치도,강릉시,장현동,37.7290163124848,128.894455215658,6252,1217,649,141,1678,1104,99,1364
강원특별자치도경찰청,강원특별자치도,강릉시,저동,37.7990876861979,128.893987068151,6252,1217,649,141,1678,1104,99,1364
강원특별자치도경찰청,강원특별자치도,강릉시,주문진읍,37.8940002352018,128.823428734257,6252,1217,649,141,1678,1104,99,1364
강원특별자치도경찰청,강원특별자치도,강릉시,죽헌동,37.7807578788152,128.855242116767,6252,1217,649,141,1678,1104,99,1364
강원특별자치도경찰청,강원특별자치도,강릉시,지변동,37.7748174643804,128.869956499849,6252,1217,649,141,1678,1104,99,1364
강원특별자치도경찰청,강원특별자치도,강릉시,청량동,37.7444152853022,128.928554421061,6252,1217,649,141,1678,1104,99,1364
강원특별자치도경찰청,강원특별자치도,강릉시,초당동,37.7918714159197,128.915965886695,6252,1217,649,141,1678,1104,99,1364
강원특별자치도경찰청,강원특별자치도,강릉시,포남동,37.7679170706408,128.908152803713,6252,1217,649,141,1678,1104,99,1364
강원특별자치도경찰청,강원특별자치도,강릉시,학동,37.755136576734,128.93177368976,6252,1217,649,141,1678,1104,99,1364
강원특별자치도경찰청,강원특별자치도,강릉시,홍제동,37.7483090524878,128.883651940425,6252,1217,649,141,1678,1104,99,1364
강원특별자치도경찰청,강원특별자치도,강릉시,회산동,37.7364303981914,128.86314615821,6252,1217,649,141,1678,1104,99,1364
강원특별자치도경찰청,강원특별자치도,고성군,간성읍,38.378385446955,128.466860444803,806,139,83,16,193,180,10,185
강원특별자치도경찰청,강원특별자치도,고성군,거진읍,38.436139156222,128.452553768285,806,139,83,16,193,180,10,185
강원특별자치도경찰청,강원특별자치도,고성군,죽왕면,38.3287671808077,128.525183134918,806,139,83,16,193,180,10,185
강원특별자치도경찰청,강원특별자치도,고성군,토성면,38.25728969799,128.558906495609,806,139,83,16,193,180,10,185
강원특별자치도경찰청,강원특별자치도,고성군,현내면,38.4941516548967,128.427525508755,806,139,83,16,193,180,10,185
강원특별자치도경찰청,강원특별자치도,동해시,괴란동,37.5731136560382,129.061928518249,1966,427,188,41,482,320,26,482
강원특별자치도경찰청,강원특별자치도,동해시,구미동,37.4787421316979,129.130861910741,1966,427,188,41,482,320,26,482
강원특별자치도경찰청,강원특별자치도,동해시,구호동,37.4821567331904,129.145270052779,1966,427,188,41,482,320,26,482
강원특별자치도경찰청,강원특별자치도,동해시,귀운동,37.4701937850067,129.088967292237,1966,427,188,41,482,320,26,482
강원특별자치도경찰청,강원특별자치도,동해시,나안동,37.4853407380635,129.113572294709,1966,427,188,41,482,320,26,482
강원특별자치도경찰청,강원특별자치도,동해시,내동,37.4592923031541,129.132388987453,1966,427,188,41,482,320,26,482
강원특별자치도경찰청,강원특별자치도,동해시,단봉동,37.4700738802044,129.117957010535,1966,427,188,41,482,320,26,482
강원특별자치도경찰청,강원특별자치도,동해시,달방동,37.5004868997163,129.018146663272,1966,427,188,41,482,320,26,482
강원특별자치도경찰청,강원특별자치도,동해시,대구동,37.4685198127503,129.137814012897,1966,427,188,41,482,320,26,482
강원특별자치도경찰청,강원특별자치도,동해시,대진동,37.5745010399532,129.110431651175,1966,427,188,41,482,320,26,482
강원특별자치도경찰청,강원특별자치도,동해시,동회동,37.4925497041998,129.098295551261,1966,427,188,41,482,320,26,482
강원특별자치도경찰청,강원특별자치도,동해시,만우동,37.5478654565778,129.059205026216,1966,427,188,41,482,320,26,482
강원특별자치도경찰청,강원특별자치도,동해시,망상동,37.588370948189,129.087507972062,1966,427,188,41,482,320,26,482
강원특별자치도경찰청,강원특별자치도,동해시,묵호진동,37.5554190545791,129.114985060673,1966,427,188,41,482,320,26,482
강원특별자치도경찰청,강원특별자치도,동해시,발한동,37.5484323855214,129.107922043297,1966,427,188,41,482,320,26,482
강원특별자치도경찰청,강원특별자치도,동해시,부곡동,37.5367709460269,129.104946469002,1966,427,188,41,482,320,26,482
강원특별자치도경찰청,강원특별자치도,동해시,북평동,37.4838308233258,129.125223115385,1966,427,188,41,482,320,26,482
강원특별자치도경찰청,강원특별자치도,동해시,비천동,37.5254134200757,129.047561600728,1966,427,188,41,482,320,26,482
강원특별자치도경찰청,강원특별자치도,동해시,삼화동,37.4580618347825,129.006183895882,1966,427,188,41,482,320,26,482
강원특별자치도경찰청,강원특별자치도,동해시,송정동,37.4997094891422,129.128703507907,1966,427,188,41,482,320,26,482
강원특별자치도경찰청,강원특별자치도,동해시,쇄운동,37.4752584657447,129.074549691445,1966,427,188,41,482,320,26,482
강원특별자치도경찰청,강원특별자치도,동해시,신흥동,37.5203493506097,128.994378317641,1966,427,188,41,482,320,26,482
강원특별자치도경찰청,강원특별자치도,동해시,심곡동,37.5814026099467,129.076858773066,1966,427,188,41,482,320,26,482
강원특별자치도경찰청,강원특별자치도,동해시,어달동,37.5649575407522,129.112547848731,1966,427,188,41,482,320,26,482
강원특별자치도경찰청,강원특별자치도,동해시,용정동,37.5056498518941,129.118374095049,1966,427,188,41,482,320,26,482
강원특별자치도경찰청,강원특별자치도,동해시,이기동,37.4837743628716,129.021924808396,1966,427,188,41,482,320,26,482
강원특별자치도경찰청,강원특별자치도,동해시,이도동,37.4799251688078,129.104069070663,1966,427,188,41,482,320,26,482
강원특별자치도경찰청,강원특별자치도,동해시,이로동,37.4971098355298,129.060333585177,1966,427,188,41,482,320,26,482
강원특별자치도경찰청,강원특별자치도,동해시,지가동,37.4684324156609,129.105568685877,1966,427,188,41,482,320,26,482
강원특별자치도경찰청,강원특별자치도,동해시,지흥동,37.5062988188012,129.082501075384,1966,427,188,41,482,320,26,482
강원특별자치도경찰청,강원특별자치도,동해시,천곡동,37.5228778892403,129.11614682624,1966,427,188,41,482,320,26,482
강원특별자치도경찰청,강원특별자치도,동해시,초구동,37.5716918096876,129.093158306719,1966,427,188,41,482,320,26,482
강원특별자치도경찰청,강원특별자치도,동해시,추암동,37.4706409837437,129.149990688796,1966,427,188,41,482,320,26,482
강원특별자치도경찰청,강원특별자치도,동해시,평릉동,37.5326005387111,129.097327148784,1966,427,188,41,482,320,26,482
강원특별자치도경찰청,강원특별자치도,동해시,호현동,37.4638738470036,129.120087533028,1966,427,188,41,482,320,26,482
강원특별자치도경찰청,강원특별자치도,동해시,효가동,37.4968685132806,129.109713889194,1966,427,188,41,482,320,26,482
강원특별자치도경찰청,강원특별자치도,삼척시,가곡면,37.1497574969167,129.205212135624,1607,299,167,41,480,264,26,330
강원특별자치도경찰청,강원특별자치도,삼척시,갈천동,37.4656197389469,129.16193058184,1607,299,167,41,480,264,26,330
강원특별자치도경찰청,강원특별자치도,삼척시,건지동,37.4321230995717,129.148277996117,1607,299,167,41,480,264,26,330
강원특별자치도경찰청,강원특별자치도,삼척시,교동,37.4479357058205,129.164612184774,1607,299,167,41,480,264,26,330
강원특별자치도경찰청,강원특별자치도,삼척시,근덕면,37.3792784455866,129.225825562476,1607,299,167,41,480,264,26,330
강원특별자치도경찰청,강원특별자치도,삼척시,근산동,37.4194734073973,129.145002382728,1607,299,167,41,480,264,26,330
강원특별자치도경찰청,강원특별자치도,삼척시,남양동,37.4425644575715,129.168465969124,1607,299,167,41,480,264,26,330
강원특별자치도경찰청,강원특별자치도,삼척시,노곡면,37.3477672516174,129.164074412158,1607,299,167,41,480,264,26,330
강원특별자치도경찰청,강원특별자치도,삼척시,당저동,37.4469640797108,129.160408119471,1607,299,167,41,480,264,26,330
강원특별자치도경찰청,강원특별자치도,삼척시,도경동,37.4530432183586,129.091925189513,1607,299,167,41,480,264,26,330
강원특별자치도경찰청,강원특별자치도,삼척시,도계읍,37.2364370242543,129.045174522503,1607,299,167,41,480,264,26,330
강원특별자치도경찰청,강원특별자치도,삼척시,등봉동,37.4534066460693,129.120049558932,1607,299,167,41,480,264,26,330
강원특별자치도경찰청,강원특별자치도,삼척시,마달동,37.4508579375333,129.154960822426,1607,299,167,41,480,264,26,330
강원특별자치도경찰청,강원특별자치도,삼척시,마평동,37.4291642051926,129.133589649629,1607,299,167,41,480,264,26,330
강원특별자치도경찰청,강원특별자치도,삼척시,미로면,37.4175474159006,129.112496085652,1607,299,167,41,480,264,26,330
강원특별자치도경찰청,강원특별자치도,삼척시,사직동,37.4260208251209,129.171435961826,1607,299,167,41,480,264,26,330
강원특별자치도경찰청,강원특별자치도,삼척시,성남동,37.4334064231787,129.155964907255,1607,299,167,41,480,264,26,330
강원특별자치도경찰청,강원특별자치도,삼척시,성내동,37.4420248647449,129.161337101097,1607,299,167,41,480,264,26,330
강원특별자치도경찰청,강원특별자치도,삼척시,성북동,37.4439461014731,129.156570228881,1607,299,167,41,480,264,26,330
강원특별자치도경찰청,강원특별자치도,삼척시,신기면,37.3496090421296,129.083191782332,1607,299,167,41,480,264,26,330
강원특별자치도경찰청,강원특별자치도,삼척시,오분동,37.4259337847389,129.186122321046,1607,299,167,41,480,264,26,330
강원특별자치도경찰청,강원특별자치도,삼척시,오사동,37.4352686756459,129.141341126861,1607,299,167,41,480,264,26,330
강원특별자치도경찰청,강원특별자치도,삼척시,우지동,37.4562540730325,129.144959022661,1607,299,167,41,480,264,26,330
강원특별자치도경찰청,강원특별자치도,삼척시,원당동,37.4448374575031,129.148587407999,1607,299,167,41,480,264,26,330
강원특별자치도경찰청,강원특별자치도,삼척시,원덕읍,37.1764582197474,129.335722746326,1607,299,167,41,480,264,26,330
강원특별자치도경찰청,강원특별자치도,삼척시,읍상동,37.4393736860001,129.161681089713,1607,299,167,41,480,264,26,330
강원특별자치도경찰청,강원특별자치도,삼척시,읍중동,37.4413406724972,129.163084421706,1607,299,167,41,480,264,26,330
강원특별자치도경찰청,강원특별자치도,삼척시,자원동,37.4420972758494,129.140735884957,1607,299,167,41,480,264,26,330
강원특별자치도경찰청,강원특별자치도,삼척시,적노동,37.4147872711465,129.175647134492,1607,299,167,41,480,264,26,330
강원특별자치도경찰청,강원특별자치도,삼척시,정상동,37.4391833650436,129.178906818823,1607,299,167,41,480,264,26,330
강원특별자치도경찰청,강원특별자치도,삼척시,정하동,37.4424631738876,129.189586060026,1607,299,167,41,480,264,26,330
강원특별자치도경찰청,강원특별자치도,삼척시,조비동,37.4013604244092,129.155226722502,1607,299,167,41,480,264,26,330
강원특별자치도경찰청,강원특별자치도,삼척시,증산동,37.4717610978636,129.157134390511,1607,299,167,41,480,264,26,330
강원특별자치도경찰청,강원특별자치도,삼척시,평전동,37.4493548481233,129.131550825163,1607,299,167,41,480,264,26,330
강원특별자치도경찰청,강원특별자치도,삼척시,하장면,37.3494432358968,128.943070012541,1607,299,167,41,480,264,26,330
강원특별자치도경찰청,강원특별자치도,속초시,교동,38.201872986066,128.573112121903,3246,557,264,65,921,525,194,720
강원특별자치도경찰청,강원특별자치도,속초시,금호동,38.2084328043146,128.581820407059,3246,557,264,65,921,525,194,720
강원특별자치도경찰청,강원특별자치도,속초시,노학동,38.1898578919451,128.525468019074,3246,557,264,65,921,525,194,720
강원특별자치도경찰청,강원특별자치도,속초시,대포동,38.1733828517585,128.595203071803,3246,557,264,65,921,525,194,720
강원특별자치도경찰청,강원특별자치도,속초시,도문동,38.1676252448798,128.578642172396,3246,557,264,65,921,525,194,720
강원특별자치도경찰청,강원특별자치도,속초시,동명동,38.2126946964883,128.595718509916,3246,557,264,65,921,525,194,720
강원특별자치도경찰청,강원특별자치도,속초시,설악동,38.1664614434457,128.467814979983,3246,557,264,65,921,525,194,720
강원특별자치도경찰청,강원특별자치도,속초시,영랑동,38.2144249748223,128.594605409442,3246,557,264,65,921,525,194,720
강원특별자치도경찰청,강원특별자치도,속초시,장사동,38.2150019603108,128.561068221896,3246,557,264,65,921,525,194,720
강원특별자치도경찰청,강원특별자치도,속초시,조양동,38.1876460540123,128.590848362527,3246,557,264,65,921,525,194,720
강원특별자치도경찰청,강원특별자치도,속초시,중앙동,38.206369573263,128.589182669986,3246,557,264,65,921,525,194,720
강원특별자치도경찰청,강원특별자치도,속초시,청학동,38.202657473231,128.584439754545,3246,557,264,65,921,525,194,720
강원특별자치도경찰청,강원특별자치도,속초시,청호동,38.1979850275134,128.595538899002,3246,557,264,65,921,525,194,720
강원특별자치도경찰청,강원특별자치도,양구군,남면,38.1084781281202,128.034570007438,495,100,59,16,111,96,7,106
강원특별자치도경찰청,강원특별자치도,양구군,동면,38.2023166396045,128.04349997028,495,100,59,16,111,96,7,106
강원특별자치도경찰청,강원특별자치도,양구군,방산면,38.2090611880057,127.949389080443,495,100,59,16,111,96,7,106
강원특별자치도경찰청,강원특별자치도,양구군,양구읍,38.1080405251364,127.990430398263,495,100,59,16,111,96,7,106
강원특별자치도경찰청,강원특별자치도,양구군,해안면,38.285168489013,128.137124728997,495,100,59,16,111,96,7,106
강원특별자치도경찰청,강원특별자치도,양양군,강현면,38.1499826978445,128.607652116524,884,186,76,30,132,250,5,205
강원특별자치도경찰청,강원특별자치도,양양군,서면,38.0715261451946,128.585234510802,884,186,76,30,132,250,5,205
강원특별자치도경찰청,강원특별자치도,양양군,손양면,38.0605654654127,128.641095471494,884,186,76,30,132,250,5,205
강원특별자치도경찰청,강원특별자치도,양양군,양양읍,38.0806715229104,128.624012188104,884,186,76,30,132,250,5,205
강원특별자치도경찰청,강원특별자치도,양양군,현남면,37.9692314024162,128.759480350042,884,186,76,30,132,250,5,205
강원특별자치도경찰청,강원특별자치도,양양군,현북면,38.0190056461471,128.723115872388,884,186,76,30,132,250,5,205
강원특별자치도경찰청,강원특별자치도,영월군,김삿갓면,37.1257342999483,128.569776474929,985,162,68,25,259,209,19,243
강원특별자치도경찰청,강원특별자치도,영월군,남면,37.1865451028244,128.404493044827,985,162,68,25,259,209,19,243
강원특별자치도경찰청,강원특별자치도,영월군,무릉도원면,37.2883503881401,128.268649175287,985,162,68,25,259,209,19,243
강원특별자치도경찰청,강원특별자치도,영월군,북면,37.2544645252441,128.455193189019,985,162,68,25,259,209,19,243
강원특별자치도경찰청,강원특별자치도,영월군,상동읍,37.1269849168578,128.826799439002,985,162,68,25,259,209,19,243
강원특별자치도경찰청,강원특별자치도,영월군,영월읍,37.1874352109426,128.466067893114,985,162,68,25,259,209,19,243
강원특별자치도경찰청,강원특별자치도,영월군,주천면,37.2721876092467,128.268910017243,985,162,68,25,259,209,19,243
강원특별자치도경찰청,강원특별자치도,영월군,중동면,37.1452872087528,128.680530612342,985,162,68,25,259,209,19,243
강원특별자치도경찰청,강원특별자치도,영월군,한반도면,37.2367970270268,128.328378893623,985,162,68,25,259,209,19,243
강원특별자치도경찰청,강원특별자치도,원주시,가현동,37.3829651508948,127.92360027208,11427,1502,1125,270,3381,2075,159,2915
강원특별자치도경찰청,강원특별자치도,원주시,개운동,37.3412463628518,127.960148062439,11427,1502,1125,270,3381,2075,159,2915
강원특별자치도경찰청,강원특별자치도,원주시,관설동,37.3049003209182,127.998012574194,11427,1502,1125,270,3381,2075,159,2915
강원특별자치도경찰청,강원특별자치도,원주시,귀래면,37.169766376771,127.884667844212,11427,1502,1125,270,3381,2075,159,2915
강원특별자치도경찰청,강원특별자치도,원주시,단계동,37.3526208294387,127.934460599066,11427,1502,1125,270,3381,2075,159,2915
강원특별자치도경찰청,강원특별자치도,원주시,단구동,37.326097936023,127.960253120692,11427,1502,1125,270,3381,2075,159,2915
강원특별자치도경찰청,강원특별자치도,원주시,명륜동,37.3412372351318,127.953255255916,11427,1502,1125,270,3381,2075,159,2915
강원특별자치도경찰청,강원특별자치도,원주시,무실동,37.3381922463303,127.929199369693,11427,1502,1125,270,3381,2075,159,2915
강원특별자치도경찰청,강원특별자치도,원주시,문막읍,37.3126265706475,127.817203298785,11427,1502,1125,270,3381,2075,159,2915
강원특별자치도경찰청,강원특별자치도,원주시,반곡동,37.3239460007249,127.989599783916,11427,1502,1125,270,3381,2075,159,2915
강원특별자치도경찰청,강원특별자치도,원주시,봉산동,37.3475502651583,127.956969044707,11427,1502,1125,270,3381,2075,159,2915
강원특별자치도경찰청,강원특별자치도,원주시,부론면,37.2076020452335,127.750494148523,11427,1502,1125,270,3381,2075,159,2915
강원특별자치도경찰청,강원특별자치도,원주시,소초면,37.4179628767009,128.002389352861,11427,1502,1125,270,3381,2075,159,2915
강원특별자치도경찰청,강원특별자치도,원주시,신림면,37.2306925112004,128.079484645368,11427,1502,1125,270,3381,2075,159,2915
강원특별자치도경찰청,강원특별자치도,원주시,우산동,37.3714829095561,127.940063693835,11427,1502,1125,270,3381,2075,159,2915
강원특별자치도경찰청,강원특별자치도,원주시,원동,37.3437744145791,127.946976713655,11427,1502,1125,270,3381,2075,159,2915
강원특별자치도경찰청,강원특별자치도,원주시,인동,37.3459546646157,127.954619486425,11427,1502,1125,270,3381,2075,159,2915
강원특별자치도경찰청,강원특별자치도,원주시,일산동,37.3496550364153,127.942147953591,11427,1502,1125,270,3381,2075,159,2915
강원특별자치도경찰청,강원특별자치도,원주시,중앙동,37.349427638169,127.950749503169,11427,1502,1125,270,3381,2075,159,2915
강원특별자치도경찰청,강원특별자치도,원주시,지정면,37.3621506214659,127.840189486855,11427,1502,1125,270,3381,2075,159,2915
강원특별자치도경찰청,강원특별자치도,원주시,태장동,37.3552337842647,127.955206525576,11427,1502,1125,270,3381,2075,159,2915
강원특별자치도경찰청,강원특별자치도,원주시,판부면,37.2682792088621,128.01295599715,11427,1502,1125,270,3381,2075,159,2915
강원특별자치도경찰청,강원특별자치도,원주시,평원동,37.3506945817439,127.952747322676,11427,1502,1125,270,3381,2075,159,2915
강원특별자치도경찰청,강원특별자치도,원주시,학성동,37.353520304136,127.944182694542,11427,1502,1125,270,3381,2075,159,2915
강원특별자치도경찰청,강원특별자치도,원주시,행구동,37.3425902881861,127.983876967283,11427,1502,1125,270,3381,2075,159,2915
강원특별자치도경찰청,강원특별자치도,원주시,호저면,37.4110343612583,127.925706853576,11427,1502,1125,270,3381,2075,159,2915
강원특별자치도경찰청,강원특별자치도,원주시,흥업면,37.3025500299789,127.921181194086,11427,1502,1125,270,3381,2075,159,2915
강원특별자치도경찰청,강원특별자치도,인제군,기린면,37.9556038449984,128.319189529764,817,92,47,18,296,167,12,185
강원특별자치도경찰청,강원특별자치도,인제군,남면,37.9658826579341,128.083327738808,817,92,47,18,296,167,12,185
강원특별자치도경찰청,강원특별자치도,인제군,북면,38.1246704618063,128.204172526138,817,92,47,18,296,167,12,185
강원특별자치도경찰청,강원특별자치도,인제군,상남면,37.8740813784959,128.259953575109,817,92,47,18,296,167,12,185
강원특별자치도경찰청,강원특별자치도,인제군,서화면,38.2183546450299,128.208496724551,817,92,47,18,296,167,12,185
강원특별자치도경찰청,강원특별자치도,인제군,인제읍,38.0703902211483,128.172217558963,817,92,47,18,296,167,12,185
강원특별자치도경찰청,강원특별자치도,정선군,고한읍,37.2042701836773,128.851646873505,1271,190,208,28,289,229,29,298
강원특별자치도경찰청,강원특별자치도,정선군,남면,37.2687852101236,128.740624296233,1271,190,208,28,289,229,29,298
강원특별자치도경찰청,강원특별자치도,정선군,북평면,37.4488963129383,128.670490679244,1271,190,208,28,289,229,29,298
강원특별자치도경찰청,강원특별자치도,정선군,사북읍,37.2277245267355,128.821814063946,1271,190,208,28,289,229,29,298
강원특별자치도경찰청,강원특별자치도,정선군,신동읍,37.2182019484646,128.671426990821,1271,190,208,28,289,229,29,298
강원특별자치도경찰청,강원특별자치도,정선군,여량면,37.4705930257601,128.720513330877,1271,190,208,28,289,229,29,298
강원특별자치도경찰청,강원특별자치도,정선군,임계면,37.494815207752,128.852109625414,1271,190,208,28,289,229,29,298
강원특별자치도경찰청,강원특별자치도,정선군,정선읍,37.3797685014929,128.661694256573,1271,190,208,28,289,229,29,298
강원특별자치도경찰청,강원특별자치도,정선군,화암면,37.3401268285408,128.787787615915,1271,190,208,28,289,229,29,298
강원특별자치도경찰청,강원특별자치도,철원군,갈말읍,38.1477243520664,127.30830034891,1172,153,83,31,457,160,12,276
강원특별자치도경찰청,강원특별자치도,철원군,근남면,38.2370898929595,127.471054178082,1172,153,83,31,457,160,12,276
강원특별자치도경찰청,강원특별자치도,철원군,근북면,38.3158652994466,127.40994542534,1172,153,83,31,457,160,12,276
강원특별자치도경찰청,강원특별자치도,철원군,김화읍,38.249805365387,127.421185539773,1172,153,83,31,457,160,12,276
강원특별자치도경찰청,강원특별자치도,철원군,동송읍,38.2072489889199,127.208168668052,1172,153,83,31,457,160,12,276
강원특별자치도경찰청,강원특별자치도,철원군,서면,38.1646509515924,127.415710898265,1172,153,83,31,457,160,12,276
강원특별자치도경찰청,강원특별자치도,철원군,철원읍,38.2159947520531,127.214250148342,1172,153,83,31,457,160,12,276
강원특별자치도경찰청,강원특별자치도,춘천시,교동,37.8806373612394,127.736193549249,8662,1164,817,208,2482,1612,127,2252
강원특별자치도경찰청,강원특별자치도,춘천시,근화동,37.8807201688706,127.712187902965,8662,1164,817,208,2482,1612,127,2252
강원특별자치도경찰청,강원특별자치도,춘천시,낙원동,37.8797221827281,127.724549646099,8662,1164,817,208,2482,1612,127,2252
강원특별자치도경찰청,강원특별자치도,춘천시,남면,37.7321563694313,127.599895449274,8662,1164,817,208,2482,1612,127,2252
강원특별자치도경찰청,강원특별자치도,춘천시,남산면,37.79186457822,127.646194579037,8662,1164,817,208,2482,1612,127,2252
강원특별자치도경찰청,강원특별자치도,춘천시,동내면,37.8478361956972,127.761140115416,8662,1164,817,208,2482,1612,127,2252
강원특별자치도경찰청,강원특별자치도,춘천시,동면,37.910341608957,127.781091988381,8662,1164,817,208,2482,1612,127,2252
강원특별자치도경찰청,강원특별자치도,춘천시,동산면,37.7523096450281,127.796298351078,8662,1164,817,208,2482,1612,127,2252
강원특별자치도경찰청,강원특별자치도,춘천시,봉의동,37.8863587129365,127.730625841048,8662,1164,817,208,2482,1612,127,2252
강원특별자치도경찰청,강원특별자치도,춘천시,북산면,37.9873330402956,127.885966945811,8662,1164,817,208,2482,1612,127,2252
강원특별자치도경찰청,강원특별자치도,춘천시,사농동,37.9140790499362,127.720587963599,8662,1164,817,208,2482,1612,127,2252
강원특별자치도경찰청,강원특별자치도,춘천시,사북면,38.0298510072252,127.640812477483,8662,1164,817,208,2482,1612,127,2252
강원특별자치도경찰청,강원특별자치도,춘천시,삼천동,37.8686632015236,127.701197934511,8662,1164,817,208,2482,1612,127,2252
강원특별자치도경찰청,강원특별자치도,춘천시,서면,37.8986923448081,127.692791905635,8662,1164,817,208,2482,1612,127,2252
강원특별자치도경찰청,강원특별자치도,춘천시,석사동,37.8552732879353,127.746663141751,8662,1164,817,208,2482,1612,127,2252
강원특별자치도경찰청,강원특별자치도,춘천시,소양로1가,37.89217317767,127.730355891737,8662,1164,817,208,2482,1612,127,2252
강원특별자치도경찰청,강원특별자치도,춘천시,소양로2가,37.8876898498374,127.725159729904,8662,1164,817,208,2482,1612,127,2252
강원특별자치도경찰청,강원특별자치도,춘천시,소양로3가,37.8814458627972,127.722611441489,8662,1164,817,208,2482,1612,127,2252
강원특별자치도경찰청,강원특별자치도,춘천시,소양로4가,37.8768243152504,127.719338315828,8662,1164,817,208,2482,1612,127,2252
강원특별자치도경찰청,강원특별자치도,춘천시,송암동,37.8553126520875,127.696730857309,8662,1164,817,208,2482,1612,127,2252
강원특별자치도경찰청,강원특별자치도,춘천시,신동,37.9375079883167,127.724479543249,8662,1164,817,208,2482,1612,127,2252
강원특별자치도경찰청,강원특별자치도,춘천시,신동면,37.8176963056335,127.716024811844,8662,1164,817,208,2482,1612,127,2252
강원특별자치도경찰청,강원특별자치도,춘천시,신북읍,37.9259016421481,127.746212145455,8662,1164,817,208,2482,1612,127,2252
강원특별자치도경찰청,강원특별자치도,춘천시,약사동,37.8729676536674,127.722978691863,8662,1164,817,208,2482,1612,127,2252
강원특별자치도경찰청,강원특별자치도,춘천시,옥천동,37.8868031730374,127.734486133024,8662,1164,817,208,2482,1612,127,2252
강원특별자치도경찰청,강원특별자치도,춘천시,온의동,37.8668654361775,127.715491177909,8662,1164,817,208,2482,1612,127,2252
강원특별자치도경찰청,강원특별자치도,춘천시,요선동,37.882577014737,127.727360253744,8662,1164,817,208,2482,1612,127,2252
강원특별자치도경찰청,강원특별자치도,춘천시,우두동,37.9033791315161,127.739267151428,8662,1164,817,208,2482,1612,127,2252
강원특별자치도경찰청,강원특별자치도,춘천시,운교동,37.8772502815937,127.732081657125,8662,1164,817,208,2482,1612,127,2252
강원특별자치도경찰청,강원특별자치도,춘천시,조양동,37.8795640476342,127.72973123028,8662,1164,817,208,2482,1612,127,2252
강원특별자치도경찰청,강원특별자치도,춘천시,죽림동,37.877593728495,127.726670191018,8662,1164,817,208,2482,1612,127,2252
강원특별자치도경찰청,강원특별자치도,춘천시,중도동,37.901998883597,127.715953999784,8662,1164,817,208,2482,1612,127,2252
강원특별자치도경찰청,강원특별자치도,춘천시,중앙로1가,37.8838417656467,127.729714332362,8662,1164,817,208,2482,1612,127,2252
강원특별자치도경찰청,강원특별자치도,춘천시,중앙로2가,37.8801633721091,127.727222849178,8662,1164,817,208,2482,1612,127,2252
강원특별자치도경찰청,강원특별자치도,춘천시,중앙로3가,37.8752650179864,127.720923465633,8662,1164,817,208,2482,1612,127,2252
강원특별자치도경찰청,강원특별자치도,춘천시,칠전동,37.8442904881827,127.699485601048,8662,1164,817,208,2482,1612,127,2252
강원특별자치도경찰청,강원특별자치도,춘천시,퇴계동,37.8644898780171,127.726200566679,8662,1164,817,208,2482,1612,127,2252
강원특별자치도경찰청,강원특별자치도,춘천시,효자동,37.8721797313811,127.727448954062,8662,1164,817,208,2482,1612,127,2252
강원특별자치도경찰청,강원특별자치도,춘천시,후평동,37.8859843079633,127.745509020396,8662,1164,817,208,2482,1612,127,2252
강원특별자치도경찰청,강원특별자치도,태백시,금천동,37.0865842917748,128.963348724385,1062,159,120,17,282,264,14,206
강원특별자치도경찰청,강원특별자치도,태백시,동점동,37.0868063602339,129.049867427065,1062,159,120,17,282,264,14,206
강원특별자치도경찰청,강원특별자치도,태백시,문곡동,37.1278726308512,129.001635161319,1062,159,120,17,282,264,14,206
강원특별자치도경찰청,강원특별자치도,태백시,백산동,37.1467424740265,129.048373912182,1062,159,120,17,282,264,14,206
강원특별자치도경찰청,강원특별자치도,태백시,상사미동,37.2737050604969,128.994502077443,1062,159,120,17,282,264,14,206
강원특별자치도경찰청,강원특별자치도,태백시,소도동,37.12258117504,128.950273412652,1062,159,120,17,282,264,14,206
강원특별자치도경찰청,강원특별자치도,태백시,원동,37.2653415128712,128.951028559852,1062,159,120,17,282,264,14,206
강원특별자치도경찰청,강원특별자치도,태백시,장성동,37.1004961250347,129.008211711815,1062,159,120,17,282,264,14,206
강원특별자치도경찰청,강원특별자치도,태백시,적각동,37.2232172555692,128.997371129925,1062,159,120,17,282,264,14,206
강원특별자치도경찰청,강원특별자치도,태백시,조탄동,37.3272087341498,128.973136983003,1062,159,120,17,282,264,14,206
강원특별자치도경찰청,강원특별자치도,태백시,창죽동,37.2334427302758,128.956898717214,1062,159,120,17,282,264,14,206
강원특별자치도경찰청,강원특별자치도,태백시,철암동,37.1172794336388,129.03979919636,1062,159,120,17,282,264,14,206
강원특별자치도경찰청,강원특별자치도,태백시,통동,37.164215962429,129.019222142119,1062,159,120,17,282,264,14,206
강원특별자치도경찰청,강원특별자치도,태백시,하사미동,37.3106260597303,128.985358109029,1062,159,120,17,282,264,14,206
강원특별자치도경찰청,강원특별자치도,태백시,혈동,37.1175655529061,128.909509420756,1062,159,120,17,282,264,14,206
강원특별자치도경찰청,강원특별자치도,태백시,화전동,37.2015791235344,128.942033403065,1062,159,120,17,282,264,14,206
강원특별자치도경찰청,강원특별자치도,태백시,황지동,37.1708021030501,128.991626609858,1062,159,120,17,282,264,14,206
강원특별자치도경찰청,강원특별자치도,평창군,대관령면,37.6736318231785,128.706141784901,1184,176,82,24,287,330,15,270
강원특별자치도경찰청,강원특별자치도,평창군,대화면,37.5009465792775,128.458050807458,1184,176,82,24,287,330,15,270
강원특별자치도경찰청,강원특별자치도,평창군,미탄면,37.3420792035645,128.495781431646,1184,176,82,24,287,330,15,270
강원특별자치도경찰청,강원특별자치도,평창군,방림면,37.4264490397721,128.394222710894,1184,176,82,24,287,330,15,270
강원특별자치도경찰청,강원특별자치도,평창군,봉평면,37.616192979316,128.379492494281,1184,176,82,24,287,330,15,270
강원특별자치도경찰청,강원특별자치도,평창군,용평면,37.6066960645324,128.440214137176,1184,176,82,24,287,330,15,270
강원특별자치도경찰청,강원특별자치도,평창군,진부면,37.6373898432808,128.553137969179,1184,176,82,24,287,330,15,270
강원특별자치도경찰청,강원특별자치도,평창군,평창읍,37.3689004866893,128.397225191078,1184,176,82,24,287,330,15,270
강원특별자치도경찰청,강원특별자치도,홍천군,남면,37.6181382799494,127.767636102516,1911,290,177,47,500,384,16,497
강원특별자치도경찰청,강원특별자치도,홍천군,내면,37.7738110961815,128.38973464667,1911,290,177,47,500,384,16,497
강원특별자치도경찰청,강원특별자치도,홍천군,내촌면,37.8163511562054,128.08674873701,1911,290,177,47,500,384,16,497
강원특별자치도경찰청,강원특별자치도,홍천군,동면,37.6780725461922,127.935063630646,1911,290,177,47,500,384,16,497
강원특별자치도경찰청,강원특별자치도,홍천군,두촌면,37.8686986720293,128.018956858672,1911,290,177,47,500,384,16,497
강원특별자치도경찰청,강원특별자치도,홍천군,북방면,37.7055704635412,127.853191128141,1911,290,177,47,500,384,16,497
강원특별자치도경찰청,강원특별자치도,홍천군,서면,37.6886020972664,127.664112988338,1911,290,177,47,500,384,16,497
강원특별자치도경찰청,강원특별자치도,홍천군,서석면,37.7135989561087,128.186179030634,1911,290,177,47,500,384,16,497
강원특별자치도경찰청,강원특별자치도,홍천군,홍천읍,37.6894340480201,127.884306327398,1911,290,177,47,500,384,16,497
강원특별자치도경찰청,강원특별자치도,홍천군,화촌면,37.7710054077675,127.966895174076,1911,290,177,47,500,384,16,497
강원특별자치도경찰청,강원특별자치도,화천군,간동면,38.0552638648249,127.790017389636,611,101,42,22,175,82,22,167
강원특별자치도경찰청,강원특별자치도,화천군,사내면,38.0701588123932,127.523433810035,611,101,42,22,175,82,22,167
강원특별자치도경찰청,강원특별자치도,화천군,상서면,38.1578310622546,127.654248763255,611,101,42,22,175,82,22,167
강원특별자치도경찰청,강원특별자치도,화천군,하남면,38.0576735877991,127.668191116312,611,101,42,22,175,82,22,167
강원특별자치도경찰청,강원특별자치도,화천군,화천읍,38.1042562811836,127.707178844679,611,101,42,22,175,82,22,167
강원특별자치도경찰청,강원특별자치도,횡성군,갑천면,37.5609554668993,128.11019928627,1109,139,102,21,279,277,10,281
강원특별자치도경찰청,강원특별자치도,횡성군,강림면,37.3602310480309,128.125412513164,1109,139,102,21,279,277,10,281
강원특별자치도경찰청,강원특별자치도,횡성군,공근면,37.5364543513989,127.961772076306,1109,139,102,21,279,277,10,281
강원특별자치도경찰청,강원특별자치도,횡성군,둔내면,37.5122165122342,128.218832889124,1109,139,102,21,279,277,10,281
강원특별자치도경찰청,강원특별자치도,횡성군,서원면,37.4870801187574,127.850550659118,1109,139,102,21,279,277,10,281
강원특별자치도경찰청,강원특별자치도,횡성군,안흥면,37.4125128396149,128.156049802743,1109,139,102,21,279,277,10,281
강원특별자치도경찰청,강원특별자치도,횡성군,우천면,37.4594058323666,128.06243796948,1109,139,102,21,279,277,10,281
강원특별자치도경찰청,강원특별자치도,횡성군,청일면,37.5837464013969,128.150414957403,1109,139,102,21,279,277,10,281
강원특별자치도경찰청,강원특별자치도,횡성군,횡성읍,37.4923616641076,127.992604693778,1109,139,102,21,279,277,10,281
울산광역시경찰청,울산광역시,남구,고사동,35.5014129696848,129.355875696953,11114,1662,955,311,3216,1657,121,3192
울산광역시경찰청,울산광역시,남구,남화동,35.476000533485,129.37804576388,11114,1662,955,311,3216,1657,121,3192
울산광역시경찰청,울산광역시,남구,달동,35.5363579790753,129.316532962709,11114,1662,955,311,3216,1657,121,3192
울산광역시경찰청,울산광역시,남구,두왕동,35.5090097116982,129.299542873703,11114,1662,955,311,3216,1657,121,3192
울산광역시경찰청,울산광역시,남구,매암동,35.5116714097611,129.377136099708,11114,1662,955,311,3216,1657,121,3192
울산광역시경찰청,울산광역시,남구,무거동,35.5509734013774,129.26072152021,11114,1662,955,311,3216,1657,121,3192
울산광역시경찰청,울산광역시,남구,부곡동,35.499615556977,129.333389100499,11114,1662,955,311,3216,1657,121,3192
울산광역시경찰청,울산광역시,남구,삼산동,35.5444169723408,129.331864527424,11114,1662,955,311,3216,1657,121,3192
울산광역시경찰청,울산광역시,남구,상개동,35.5053979302352,129.31763099347,11114,1662,955,311,3216,1657,121,3192
울산광역시경찰청,울산광역시,남구,선암동,35.5149461218282,129.338324957228,11114,1662,955,311,3216,1657,121,3192
울산광역시경찰청,울산광역시,남구,성암동,35.4813935555202,129.347447553279,11114,1662,955,311,3216,1657,121,3192
울산광역시경찰청,울산광역시,남구,신정동,35.5286908183997,129.306242049525,11114,1662,955,311,3216,1657,121,3192
울산광역시경찰청,울산광역시,남구,야음동,35.5254718802474,129.334534550021,11114,1662,955,311,3216,1657,121,3192
울산광역시경찰청,울산광역시,남구,여천동,35.5229601610736,129.351942513971,11114,1662,955,311,3216,1657,121,3192
울산광역시경찰청,울산광역시,남구,옥동,35.5352922152784,129.293859640172,11114,1662,955,311,3216,1657,121,3192
울산광역시경찰청,울산광역시,남구,용연동,35.4803224000691,129.362067726535,11114,1662,955,311,3216,1657,121,3192
울산광역시경찰청,울산광역시,남구,용잠동,35.488100536497,129.376185758889,11114,1662,955,311,3216,1657,121,3192
울산광역시경찰청,울산광역시,남구,장생포동,35.5048737757681,129.372382463874,11114,1662,955,311,3216,1657,121,3192
울산광역시경찰청,울산광역시,남구,황성동,35.467361943748,129.358547220397,11114,1662,955,311,3216,1657,121,3192
울산광역시경찰청,울산광역시,동구,동부동,35.5523067216852,129.427859086003,4008,734,498,86,1023,717,33,917
울산광역시경찰청,울산광역시,동구,미포동,35.5345419528794,129.442482583821,4008,734,498,86,1023,717,33,917
울산광역시경찰청,울산광역시,동구,방어동,35.4862304417203,129.423974129488,4008,734,498,86,1023,717,33,917
울산광역시경찰청,울산광역시,동구,서부동,35.5315793607065,129.417811759965,4008,734,498,86,1023,717,33,917
울산광역시경찰청,울산광역시,동구,일산동,35.4990783464634,129.431363575859,4008,734,498,86,1023,717,33,917
울산광역시경찰청,울산광역시,동구,전하동,35.5168132616073,129.428561434484,4008,734,498,86,1023,717,33,917
울산광역시경찰청,울산광역시,동구,주전동,35.5593852716594,129.448520489175,4008,734,498,86,1023,717,33,917
울산광역시경찰청,울산광역시,동구,화정동,35.4958845021463,129.422615967737,4008,734,498,86,1023,717,33,917
울산광역시경찰청,울산광역시,북구,가대동,35.6080704836118,129.308320503364,4978,712,712,81,1111,1265,63,1034
울산광역시경찰청,울산광역시,북구,구유동,35.6055009813905,129.451125884272,4978,712,712,81,1111,1265,63,1034
울산광역시경찰청,울산광역시,북구,달천동,35.6304973704617,129.310687134664,4978,712,712,81,1111,1265,63,1034
울산광역시경찰청,울산광역시,북구,당사동,35.5916877172123,129.449469013516,4978,712,712,81,1111,1265,63,1034
울산광역시경찰청,울산광역시,북구,대안동,35.6507171117367,129.399651334959,4978,712,712,81,1111,1265,63,1034
울산광역시경찰청,울산광역시,북구,매곡동,35.6440061479904,129.367253622611,4978,712,712,81,1111,1265,63,1034
울산광역시경찰청,울산광역시,북구,명촌동,35.549649405633,129.362997911117,4978,712,712,81,1111,1265,63,1034
울산광역시경찰청,울산광역시,북구,무룡동,35.6162964109926,129.403689244799,4978,712,712,81,1111,1265,63,1034
울산광역시경찰청,울산광역시,북구,산하동,35.6317109259186,129.429027518249,4978,712,712,81,1111,1265,63,1034
울산광역시경찰청,울산광역시,북구,상안동,35.6231265114715,129.340558291626,4978,712,712,81,1111,1265,63,1034
울산광역시경찰청,울산광역시,북구,송정동,35.6038126773632,129.364493053262,4978,712,712,81,1111,1265,63,1034
울산광역시경찰청,울산광역시,북구,시례동,35.6051144529341,129.339172747951,4978,712,712,81,1111,1265,63,1034
울산광역시경찰청,울산광역시,북구,신명동,35.6502146425528,129.439885222634,4978,712,712,81,1111,1265,63,1034
울산광역시경찰청,울산광역시,북구,신천동,35.6367970638729,129.347968075651,4978,712,712,81,1111,1265,63,1034
울산광역시경찰청,울산광역시,북구,신현동,35.596799288571,129.414976126844,4978,712,712,81,1111,1265,63,1034
울산광역시경찰청,울산광역시,북구,양정동,35.5486505018826,129.385345633831,4978,712,712,81,1111,1265,63,1034
울산광역시경찰청,울산광역시,북구,어물동,35.5741676057124,129.413061059022,4978,712,712,81,1111,1265,63,1034
울산광역시경찰청,울산광역시,북구,연암동,35.5825116905797,129.386804365711,4978,712,712,81,1111,1265,63,1034
울산광역시경찰청,울산광역시,북구,염포동,35.5306796772569,129.394451689648,4978,712,712,81,1111,1265,63,1034
울산광역시경찰청,울산광역시,북구,정자동,35.6166927379079,129.443094530052,4978,712,712,81,1111,1265,63,1034
울산광역시경찰청,울산광역시,북구,중산동,35.6637974175003,129.350843351972,4978,712,712,81,1111,1265,63,1034
울산광역시경찰청,울산광역시,북구,진장동,35.5683920656881,129.356146346969,4978,712,712,81,1111,1265,63,1034
울산광역시경찰청,울산광역시,북구,창평동,35.6146960466546,129.362535981228,4978,712,712,81,1111,1265,63,1034
울산광역시경찰청,울산광역시,북구,천곡동,35.6469004913624,129.32694539328,4978,712,712,81,1111,1265,63,1034
울산광역시경찰청,울산광역시,북구,호계동,35.6287857351074,129.362301739728,4978,712,712,81,1111,1265,63,1034
울산광역시경찰청,울산광역시,북구,화봉동,35.5978979647631,129.384251801541,4978,712,712,81,1111,1265,63,1034
울산광역시경찰청,울산광역시,북구,효문동,35.5658993847409,129.375896795042,4978,712,712,81,1111,1265,63,1034
울산광역시경찰청,울산광역시,울주군,두동면,35.6542688430378,129.201164555037,6029,761,507,123,2039,1209,40,1350
울산광역시경찰청,울산광역시,울주군,두서면,35.6479465736507,129.161800864978,6029,761,507,123,2039,1209,40,1350
울산광역시경찰청,울산광역시,울주군,범서읍,35.5686301683014,129.23058513398,6029,761,507,123,2039,1209,40,1350
울산광역시경찰청,울산광역시,울주군,삼남면,35.5409868486272,129.108532992087,6029,761,507,123,2039,1209,40,1350
울산광역시경찰청,울산광역시,울주군,삼동면,35.5237326829422,129.157621044623,6029,761,507,123,2039,1209,40,1350
울산광역시경찰청,울산광역시,울주군,상북면,35.5905343282687,129.091289767869,6029,761,507,123,2039,1209,40,1350
울산광역시경찰청,울산광역시,울주군,서생면,35.3499614459395,129.325929218323,6029,761,507,123,2039,1209,40,1350
울산광역시경찰청,울산광역시,울주군,언양읍,35.5693479541566,129.125876719366,6029,761,507,123,2039,1209,40,1350
울산광역시경찰청,울산광역시,울주군,온산읍,35.4346213856846,129.314587084025,6029,761,507,123,2039,1209,40,1350
울산광역시경찰청,울산광역시,울주군,온양읍,35.4194264388709,129.280459268566,6029,761,507,123,2039,1209,40,1350
울산광역시경찰청,울산광역시,울주군,웅촌면,35.4612881859323,129.208324659127,6029,761,507,123,2039,1209,40,1350
울산광역시경찰청,울산광역시,울주군,청량읍,35.4932938697927,129.269350570182,6029,761,507,123,2039,1209,40,1350
울산광역시경찰청,울산광역시,중구,교동,35.5625242982141,129.316183396571,4781,696,530,136,1352,763,66,1238
울산광역시경찰청,울산광역시,중구,남외동,35.5647382468598,129.347054025732,4781,696,530,136,1352,763,66,1238
울산광역시경찰청,울산광역시,중구,다운동,35.5562850978167,129.275712620529,4781,696,530,136,1352,763,66,1238
울산광역시경찰청,울산광역시,중구,동동,35.5738725909684,129.348652873801,4781,696,530,136,1352,763,66,1238
울산광역시경찰청,울산광역시,중구,반구동,35.556405990254,129.341646169819,4781,696,530,136,1352,763,66,1238
울산광역시경찰청,울산광역시,중구,복산동,35.5630395704029,129.327040428185,4781,696,530,136,1352,763,66,1238
울산광역시경찰청,울산광역시,중구,북정동,35.5646734935836,129.320810737014,4781,696,530,136,1352,763,66,1238
울산광역시경찰청,울산광역시,중구,서동,35.5815622023299,129.343375759647,4781,696,530,136,1352,763,66,1238
울산광역시경찰청,울산광역시,중구,성남동,35.5533424659738,129.318715349511,4781,696,530,136,1352,763,66,1238
울산광역시경찰청,울산광역시,중구,성안동,35.5744154667147,129.30975841171,4781,696,530,136,1352,763,66,1238
울산광역시경찰청,울산광역시,중구,약사동,35.5704004532714,129.337227501107,4781,696,530,136,1352,763,66,1238
울산광역시경찰청,울산광역시,중구,옥교동,35.5528054034177,129.325077345699,4781,696,530,136,1352,763,66,1238
울산광역시경찰청,울산광역시,중구,우정동,35.5552709011894,129.312516733506,4781,696,530,136,1352,763,66,1238
울산광역시경찰청,울산광역시,중구,유곡동,35.5690856999481,129.2921585162,4781,696,530,136,1352,763,66,1238
울산광역시경찰청,울산광역시,중구,장현동,35.5889728218739,129.335375932331,4781,696,530,136,1352,763,66,1238
울산광역시경찰청,울산광역시,중구,태화동,35.5565421362362,129.30448179333,4781,696,530,136,1352,763,66,1238
울산광역시경찰청,울산광역시,중구,학산동,35.5569994756363,129.326076240871,4781,696,530,136,1352,763,66,1238
울산광역시경찰청,울산광역시,중구,학성동,35.5553880811035,129.334665528981,4781,696,530,136,1352,763,66,1238
광주광역시경찰청,광주광역시,광산구,고룡동,35.2099746803659,126.774960992391,12679,1828,1658,318,4167,1953,166,2589
광주광역시경찰청,광주광역시,광산구,광산동,35.234762793029,126.744602620334,12679,1828,1658,318,4167,1953,166,2589
광주광역시경찰청,광주광역시,광산구,남산동,35.1765847896206,126.725871954598,12679,1828,1658,318,4167,1953,166,2589
광주광역시경찰청,광주광역시,광산구,내산동,35.1234175110581,126.6597955543,12679,1828,1658,318,4167,1953,166,2589
광주광역시경찰청,광주광역시,광산구,대산동,35.1389123604429,126.672406920861,12679,1828,1658,318,4167,1953,166,2589
광주광역시경찰청,광주광역시,광산구,덕림동,35.1863427369928,126.670161375704,12679,1828,1658,318,4167,1953,166,2589
광주광역시경찰청,광주광역시,광산구,도덕동,35.1495638620139,126.706590801087,12679,1828,1658,318,4167,1953,166,2589
광주광역시경찰청,광주광역시,광산구,도산동,35.1294701758197,126.791648871202,12679,1828,1658,318,4167,1953,166,2589
광주광역시경찰청,광주광역시,광산구,도천동,35.2136262951293,126.819813944289,12679,1828,1658,318,4167,1953,166,2589
광주광역시경찰청,광주광역시,광산구,도호동,35.1231564289944,126.806510585129,12679,1828,1658,318,4167,1953,166,2589
광주광역시경찰청,광주광역시,광산구,동림동,35.2067052859842,126.690364917299,12679,1828,1658,318,4167,1953,166,2589
광주광역시경찰청,광주광역시,광산구,동산동,35.1158938480394,126.72397797108,12679,1828,1658,318,4167,1953,166,2589
광주광역시경찰청,광주광역시,광산구,동호동,35.1820037722416,126.68860104528,12679,1828,1658,318,4167,1953,166,2589
광주광역시경찰청,광주광역시,광산구,두정동,35.2246051549683,126.761660250831,12679,1828,1658,318,4167,1953,166,2589
광주광역시경찰청,광주광역시,광산구,등임동,35.1830817313495,126.763494232305,12679,1828,1658,318,4167,1953,166,2589
광주광역시경찰청,광주광역시,광산구,명도동,35.1871956883705,126.703008082695,12679,1828,1658,318,4167,1953,166,2589
광주광역시경찰청,광주광역시,광산구,명화동,35.1249893607533,126.725110213284,12679,1828,1658,318,4167,1953,166,2589
광주광역시경찰청,광주광역시,광산구,박호동,35.1705949113438,126.750291989193,12679,1828,1658,318,4167,1953,166,2589
광주광역시경찰청,광주광역시,광산구,복룡동,35.1057489320342,126.778898133613,12679,1828,1658,318,4167,1953,166,2589
광주광역시경찰청,광주광역시,광산구,본덕동,35.0839490714662,126.786273158704,12679,1828,1658,318,4167,1953,166,2589
광주광역시경찰청,광주광역시,광산구,북산동,35.1768660441649,126.710392099501,12679,1828,1658,318,4167,1953,166,2589
광주광역시경찰청,광주광역시,광산구,비아동,35.2220226740907,126.824316424928,12679,1828,1658,318,4167,1953,166,2589
광주광역시경찰청,광주광역시,광산구,사호동,35.2155327384543,126.730143128715,12679,1828,1658,318,4167,1953,166,2589
광주광역시경찰청,광주광역시,광산구,산막동,35.2037288914834,126.761141433588,12679,1828,1658,318,4167,1953,166,2589
광주광역시경찰청,광주광역시,광산구,산수동,35.18250599307,126.746237351834,12679,1828,1658,318,4167,1953,166,2589
광주광역시경찰청,광주광역시,광산구,산월동,35.2038604864719,126.849784570475,12679,1828,1658,318,4167,1953,166,2589
광주광역시경찰청,광주광역시,광산구,산정동,35.1706098926033,126.794749302363,12679,1828,1658,318,4167,1953,166,2589
광주광역시경찰청,광주광역시,광산구,삼거동,35.1642492358937,126.672985880212,12679,1828,1658,318,4167,1953,166,2589
광주광역시경찰청,광주광역시,광산구,삼도동,35.126254042478,126.690375686361,12679,1828,1658,318,4167,1953,166,2589
광주광역시경찰청,광주광역시,광산구,서봉동,35.1556857188419,126.751676518201,12679,1828,1658,318,4167,1953,166,2589
광주광역시경찰청,광주광역시,광산구,선동,35.2012196645934,126.747004945903,12679,1828,1658,318,4167,1953,166,2589
광주광역시경찰청,광주광역시,광산구,선암동,35.1467708565026,126.774507409634,12679,1828,1658,318,4167,1953,166,2589
광주광역시경찰청,광주광역시,광산구,소촌동,35.1527010774562,126.794368467569,12679,1828,1658,318,4167,1953,166,2589
광주광역시경찰청,광주광역시,광산구,송대동,35.1055331166321,126.795627715791,12679,1828,1658,318,4167,1953,166,2589
광주광역시경찰청,광주광역시,광산구,송산동,35.1647517555484,126.717995541967,12679,1828,1658,318,4167,1953,166,2589
광주광역시경찰청,광주광역시,광산구,송정동,35.1407205510962,126.798871243927,12679,1828,1658,318,4167,1953,166,2589
광주광역시경찰청,광주광역시,광산구,송촌동,35.139587791383,126.77982935428,12679,1828,1658,318,4167,1953,166,2589
광주광역시경찰청,광주광역시,광산구,송치동,35.1790100688611,126.738387792705,12679,1828,1658,318,4167,1953,166,2589
광주광역시경찰청,광주광역시,광산구,송학동,35.1170228591059,126.6774529625,12679,1828,1658,318,4167,1953,166,2589
광주광역시경찰청,광주광역시,광산구,수완동,35.1970391036917,126.825613247788,12679,1828,1658,318,4167,1953,166,2589
광주광역시경찰청,광주광역시,광산구,신가동,35.1815964112835,126.827644347145,12679,1828,1658,318,4167,1953,166,2589
광주광역시경찰청,광주광역시,광산구,신동,35.1145431931149,126.687423107013,12679,1828,1658,318,4167,1953,166,2589
광주광역시경찰청,광주광역시,광산구,신룡동,35.2215005407132,126.774643596776,12679,1828,1658,318,4167,1953,166,2589
광주광역시경찰청,광주광역시,광산구,신창동,35.1956393615536,126.840703453544,12679,1828,1658,318,4167,1953,166,2589
광주광역시경찰청,광주광역시,광산구,신촌동,35.1408397033064,126.812468860391,12679,1828,1658,318,4167,1953,166,2589
광주광역시경찰청,광주광역시,광산구,쌍암동,35.2189399211653,126.848205901712,12679,1828,1658,318,4167,1953,166,2589
광주광역시경찰청,광주광역시,광산구,안청동,35.2143502055269,126.803109367905,12679,1828,1658,318,4167,1953,166,2589
광주광역시경찰청,광주광역시,광산구,양동,35.1539793155816,126.661863353223,12679,1828,1658,318,4167,1953,166,2589
광주광역시경찰청,광주광역시,광산구,양산동,35.1975911093947,126.697602867333,12679,1828,1658,318,4167,1953,166,2589
광주광역시경찰청,광주광역시,광산구,연산동,35.1144911893795,126.750529094707,12679,1828,1658,318,4167,1953,166,2589
광주광역시경찰청,광주광역시,광산구,오산동,35.2347811061613,126.729789371839,12679,1828,1658,318,4167,1953,166,2589
광주광역시경찰청,광주광역시,광산구,오선동,35.2028639369304,126.801235103295,12679,1828,1658,318,4167,1953,166,2589
광주광역시경찰청,광주광역시,광산구,오운동,35.1454098811868,126.693274836386,12679,1828,1658,318,4167,1953,166,2589
광주광역시경찰청,광주광역시,광산구,옥동,35.123487977797,126.760046258084,12679,1828,1658,318,4167,1953,166,2589
광주광역시경찰청,광주광역시,광산구,왕동,35.1985885828777,126.714935766693,12679,1828,1658,318,4167,1953,166,2589
광주광역시경찰청,광주광역시,광산구,요기동,35.1038192723849,126.759568666712,12679,1828,1658,318,4167,1953,166,2589
광주광역시경찰청,광주광역시,광산구,용곡동,35.1250660744642,126.74366411212,12679,1828,1658,318,4167,1953,166,2589
광주광역시경찰청,광주광역시,광산구,용동,35.132137313151,126.754578796432,12679,1828,1658,318,4167,1953,166,2589
광주광역시경찰청,광주광역시,광산구,용봉동,35.0759421018392,126.774759454703,12679,1828,1658,318,4167,1953,166,2589
광주광역시경찰청,광주광역시,광산구,우산동,35.1602176406711,126.807055064903,12679,1828,1658,318,4167,1953,166,2589
광주광역시경찰청,광주광역시,광산구,운남동,35.1732667812302,126.821896547835,12679,1828,1658,318,4167,1953,166,2589
광주광역시경찰청,광주광역시,광산구,운수동,35.1683084085123,126.771892566663,12679,1828,1658,318,4167,1953,166,2589
광주광역시경찰청,광주광역시,광산구,월계동,35.2146335951935,126.836013930805,12679,1828,1658,318,4167,1953,166,2589
광주광역시경찰청,광주광역시,광산구,월곡동,35.1683775998942,126.812199295072,12679,1828,1658,318,4167,1953,166,2589
광주광역시경찰청,광주광역시,광산구,월전동,35.1205419511992,126.774886883014,12679,1828,1658,318,4167,1953,166,2589
광주광역시경찰청,광주광역시,광산구,유계동,35.0946391973979,126.782165567204,12679,1828,1658,318,4167,1953,166,2589
광주광역시경찰청,광주광역시,광산구,임곡동,35.2196169520801,126.744786274005,12679,1828,1658,318,4167,1953,166,2589
광주광역시경찰청,광주광역시,광산구,장덕동,35.1937992845374,126.814455447893,12679,1828,1658,318,4167,1953,166,2589
광주광역시경찰청,광주광역시,광산구,장록동,35.1350373921636,126.77185373435,12679,1828,1658,318,4167,1953,166,2589
광주광역시경찰청,광주광역시,광산구,장수동,35.1842163728357,126.78619542548,12679,1828,1658,318,4167,1953,166,2589
광주광역시경찰청,광주광역시,광산구,지산동,35.191150071838,126.733693415791,12679,1828,1658,318,4167,1953,166,2589
광주광역시경찰청,광주광역시,광산구,지정동,35.1361426270623,126.717975727255,12679,1828,1658,318,4167,1953,166,2589
광주광역시경찰청,광주광역시,광산구,지죽동,35.1449909446426,126.758284436447,12679,1828,1658,318,4167,1953,166,2589
광주광역시경찰청,광주광역시,광산구,지평동,35.1497053521232,126.733499282853,12679,1828,1658,318,4167,1953,166,2589
광주광역시경찰청,광주광역시,광산구,진곡동,35.2109641340646,126.789881360962,12679,1828,1658,318,4167,1953,166,2589
광주광역시경찰청,광주광역시,광산구,하남동,35.1795275298134,126.799913050978,12679,1828,1658,318,4167,1953,166,2589
광주광역시경찰청,광주광역시,광산구,하산동,35.095714747473,126.763518673208,12679,1828,1658,318,4167,1953,166,2589
광주광역시경찰청,광주광역시,광산구,황룡동,35.1170226726314,126.788709906633,12679,1828,1658,318,4167,1953,166,2589
광주광역시경찰청,광주광역시,광산구,흑석동,35.1827222210526,126.809026376864,12679,1828,1658,318,4167,1953,166,2589
광주광역시경찰청,광주광역시,남구,구동,35.1471344518408,126.909631301782,5046,702,759,109,1508,903,36,1029
광주광역시경찰청,광주광역시,남구,구소동,35.0556455493026,126.807524983581,5046,702,759,109,1508,903,36,1029
광주광역시경찰청,광주광역시,남구,노대동,35.1009850027532,126.910195553303,5046,702,759,109,1508,903,36,1029
광주광역시경찰청,광주광역시,남구,대지동,35.069461542701,126.819078859316,5046,702,759,109,1508,903,36,1029
광주광역시경찰청,광주광역시,남구,덕남동,35.0900653804566,126.902618813413,5046,702,759,109,1508,903,36,1029
광주광역시경찰청,광주광역시,남구,도금동,35.0753188620661,126.84388047586,5046,702,759,109,1508,903,36,1029
광주광역시경찰청,광주광역시,남구,방림동,35.1343700954567,126.918282790303,5046,702,759,109,1508,903,36,1029
광주광역시경찰청,광주광역시,남구,백운동,35.1383219381902,126.903904454235,5046,702,759,109,1508,903,36,1029
광주광역시경찰청,광주광역시,남구,봉선동,35.130561278002,126.91108911187,5046,702,759,109,1508,903,36,1029
광주광역시경찰청,광주광역시,남구,사동,35.1435059599516,126.912620107381,5046,702,759,109,1508,903,36,1029
광주광역시경찰청,광주광역시,남구,서동,35.1446545775586,126.905780092143,5046,702,759,109,1508,903,36,1029
광주광역시경찰청,광주광역시,남구,석정동,35.0881697244256,126.816243398506,5046,702,759,109,1508,903,36,1029
광주광역시경찰청,광주광역시,남구,송하동,35.1091264647877,126.881219956665,5046,702,759,109,1508,903,36,1029
광주광역시경찰청,광주광역시,남구,승촌동,35.0579367164764,126.773041833632,5046,702,759,109,1508,903,36,1029
광주광역시경찰청,광주광역시,남구,신장동,35.059696039814,126.817850705587,5046,702,759,109,1508,903,36,1029
광주광역시경찰청,광주광역시,남구,압촌동,35.0942207933576,126.837185359301,5046,702,759,109,1508,903,36,1029
광주광역시경찰청,광주광역시,남구,양과동,35.0857131673565,126.874696383765,5046,702,759,109,1508,903,36,1029
광주광역시경찰청,광주광역시,남구,양림동,35.1405413718287,126.91644191882,5046,702,759,109,1508,903,36,1029
광주광역시경찰청,광주광역시,남구,양촌동,35.0661051018022,126.788073780463,5046,702,759,109,1508,903,36,1029
광주광역시경찰청,광주광역시,남구,원산동,35.0982128637424,126.848956441417,5046,702,759,109,1508,903,36,1029
광주광역시경찰청,광주광역시,남구,월산동,35.1475328268769,126.902616248388,5046,702,759,109,1508,903,36,1029
광주광역시경찰청,광주광역시,남구,월성동,35.0664114617169,126.809758126862,5046,702,759,109,1508,903,36,1029
광주광역시경찰청,광주광역시,남구,이장동,35.0863964477339,126.856821002911,5046,702,759,109,1508,903,36,1029
광주광역시경찰청,광주광역시,남구,임암동,35.1048949414537,126.868502834618,5046,702,759,109,1508,903,36,1029
광주광역시경찰청,광주광역시,남구,주월동,35.1304016374551,126.892094989945,5046,702,759,109,1508,903,36,1029
광주광역시경찰청,광주광역시,남구,지석동,35.0815956619064,126.832802435724,5046,702,759,109,1508,903,36,1029
광주광역시경찰청,광주광역시,남구,진월동,35.1152763502204,126.900052626195,5046,702,759,109,1508,903,36,1029
광주광역시경찰청,광주광역시,남구,칠석동,35.0692101215412,126.832292677277,5046,702,759,109,1508,903,36,1029
광주광역시경찰청,광주광역시,남구,행암동,35.1003194827975,126.890116583315,5046,702,759,109,1508,903,36,1029
광주광역시경찰청,광주광역시,남구,화장동,35.0777200003639,126.797473371972,5046,702,759,109,1508,903,36,1029
광주광역시경찰청,광주광역시,동구,계림동,35.1585382581671,126.919571301579,4051,674,560,103,1169,547,34,964
광주광역시경찰청,광주광역시,동구,광산동,35.1464996491615,126.919512914372,4051,674,560,103,1169,547,34,964
광주광역시경찰청,광주광역시,동구,궁동,35.1508109673216,126.918327813882,4051,674,560,103,1169,547,34,964
광주광역시경찰청,광주광역시,동구,금남로1가,35.1476746841812,126.919002560571,4051,674,560,103,1169,547,34,964
광주광역시경찰청,광주광역시,동구,금남로2가,35.148863353489,126.917333299764,4051,674,560,103,1169,547,34,964
광주광역시경찰청,광주광역시,동구,금남로3가,35.1498001266738,126.916397337261,4051,674,560,103,1169,547,34,964
광주광역시경찰청,광주광역시,동구,금남로4가,35.1510685193862,126.91535565485,4051,674,560,103,1169,547,34,964
광주광역시경찰청,광주광역시,동구,금남로5가,35.1529590620779,126.912105162153,4051,674,560,103,1169,547,34,964
광주광역시경찰청,광주광역시,동구,금동,35.1435093902151,126.917514289718,4051,674,560,103,1169,547,34,964
광주광역시경찰청,광주광역시,동구,남동,35.1443404065612,126.920147120845,4051,674,560,103,1169,547,34,964
광주광역시경찰청,광주광역시,동구,내남동,35.0887167818794,126.934632852013,4051,674,560,103,1169,547,34,964
광주광역시경찰청,광주광역시,동구,대의동,35.149117881101,126.920541917283,4051,674,560,103,1169,547,34,964
광주광역시경찰청,광주광역시,동구,대인동,35.1537116121833,126.915791912767,4051,674,560,103,1169,547,34,964
광주광역시경찰청,광주광역시,동구,동명동,35.1511975528539,126.925153593919,4051,674,560,103,1169,547,34,964
광주광역시경찰청,광주광역시,동구,불로동,35.1454833366927,126.914856644268,4051,674,560,103,1169,547,34,964
광주광역시경찰청,광주광역시,동구,산수동,35.1573337131563,126.930710290842,4051,674,560,103,1169,547,34,964
광주광역시경찰청,광주광역시,동구,서석동,35.1414991738899,126.931715693222,4051,674,560,103,1169,547,34,964
광주광역시경찰청,광주광역시,동구,선교동,35.0833237106463,126.951554646829,4051,674,560,103,1169,547,34,964
광주광역시경찰청,광주광역시,동구,소태동,35.113816550515,126.946183474116,4051,674,560,103,1169,547,34,964
광주광역시경찰청,광주광역시,동구,수기동,35.1496048791546,126.910572362958,4051,674,560,103,1169,547,34,964
광주광역시경찰청,광주광역시,동구,용산동,35.1154633985841,126.924339422578,4051,674,560,103,1169,547,34,964
광주광역시경찰청,광주광역시,동구,용연동,35.1030701654402,126.972075235404,4051,674,560,103,1169,547,34,964
광주광역시경찰청,광주광역시,동구,운림동,35.1259458193052,126.967933497043,4051,674,560,103,1169,547,34,964
광주광역시경찰청,광주광역시,동구,월남동,35.10174596895,126.947389104465,4051,674,560,103,1169,547,34,964
광주광역시경찰청,광주광역시,동구,장동,35.1490117049427,126.923632369428,4051,674,560,103,1169,547,34,964
광주광역시경찰청,광주광역시,동구,지산동,35.1490062528137,126.932679546437,4051,674,560,103,1169,547,34,964
광주광역시경찰청,광주광역시,동구,충장로1가,35.1471222653708,126.917835474695,4051,674,560,103,1169,547,34,964
광주광역시경찰청,광주광역시,동구,충장로2가,35.1480299457674,126.916530837123,4051,674,560,103,1169,547,34,964
광주광역시경찰청,광주광역시,동구,충장로3가,35.1488654662509,126.915173569102,4051,674,560,103,1169,547,34,964
광주광역시경찰청,광주광역시,동구,충장로4가,35.149527675609,126.913487226496,4051,674,560,103,1169,547,34,964
광주광역시경찰청,광주광역시,동구,충장로5가,35.1513504155386,126.911255265938,4051,674,560,103,1169,547,34,964
광주광역시경찰청,광주광역시,동구,학동,35.1344208028462,126.924185832849,4051,674,560,103,1169,547,34,964
광주광역시경찰청,광주광역시,동구,호남동,35.1478034799055,126.912382863264,4051,674,560,103,1169,547,34,964
광주광역시경찰청,광주광역시,동구,황금동,35.1467606787158,126.916312654163,4051,674,560,103,1169,547,34,964
광주광역시경찰청,광주광역시,북구,각화동,35.1845235142544,126.939782243414,12188,1449,1877,266,3961,2094,103,2438
광주광역시경찰청,광주광역시,북구,금곡동,35.1505030921964,126.995228307331,12188,1449,1877,266,3961,2094,103,2438
광주광역시경찰청,광주광역시,북구,누문동,35.1536762137137,126.906836450618,12188,1449,1877,266,3961,2094,103,2438
광주광역시경찰청,광주광역시,북구,대촌동,35.2273632225637,126.861130288271,12188,1449,1877,266,3961,2094,103,2438
광주광역시경찰청,광주광역시,북구,덕의동,35.1787325253923,126.98278610877,12188,1449,1877,266,3961,2094,103,2438
광주광역시경찰청,광주광역시,북구,동림동,35.1870429105876,126.866613936315,12188,1449,1877,266,3961,2094,103,2438
광주광역시경찰청,광주광역시,북구,두암동,35.171036945517,126.928937923171,12188,1449,1877,266,3961,2094,103,2438
광주광역시경찰청,광주광역시,북구,망월동,35.1993038541195,126.951683539148,12188,1449,1877,266,3961,2094,103,2438
광주광역시경찰청,광주광역시,북구,매곡동,35.1896172980332,126.892065071757,12188,1449,1877,266,3961,2094,103,2438
광주광역시경찰청,광주광역시,북구,문흥동,35.1868242042588,126.921629513828,12188,1449,1877,266,3961,2094,103,2438
광주광역시경찰청,광주광역시,북구,본촌동,35.2213036966581,126.882656006697,12188,1449,1877,266,3961,2094,103,2438
광주광역시경찰청,광주광역시,북구,북동,35.1561696919145,126.909634481743,12188,1449,1877,266,3961,2094,103,2438
광주광역시경찰청,광주광역시,북구,삼각동,35.1992537822085,126.899523798519,12188,1449,1877,266,3961,2094,103,2438
광주광역시경찰청,광주광역시,북구,생용동,35.2273333563921,126.904827799999,12188,1449,1877,266,3961,2094,103,2438
광주광역시경찰청,광주광역시,북구,수곡동,35.2378335129604,126.927447109654,12188,1449,1877,266,3961,2094,103,2438
광주광역시경찰청,광주광역시,북구,신안동,35.1674605462931,126.898781377688,12188,1449,1877,266,3961,2094,103,2438
광주광역시경찰청,광주광역시,북구,신용동,35.2065813764235,126.864029780081,12188,1449,1877,266,3961,2094,103,2438
광주광역시경찰청,광주광역시,북구,양산동,35.2091686314065,126.879717024296,12188,1449,1877,266,3961,2094,103,2438
광주광역시경찰청,광주광역시,북구,연제동,35.2015163181714,126.864512614548,12188,1449,1877,266,3961,2094,103,2438
광주광역시경찰청,광주광역시,북구,오룡동,35.2299700222986,126.846295917403,12188,1449,1877,266,3961,2094,103,2438
광주광역시경찰청,광주광역시,북구,오치동,35.189186917266,126.907911467894,12188,1449,1877,266,3961,2094,103,2438
광주광역시경찰청,광주광역시,북구,용강동,35.2506865011463,126.901614014329,12188,1449,1877,266,3961,2094,103,2438
광주광역시경찰청,광주광역시,북구,용두동,35.2235648449048,126.872516464684,12188,1449,1877,266,3961,2094,103,2438
광주광역시경찰청,광주광역시,북구,용봉동,35.1804348657744,126.901189342065,12188,1449,1877,266,3961,2094,103,2438
광주광역시경찰청,광주광역시,북구,용전동,35.242301013394,126.889802345231,12188,1449,1877,266,3961,2094,103,2438
광주광역시경찰청,광주광역시,북구,우산동,35.1703108996476,126.920934044974,12188,1449,1877,266,3961,2094,103,2438
광주광역시경찰청,광주광역시,북구,운암동,35.1748541088139,126.874419244294,12188,1449,1877,266,3961,2094,103,2438
광주광역시경찰청,광주광역시,북구,운정동,35.226400658286,126.940384037175,12188,1449,1877,266,3961,2094,103,2438
광주광역시경찰청,광주광역시,북구,월출동,35.2384719616333,126.864780773296,12188,1449,1877,266,3961,2094,103,2438
광주광역시경찰청,광주광역시,북구,유동,35.1596231978066,126.904283314184,12188,1449,1877,266,3961,2094,103,2438
광주광역시경찰청,광주광역시,북구,일곡동,35.2060372793789,126.897275132738,12188,1449,1877,266,3961,2094,103,2438
광주광역시경찰청,광주광역시,북구,임동,35.1658270181251,126.894247909327,12188,1449,1877,266,3961,2094,103,2438
광주광역시경찰청,광주광역시,북구,장등동,35.2104229594758,126.929646039327,12188,1449,1877,266,3961,2094,103,2438
광주광역시경찰청,광주광역시,북구,중흥동,35.1616458842158,126.913944167472,12188,1449,1877,266,3961,2094,103,2438
광주광역시경찰청,광주광역시,북구,지야동,35.2342305789178,126.884254490498,12188,1449,1877,266,3961,2094,103,2438
광주광역시경찰청,광주광역시,북구,청풍동,35.1694008726311,126.963073397605,12188,1449,1877,266,3961,2094,103,2438
광주광역시경찰청,광주광역시,북구,충효동,35.1769524507367,127.007241093866,12188,1449,1877,266,3961,2094,103,2438
광주광역시경찰청,광주광역시,북구,태령동,35.2467939012113,126.929131189727,12188,1449,1877,266,3961,2094,103,2438
광주광역시경찰청,광주광역시,북구,풍향동,35.1645148104364,126.923183217329,12188,1449,1877,266,3961,2094,103,2438
광주광역시경찰청,광주광역시,북구,화암동,35.1492840212815,126.968363315916,12188,1449,1877,266,3961,2094,103,2438
광주광역시경찰청,광주광역시,북구,효령동,35.2390938425623,126.914055797982,12188,1449,1877,266,3961,2094,103,2438
광주광역시경찰청,광주광역시,서구,광천동,35.1643322251794,126.880318718859,11343,1654,1246,286,3443,1887,150,2677
광주광역시경찰청,광주광역시,서구,금호동,35.1351932464321,126.857200855898,11343,1654,1246,286,3443,1887,150,2677
광주광역시경찰청,광주광역시,서구,내방동,35.1608022197714,126.87295691354,11343,1654,1246,286,3443,1887,150,2677
광주광역시경찰청,광주광역시,서구,농성동,35.1567228379528,126.889693974748,11343,1654,1246,286,3443,1887,150,2677
광주광역시경찰청,광주광역시,서구,덕흥동,35.1650139021241,126.837233187369,11343,1654,1246,286,3443,1887,150,2677
광주광역시경찰청,광주광역시,서구,동천동,35.1708452673277,126.864739147323,11343,1654,1246,286,3443,1887,150,2677
광주광역시경찰청,광주광역시,서구,마륵동,35.1419441573742,126.846637148176,11343,1654,1246,286,3443,1887,150,2677
광주광역시경찰청,광주광역시,서구,매월동,35.1156223165183,126.853742238648,11343,1654,1246,286,3443,1887,150,2677
광주광역시경찰청,광주광역시,서구,벽진동,35.1322774201647,126.830021733754,11343,1654,1246,286,3443,1887,150,2677
광주광역시경찰청,광주광역시,서구,서창동,35.1089350041875,126.829530546903,11343,1654,1246,286,3443,1887,150,2677
광주광역시경찰청,광주광역시,서구,세하동,35.1183094441254,126.832288655602,11343,1654,1246,286,3443,1887,150,2677
광주광역시경찰청,광주광역시,서구,쌍촌동,35.1494820866066,126.863865835006,11343,1654,1246,286,3443,1887,150,2677
광주광역시경찰청,광주광역시,서구,양동,35.1500672202486,126.906906410567,11343,1654,1246,286,3443,1887,150,2677
광주광역시경찰청,광주광역시,서구,용두동,35.1012548002228,126.814415315969,11343,1654,1246,286,3443,1887,150,2677
광주광역시경찰청,광주광역시,서구,유촌동,35.1653199661513,126.850931162772,11343,1654,1246,286,3443,1887,150,2677
광주광역시경찰청,광주광역시,서구,치평동,35.1499115711355,126.843338672019,11343,1654,1246,286,3443,1887,150,2677
광주광역시경찰청,광주광역시,서구,풍암동,35.1247500091829,126.878669562694,11343,1654,1246,286,3443,1887,150,2677
광주광역시경찰청,광주광역시,서구,화정동,35.1423830362368,126.87744072229,11343,1654,1246,286,3443,1887,150,2677
충청북도경찰청,충청북도,괴산군,감물면,36.8367335014631,127.874987868585,1076,129,42,23,459,167,12,244
충청북도경찰청,충청북도,괴산군,괴산읍,36.8117715752865,127.790887435776,1076,129,42,23,459,167,12,244
충청북도경찰청,충청북도,괴산군,문광면,36.7899138494817,127.785043064827,1076,129,42,23,459,167,12,244
충청북도경찰청,충청북도,괴산군,불정면,36.8723155703826,127.854120197791,1076,129,42,23,459,167,12,244
충청북도경찰청,충청북도,괴산군,사리면,36.8169178280644,127.648700350185,1076,129,42,23,459,167,12,244
충청북도경찰청,충청북도,괴산군,소수면,36.8558181992676,127.744878607529,1076,129,42,23,459,167,12,244
충청북도경찰청,충청북도,괴산군,연풍면,36.7664748186903,128.000658099136,1076,129,42,23,459,167,12,244
충청북도경찰청,충청북도,괴산군,장연면,36.8242290524123,127.955209175622,1076,129,42,23,459,167,12,244
충청북도경찰청,충청북도,괴산군,청안면,36.7719839311626,127.639674461441,1076,129,42,23,459,167,12,244
충청북도경찰청,충청북도,괴산군,청천면,36.6604386297449,127.73735468365,1076,129,42,23,459,167,12,244
충청북도경찰청,충청북도,괴산군,칠성면,36.7881677300095,127.864294241153,1076,129,42,23,459,167,12,244
충청북도경찰청,충청북도,단양군,가곡면,37.0284149192896,128.38539776772,590,106,38,15,137,133,10,151
충청북도경찰청,충청북도,단양군,단성면,36.9370887370871,128.323431821514,590,106,38,15,137,133,10,151
충청북도경찰청,충청북도,단양군,단양읍,36.9865888752015,128.368105855161,590,106,38,15,137,133,10,151
충청북도경찰청,충청북도,단양군,대강면,36.9223282728192,128.35205813541,590,106,38,15,137,133,10,151
충청북도경찰청,충청북도,단양군,매포읍,37.032317495816,128.303392511581,590,106,38,15,137,133,10,151
충청북도경찰청,충청북도,단양군,어상천면,37.1023343056513,128.358810240465,590,106,38,15,137,133,10,151
충청북도경찰청,충청북도,단양군,영춘면,37.0786916078841,128.487383207032,590,106,38,15,137,133,10,151
충청북도경찰청,충청북도,단양군,적성면,36.9607647375103,128.292946851357,590,106,38,15,137,133,10,151
충청북도경찰청,충청북도,보은군,내북면,36.5779197180739,127.664057872382,812,94,75,10,265,180,25,163
충청북도경찰청,충청북도,보은군,마로면,36.4357352807842,127.820440392537,812,94,75,10,265,180,25,163
충청북도경찰청,충청북도,보은군,보은읍,36.4836388639026,127.717071120507,812,94,75,10,265,180,25,163
충청북도경찰청,충청북도,보은군,산외면,36.5519942690276,127.732664159514,812,94,75,10,265,180,25,163
충청북도경찰청,충청북도,보은군,삼승면,36.3957926710428,127.727606142529,812,94,75,10,265,180,25,163
충청북도경찰청,충청북도,보은군,속리산면,36.5121159593936,127.810350567256,812,94,75,10,265,180,25,163
충청북도경찰청,충청북도,보은군,수한면,36.4794114244413,127.698723106663,812,94,75,10,265,180,25,163
충청북도경찰청,충청북도,보은군,장안면,36.4697418490587,127.788715117424,812,94,75,10,265,180,25,163
충청북도경찰청,충청북도,보은군,탄부면,36.4307280279042,127.796023749263,812,94,75,10,265,180,25,163
충청북도경찰청,충청북도,보은군,회남면,36.4453143142755,127.579111954579,812,94,75,10,265,180,25,163
충청북도경찰청,충청북도,보은군,회인면,36.4947951319889,127.596565256626,812,94,75,10,265,180,25,163
충청북도경찰청,충청북도,영동군,매곡면,36.19087307586,127.932125380455,728,99,52,15,196,183,9,174
충청북도경찰청,충청북도,영동군,상촌면,36.1488113635989,127.914178027556,728,99,52,15,196,183,9,174
충청북도경찰청,충청북도,영동군,심천면,36.2381554897577,127.721381361435,728,99,52,15,196,183,9,174
충청북도경찰청,충청북도,영동군,양강면,36.1524979666519,127.751012028971,728,99,52,15,196,183,9,174
충청북도경찰청,충청북도,영동군,양산면,36.1222928730595,127.669050412972,728,99,52,15,196,183,9,174
충청북도경찰청,충청북도,영동군,영동읍,36.1711011133672,127.776028621546,728,99,52,15,196,183,9,174
충청북도경찰청,충청북도,영동군,용산면,36.2596956449873,127.8294823253,728,99,52,15,196,183,9,174
충청북도경찰청,충청북도,영동군,용화면,36.0208100117342,127.767190611726,728,99,52,15,196,183,9,174
충청북도경찰청,충청북도,영동군,추풍령면,36.2145778815504,127.99863671673,728,99,52,15,196,183,9,174
충청북도경찰청,충청북도,영동군,학산면,36.0994504791396,127.684794109048,728,99,52,15,196,183,9,174
충청북도경찰청,충청북도,영동군,황간면,36.2285137453272,127.910491165382,728,99,52,15,196,183,9,174
충청북도경찰청,충청북도,옥천군,군북면,36.3301377538082,127.534426093381,1399,163,100,29,509,243,18,337
충청북도경찰청,충청북도,옥천군,군서면,36.2796562544099,127.527394715358,1399,163,100,29,509,243,18,337
충청북도경찰청,충청북도,옥천군,동이면,36.283878279197,127.620347488376,1399,163,100,29,509,243,18,337
충청북도경찰청,충청북도,옥천군,안남면,36.3562644632283,127.672852074909,1399,163,100,29,509,243,18,337
충청북도경찰청,충청북도,옥천군,안내면,36.3944198516749,127.661824751421,1399,163,100,29,509,243,18,337
충청북도경찰청,충청북도,옥천군,옥천읍,36.3073845699144,127.574901530246,1399,163,100,29,509,243,18,337
충청북도경찰청,충청북도,옥천군,이원면,36.2462386585302,127.619502504301,1399,163,100,29,509,243,18,337
충청북도경찰청,충청북도,옥천군,청산면,36.3464187482911,127.79188966793,1399,163,100,29,509,243,18,337
충청북도경찰청,충청북도,옥천군,청성면,36.3276303559342,127.759848020833,1399,163,100,29,509,243,18,337
충청북도경찰청,충청북도,음성군,감곡면,37.1123604145514,127.643552339827,3470,485,418,54,977,854,60,622
충청북도경찰청,충청북도,음성군,금왕읍,36.9921738540874,127.58645788118,3470,485,418,54,977,854,60,622
충청북도경찰청,충청북도,음성군,대소면,36.9719391439578,127.483303515911,3470,485,418,54,977,854,60,622
충청북도경찰청,충청북도,음성군,맹동면,36.9301828063181,127.562757789368,3470,485,418,54,977,854,60,622
충청북도경찰청,충청북도,음성군,삼성면,37.0183861898229,127.495041369601,3470,485,418,54,977,854,60,622
충청북도경찰청,충청북도,음성군,생극면,37.0345729750976,127.606825874922,3470,485,418,54,977,854,60,622
충청북도경찰청,충청북도,음성군,소이면,36.9236357753429,127.757595811822,3470,485,418,54,977,854,60,622
충청북도경찰청,충청북도,음성군,원남면,36.875487823256,127.648849888454,3470,485,418,54,977,854,60,622
충청북도경찰청,충청북도,음성군,음성읍,36.9348645388961,127.690556521919,3470,485,418,54,977,854,60,622
충청북도경찰청,충청북도,제천시,강제동,37.1196472468106,128.21653346571,3510,421,408,63,1050,740,60,768
충청북도경찰청,충청북도,제천시,고명동,37.1128057105612,128.250580238109,3510,421,408,63,1050,740,60,768
충청북도경찰청,충청북도,제천시,고암동,37.1652491465227,128.239118467799,3510,421,408,63,1050,740,60,768
충청북도경찰청,충청북도,제천시,교동,37.1402804848165,128.219321817118,3510,421,408,63,1050,740,60,768
충청북도경찰청,충청북도,제천시,금성면,37.0615804872323,128.168691236462,3510,421,408,63,1050,740,60,768
충청북도경찰청,충청북도,제천시,남천동,37.1353537249823,128.214061507381,3510,421,408,63,1050,740,60,768
충청북도경찰청,충청북도,제천시,대랑동,37.09469527589,128.250597440519,3510,421,408,63,1050,740,60,768
충청북도경찰청,충청북도,제천시,덕산면,36.9120259835453,128.164408023592,3510,421,408,63,1050,740,60,768
충청북도경찰청,충청북도,제천시,동현동,37.1325550781157,128.220215134891,3510,421,408,63,1050,740,60,768
충청북도경찰청,충청북도,제천시,두학동,37.1315795020786,128.268849199883,3510,421,408,63,1050,740,60,768
충청북도경찰청,충청북도,제천시,명동,37.1351328412955,128.206752048265,3510,421,408,63,1050,740,60,768
충청북도경찰청,충청북도,제천시,명지동,37.112054083205,128.203060087021,3510,421,408,63,1050,740,60,768
충청북도경찰청,충청북도,제천시,모산동,37.1946457627035,128.18210110254,3510,421,408,63,1050,740,60,768
충청북도경찰청,충청북도,제천시,백운면,37.1377198692026,128.025820670759,3510,421,408,63,1050,740,60,768
충청북도경찰청,충청북도,제천시,봉양읍,37.1326204511741,128.121663289581,3510,421,408,63,1050,740,60,768
충청북도경찰청,충청북도,제천시,산곡동,37.1015311547057,128.204747438162,3510,421,408,63,1050,740,60,768
충청북도경찰청,충청북도,제천시,서부동,37.1362269067788,128.202650495056,3510,421,408,63,1050,740,60,768
충청북도경찰청,충청북도,제천시,송학면,37.1849127480045,128.260957359603,3510,421,408,63,1050,740,60,768
충청북도경찰청,충청북도,제천시,수산면,36.9338039967425,128.181032174568,3510,421,408,63,1050,740,60,768
충청북도경찰청,충청북도,제천시,신동,37.1300504595874,128.165768868509,3510,421,408,63,1050,740,60,768
충청북도경찰청,충청북도,제천시,신백동,37.1283610637735,128.223258042331,3510,421,408,63,1050,740,60,768
충청북도경찰청,충청북도,제천시,신월동,37.1678227590341,128.192009539979,3510,421,408,63,1050,740,60,768
충청북도경찰청,충청북도,제천시,영천동,37.1269246945313,128.203380970842,3510,421,408,63,1050,740,60,768
충청북도경찰청,충청북도,제천시,왕암동,37.147157355713,128.168115951252,3510,421,408,63,1050,740,60,768
충청북도경찰청,충청북도,제천시,의림동,37.1419702332387,128.207405399184,3510,421,408,63,1050,740,60,768
충청북도경찰청,충청북도,제천시,자작동,37.1129496971532,128.295237629196,3510,421,408,63,1050,740,60,768
충청북도경찰청,충청북도,제천시,장락동,37.1451166113981,128.229830780997,3510,421,408,63,1050,740,60,768
충청북도경찰청,충청북도,제천시,중앙로1가,37.1372251661151,128.211502982876,3510,421,408,63,1050,740,60,768
충청북도경찰청,충청북도,제천시,중앙로2가,37.13935494981,128.21187458003,3510,421,408,63,1050,740,60,768
충청북도경찰청,충청북도,제천시,천남동,37.1318653163081,128.184468182944,3510,421,408,63,1050,740,60,768
충청북도경찰청,충청북도,제천시,청전동,37.1490125810589,128.214450936945,3510,421,408,63,1050,740,60,768
충청북도경찰청,충청북도,제천시,청풍면,37.0005174868221,128.168191739045,3510,421,408,63,1050,740,60,768
충청북도경찰청,충청북도,제천시,하소동,37.1400698044032,128.194711645253,3510,421,408,63,1050,740,60,768
충청북도경찰청,충청북도,제천시,한수면,36.8851008387055,128.081867979206,3510,421,408,63,1050,740,60,768
충청북도경찰청,충청북도,제천시,화산동,37.130741595333,128.211143033358,3510,421,408,63,1050,740,60,768
충청북도경찰청,충청북도,제천시,흑석동,37.141076303492,128.245724372599,3510,421,408,63,1050,740,60,768
충청북도경찰청,충청북도,증평군,도안면,36.8133481726342,127.612937976291,675,103,75,19,139,154,4,181
충청북도경찰청,충청북도,증평군,증평읍,36.7846371098653,127.581032220365,675,103,75,19,139,154,4,181
충청북도경찰청,충청북도,진천군,광혜원면,36.9933747018967,127.435616264668,3274,442,250,54,1156,651,67,654
충청북도경찰청,충청북도,진천군,덕산읍,36.913837266241,127.509213437511,3274,442,250,54,1156,651,67,654
충청북도경찰청,충청북도,진천군,문백면,36.784682447227,127.437407614724,3274,442,250,54,1156,651,67,654
충청북도경찰청,충청북도,진천군,백곡면,36.883938883041,127.376838429441,3274,442,250,54,1156,651,67,654
충청북도경찰청,충청북도,진천군,이월면,36.9256713688577,127.428595450078,3274,442,250,54,1156,651,67,654
충청북도경찰청,충청북도,진천군,진천읍,36.8549180588003,127.441283558856,3274,442,250,54,1156,651,67,654
충청북도경찰청,충청북도,진천군,초평면,36.8459462418434,127.526419171153,3274,442,250,54,1156,651,67,654
충청북도경찰청,충청북도,청주시,가덕면,36.5535696977221,127.548827630272,25294,3153,3788,608,7400,4232,251,5862
충청북도경찰청,충청북도,청주시,금천동,36.6244322417378,127.499419389841,25294,3153,3788,608,7400,4232,251,5862
충청북도경찰청,충청북도,청주시,남문로1가,36.6299192640907,127.489638394595,25294,3153,3788,608,7400,4232,251,5862
충청북도경찰청,충청북도,청주시,남문로2가,36.6326328563519,127.488908685069,25294,3153,3788,608,7400,4232,251,5862
충청북도경찰청,충청북도,청주시,남일면,36.5869343503805,127.50963228305,25294,3153,3788,608,7400,4232,251,5862
충청북도경찰청,충청북도,청주시,남주동,36.6304664074115,127.485415630333,25294,3153,3788,608,7400,4232,251,5862
충청북도경찰청,충청북도,청주시,낭성면,36.622704630418,127.603961873006,25294,3153,3788,608,7400,4232,251,5862
충청북도경찰청,충청북도,청주시,대성동,36.6343826164073,127.49723844412,25294,3153,3788,608,7400,4232,251,5862
충청북도경찰청,충청북도,청주시,명암동,36.6498397382706,127.519802777577,25294,3153,3788,608,7400,4232,251,5862
충청북도경찰청,충청북도,청주시,문의면,36.5178087023443,127.496192347238,25294,3153,3788,608,7400,4232,251,5862
충청북도경찰청,충청북도,청주시,문화동,36.6343422341892,127.49220671315,25294,3153,3788,608,7400,4232,251,5862
충청북도경찰청,충청북도,청주시,미원면,36.6361416709535,127.658483553921,25294,3153,3788,608,7400,4232,251,5862
충청북도경찰청,충청북도,청주시,방서동,36.6025063258566,127.503605534689,25294,3153,3788,608,7400,4232,251,5862
충청북도경찰청,충청북도,청주시,북문로1가,36.6350117738628,127.488923714754,25294,3153,3788,608,7400,4232,251,5862
충청북도경찰청,충청북도,청주시,북문로2가,36.6390661571844,127.489092460071,25294,3153,3788,608,7400,4232,251,5862
충청북도경찰청,충청북도,청주시,북문로3가,36.643352697637,127.4880236891,25294,3153,3788,608,7400,4232,251,5862
충청북도경찰청,충청북도,청주시,산성동,36.6619053164324,127.544513295227,25294,3153,3788,608,7400,4232,251,5862
충청북도경찰청,충청북도,청주시,서문동,36.6333508024791,127.485223521057,25294,3153,3788,608,7400,4232,251,5862
충청북도경찰청,충청북도,청주시,서운동,36.6303927142018,127.492830062377,25294,3153,3788,608,7400,4232,251,5862
충청북도경찰청,충청북도,청주시,석교동,36.6263028605035,127.492522289108,25294,3153,3788,608,7400,4232,251,5862
충청북도경찰청,충청북도,청주시,수동,36.6421450641976,127.496773951644,25294,3153,3788,608,7400,4232,251,5862
충청북도경찰청,충청북도,청주시,영동,36.642415098624,127.485481647239,25294,3153,3788,608,7400,4232,251,5862
충청북도경찰청,충청북도,청주시,영운동,36.6180041621965,127.498850292467,25294,3153,3788,608,7400,4232,251,5862
충청북도경찰청,충청북도,청주시,용담동,36.6389183635716,127.507196946405,25294,3153,3788,608,7400,4232,251,5862
충청북도경찰청,충청북도,청주시,용암동,36.6127305001127,127.508290728125,25294,3153,3788,608,7400,4232,251,5862
충청북도경찰청,충청북도,청주시,용정동,36.6355010618475,127.526361493107,25294,3153,3788,608,7400,4232,251,5862
충청북도경찰청,충청북도,청주시,운동동,36.6064209717394,127.53016966363,25294,3153,3788,608,7400,4232,251,5862
충청북도경찰청,충청북도,청주시,월오동,36.6344170519019,127.549306551433,25294,3153,3788,608,7400,4232,251,5862
충청북도경찰청,충청북도,청주시,지북동,36.5949655523045,127.508719542254,25294,3153,3788,608,7400,4232,251,5862
충청북도경찰청,충청북도,청주시,탑동,36.6294888640472,127.497819685813,25294,3153,3788,608,7400,4232,251,5862
충청북도경찰청,충청북도,청주시,평촌동,36.5943107798957,127.499904665725,25294,3153,3788,608,7400,4232,251,5862
충청북도경찰청,충청북도,청주시,개신동,36.6247435027945,127.458763179238,25294,3153,3788,608,7400,4232,251,5862
충청북도경찰청,충청북도,청주시,남이면,36.5606155089859,127.433603246901,25294,3153,3788,608,7400,4232,251,5862
충청북도경찰청,충청북도,청주시,모충동,36.6277367699336,127.476740642111,25294,3153,3788,608,7400,4232,251,5862
충청북도경찰청,충청북도,청주시,미평동,36.6042490821192,127.459455451147,25294,3153,3788,608,7400,4232,251,5862
충청북도경찰청,충청북도,청주시,분평동,36.608704935654,127.489177878304,25294,3153,3788,608,7400,4232,251,5862
충청북도경찰청,충청북도,청주시,사직동,36.6362456170941,127.476193741075,25294,3153,3788,608,7400,4232,251,5862
충청북도경찰청,충청북도,청주시,사창동,36.6335884688602,127.458900583359,25294,3153,3788,608,7400,4232,251,5862
충청북도경찰청,충청북도,청주시,산남동,36.6132892221879,127.466882101284,25294,3153,3788,608,7400,4232,251,5862
충청북도경찰청,충청북도,청주시,성화동,36.611447781892,127.452746785498,25294,3153,3788,608,7400,4232,251,5862
충청북도경찰청,충청북도,청주시,수곡동,36.6183926172793,127.479741609875,25294,3153,3788,608,7400,4232,251,5862
충청북도경찰청,충청북도,청주시,장성동,36.5966313103024,127.48082275999,25294,3153,3788,608,7400,4232,251,5862
충청북도경찰청,충청북도,청주시,장암동,36.5886523330616,127.488438939799,25294,3153,3788,608,7400,4232,251,5862
충청북도경찰청,충청북도,청주시,죽림동,36.6098492814215,127.441671683928,25294,3153,3788,608,7400,4232,251,5862
충청북도경찰청,충청북도,청주시,현도면,36.4865390809859,127.424168477052,25294,3153,3788,608,7400,4232,251,5862
충청북도경찰청,충청북도,청주시,내덕동,36.6576793886822,127.4944355377,25294,3153,3788,608,7400,4232,251,5862
충청북도경찰청,충청북도,청주시,내수읍,36.7239037395521,127.535431283072,25294,3153,3788,608,7400,4232,251,5862
충청북도경찰청,충청북도,청주시,북이면,36.739490903447,127.542257282865,25294,3153,3788,608,7400,4232,251,5862
충청북도경찰청,충청북도,청주시,사천동,36.6720062328199,127.472489780933,25294,3153,3788,608,7400,4232,251,5862
충청북도경찰청,충청북도,청주시,오동동,36.6913507402529,127.473592771243,25294,3153,3788,608,7400,4232,251,5862
충청북도경찰청,충청북도,청주시,오창읍,36.7423562993676,127.454499829132,25294,3153,3788,608,7400,4232,251,5862
충청북도경찰청,충청북도,청주시,외남동,36.6996050704035,127.482551042116,25294,3153,3788,608,7400,4232,251,5862
충청북도경찰청,충청북도,청주시,외평동,36.7109510152545,127.495067642398,25294,3153,3788,608,7400,4232,251,5862
충청북도경찰청,충청북도,청주시,외하동,36.7143930102061,127.481958519972,25294,3153,3788,608,7400,4232,251,5862
충청북도경찰청,충청북도,청주시,우암동,36.6492363833717,127.486866445706,25294,3153,3788,608,7400,4232,251,5862
충청북도경찰청,충청북도,청주시,율량동,36.6638539046006,127.515682376257,25294,3153,3788,608,7400,4232,251,5862
충청북도경찰청,충청북도,청주시,정북동,36.6900587297056,127.458345261997,25294,3153,3788,608,7400,4232,251,5862
충청북도경찰청,충청북도,청주시,정상동,36.682098649814,127.47252912666,25294,3153,3788,608,7400,4232,251,5862
충청북도경찰청,충청북도,청주시,정하동,36.6761895977919,127.460903136736,25294,3153,3788,608,7400,4232,251,5862
충청북도경찰청,충청북도,청주시,주성동,36.6759298872133,127.502817298991,25294,3153,3788,608,7400,4232,251,5862
충청북도경찰청,충청북도,청주시,주중동,36.6852254990814,127.488176234716,25294,3153,3788,608,7400,4232,251,5862
충청북도경찰청,충청북도,청주시,가경동,36.6288623975902,127.433046117468,25294,3153,3788,608,7400,4232,251,5862
충청북도경찰청,충청북도,청주시,강내면,36.6211438568937,127.357346689619,25294,3153,3788,608,7400,4232,251,5862
충청북도경찰청,충청북도,청주시,강서동,36.618784574344,127.418806045484,25294,3153,3788,608,7400,4232,251,5862
충청북도경찰청,충청북도,청주시,남촌동,36.6678225622255,127.415111790902,25294,3153,3788,608,7400,4232,251,5862
충청북도경찰청,충청북도,청주시,내곡동,36.6651511248711,127.42647537169,25294,3153,3788,608,7400,4232,251,5862
충청북도경찰청,충청북도,청주시,동막동,36.5964028621051,127.37589586201,25294,3153,3788,608,7400,4232,251,5862
충청북도경찰청,충청북도,청주시,문암동,36.6709437868108,127.448969562021,25294,3153,3788,608,7400,4232,251,5862
충청북도경찰청,충청북도,청주시,복대동,36.6355252082054,127.432591426228,25294,3153,3788,608,7400,4232,251,5862
충청북도경찰청,충청북도,청주시,봉명동,36.6402085390698,127.459270830959,25294,3153,3788,608,7400,4232,251,5862
충청북도경찰청,충청북도,청주시,비하동,36.6302053422609,127.416287380593,25294,3153,3788,608,7400,4232,251,5862
충청북도경찰청,충청북도,청주시,상신동,36.6744413089752,127.427094933431,25294,3153,3788,608,7400,4232,251,5862
충청북도경찰청,충청북도,청주시,서촌동,36.6554130702435,127.402263936102,25294,3153,3788,608,7400,4232,251,5862
충청북도경찰청,충청북도,청주시,석곡동,36.6049171276848,127.42513762404,25294,3153,3788,608,7400,4232,251,5862
충청북도경찰청,충청북도,청주시,석소동,36.6227343350244,127.381479229007,25294,3153,3788,608,7400,4232,251,5862
충청북도경찰청,충청북도,청주시,송절동,36.6645268634534,127.456793410394,25294,3153,3788,608,7400,4232,251,5862
충청북도경찰청,충청북도,청주시,송정동,36.6447308926668,127.444411443054,25294,3153,3788,608,7400,4232,251,5862
충청북도경찰청,충청북도,청주시,수의동,36.6122991355578,127.390401450477,25294,3153,3788,608,7400,4232,251,5862
충청북도경찰청,충청북도,청주시,신대동,36.6739697334935,127.40737221083,25294,3153,3788,608,7400,4232,251,5862
충청북도경찰청,충청북도,청주시,신봉동,36.658965377387,127.468786256617,25294,3153,3788,608,7400,4232,251,5862
충청북도경찰청,충청북도,청주시,신성동,36.6547752430839,127.417918273456,25294,3153,3788,608,7400,4232,251,5862
충청북도경찰청,충청북도,청주시,신전동,36.6045189687825,127.401717853321,25294,3153,3788,608,7400,4232,251,5862
충청북도경찰청,충청북도,청주시,신촌동,36.6575676137518,127.382867886674,25294,3153,3788,608,7400,4232,251,5862
충청북도경찰청,충청북도,청주시,오송읍,36.6091948731196,127.324563893724,25294,3153,3788,608,7400,4232,251,5862
충청북도경찰청,충청북도,청주시,옥산면,36.6646446839882,127.37563237499,25294,3153,3788,608,7400,4232,251,5862
충청북도경찰청,충청북도,청주시,외북동,36.6563862369151,127.43311521399,25294,3153,3788,608,7400,4232,251,5862
충청북도경찰청,충청북도,청주시,운천동,36.648476139791,127.475186506455,25294,3153,3788,608,7400,4232,251,5862
충청북도경찰청,충청북도,청주시,원평동,36.6769617329531,127.439728072592,25294,3153,3788,608,7400,4232,251,5862
충청북도경찰청,충청북도,청주시,정봉동,36.6466486006689,127.387613522753,25294,3153,3788,608,7400,4232,251,5862
충청북도경찰청,충청북도,청주시,지동동,36.6411338385971,127.407020332984,25294,3153,3788,608,7400,4232,251,5862
충청북도경찰청,충청북도,청주시,평동,36.6654504995635,127.407895536047,25294,3153,3788,608,7400,4232,251,5862
충청북도경찰청,충청북도,청주시,향정동,36.6480291133147,127.428648868721,25294,3153,3788,608,7400,4232,251,5862
충청북도경찰청,충청북도,청주시,현암동,36.5938231651094,127.393406136517,25294,3153,3788,608,7400,4232,251,5862
충청북도경찰청,충청북도,청주시,화계동,36.6572839736923,127.441888805206,25294,3153,3788,608,7400,4232,251,5862
충청북도경찰청,충청북도,청주시,휴암동,36.6191651396904,127.406757257928,25294,3153,3788,608,7400,4232,251,5862
충청북도경찰청,충청북도,충주시,가주동,36.9337838617955,127.883549067252,5613,726,611,151,1548,1191,68,1318
충청북도경찰청,충청북도,충주시,교현동,36.9815462471911,127.928995131343,5613,726,611,151,1548,1191,68,1318
충청북도경찰청,충청북도,충주시,금가면,37.0430221614579,127.924478732073,5613,726,611,151,1548,1191,68,1318
충청북도경찰청,충청북도,충주시,금릉동,36.993789823258,127.913660250301,5613,726,611,151,1548,1191,68,1318
충청북도경찰청,충청북도,충주시,노은면,37.0481450135857,127.754137176945,5613,726,611,151,1548,1191,68,1318
충청북도경찰청,충청북도,충주시,단월동,36.9454613061971,127.908902182167,5613,726,611,151,1548,1191,68,1318
충청북도경찰청,충청북도,충주시,달천동,36.9601080580716,127.903345363646,5613,726,611,151,1548,1191,68,1318
충청북도경찰청,충청북도,충주시,대소원면,36.9778145259317,127.817984424668,5613,726,611,151,1548,1191,68,1318
충청북도경찰청,충청북도,충주시,동량면,37.0263327303528,127.963254082287,5613,726,611,151,1548,1191,68,1318
충청북도경찰청,충청북도,충주시,목벌동,36.9630366886851,127.991187766192,5613,726,611,151,1548,1191,68,1318
충청북도경찰청,충청북도,충주시,목행동,37.0093598646855,127.926228064805,5613,726,611,151,1548,1191,68,1318
충청북도경찰청,충청북도,충주시,문화동,36.9716759115419,127.925560081272,5613,726,611,151,1548,1191,68,1318
충청북도경찰청,충청북도,충주시,봉방동,36.9736601560487,127.919281720775,5613,726,611,151,1548,1191,68,1318
충청북도경찰청,충청북도,충주시,산척면,37.0816722569325,127.955964636954,5613,726,611,151,1548,1191,68,1318
충청북도경찰청,충청북도,충주시,살미면,36.9053897150325,127.964612737336,5613,726,611,151,1548,1191,68,1318
충청북도경찰청,충청북도,충주시,성남동,36.9683126530872,127.935742612003,5613,726,611,151,1548,1191,68,1318
충청북도경찰청,충청북도,충주시,성내동,36.9710699646069,127.935731447784,5613,726,611,151,1548,1191,68,1318
충청북도경찰청,충청북도,충주시,성서동,36.9712293450214,127.931964666241,5613,726,611,151,1548,1191,68,1318
충청북도경찰청,충청북도,충주시,소태면,37.1097895873746,127.847739119082,5613,726,611,151,1548,1191,68,1318
충청북도경찰청,충청북도,충주시,수안보면,36.8472710272136,127.994785817453,5613,726,611,151,1548,1191,68,1318
충청북도경찰청,충청북도,충주시,신니면,36.9957923160842,127.736544808038,5613,726,611,151,1548,1191,68,1318
충청북도경찰청,충청북도,충주시,안림동,36.9761432058338,127.964292189221,5613,726,611,151,1548,1191,68,1318
충청북도경찰청,충청북도,충주시,앙성면,37.1091709520146,127.750777260028,5613,726,611,151,1548,1191,68,1318
충청북도경찰청,충청북도,충주시,엄정면,37.0867177726684,127.914878012709,5613,726,611,151,1548,1191,68,1318
충청북도경찰청,충청북도,충주시,연수동,36.9867248377519,127.934130527889,5613,726,611,151,1548,1191,68,1318
충청북도경찰청,충청북도,충주시,용관동,36.9473105729967,127.882097652667,5613,726,611,151,1548,1191,68,1318
충청북도경찰청,충청북도,충주시,용두동,36.9666670471883,127.884288306005,5613,726,611,151,1548,1191,68,1318
충청북도경찰청,충청북도,충주시,용산동,36.9642270579558,127.938737856086,5613,726,611,151,1548,1191,68,1318
충청북도경찰청,충청북도,충주시,용탄동,37.0082876535033,127.957781694038,5613,726,611,151,1548,1191,68,1318
충청북도경찰청,충청북도,충주시,종민동,36.9894541584411,127.989611965437,5613,726,611,151,1548,1191,68,1318
충청북도경찰청,충청북도,충주시,주덕읍,36.975609119934,127.795652385737,5613,726,611,151,1548,1191,68,1318
충청북도경찰청,충청북도,충주시,중앙탑면,37.028931544342,127.857035068528,5613,726,611,151,1548,1191,68,1318
충청북도경찰청,충청북도,충주시,지현동,36.9682108608662,127.932188386436,5613,726,611,151,1548,1191,68,1318
충청북도경찰청,충청북도,충주시,직동,36.9444836221526,127.960758745403,5613,726,611,151,1548,1191,68,1318
충청북도경찰청,충청북도,충주시,충의동,36.9741120297558,127.929753765101,5613,726,611,151,1548,1191,68,1318
충청북도경찰청,충청북도,충주시,충인동,36.9738392221732,127.932369333934,5613,726,611,151,1548,1191,68,1318
충청북도경찰청,충청북도,충주시,칠금동,36.984573166093,127.908585550329,5613,726,611,151,1548,1191,68,1318
충청북도경찰청,충청북도,충주시,풍동,36.9301278017575,127.912801069415,5613,726,611,151,1548,1191,68,1318
충청북도경찰청,충청북도,충주시,호암동,36.9476412616632,127.93360366927,5613,726,611,151,1548,1191,68,1318
경상북도경찰청,경상북도,경산시,갑제동,35.8263141682711,128.769944524841,8534,1124,921,178,3032,1221,61,1997
경상북도경찰청,경상북도,경산시,계양동,35.830559664012,128.745096827564,8534,1124,921,178,3032,1221,61,1997
경상북도경찰청,경상북도,경산시,남방동,35.8100151135356,128.793978269767,8534,1124,921,178,3032,1221,61,1997
경상북도경찰청,경상북도,경산시,남산면,35.7933990691174,128.837363915464,8534,1124,921,178,3032,1221,61,1997
경상북도경찰청,경상북도,경산시,남천면,35.766630031135,128.726857131324,8534,1124,921,178,3032,1221,61,1997
경상북도경찰청,경상북도,경산시,내동,35.8050187327228,128.788210954992,8534,1124,921,178,3032,1221,61,1997
경상북도경찰청,경상북도,경산시,대동,35.8357207038373,128.751331805628,8534,1124,921,178,3032,1221,61,1997
경상북도경찰청,경상북도,경산시,대정동,35.850837736202,128.731705521547,8534,1124,921,178,3032,1221,61,1997
경상북도경찰청,경상북도,경산시,대평동,35.8409916834683,128.731854430633,8534,1124,921,178,3032,1221,61,1997
경상북도경찰청,경상북도,경산시,백천동,35.8012293189908,128.742640815339,8534,1124,921,178,3032,1221,61,1997
경상북도경찰청,경상북도,경산시,사동,35.8086902010047,128.753083247463,8534,1124,921,178,3032,1221,61,1997
경상북도경찰청,경상북도,경산시,사정동,35.8146395259741,128.718766776936,8534,1124,921,178,3032,1221,61,1997
경상북도경찰청,경상북도,경산시,삼남동,35.8162027975678,128.738139861809,8534,1124,921,178,3032,1221,61,1997
경상북도경찰청,경상북도,경산시,삼북동,35.8199709659318,128.739036351526,8534,1124,921,178,3032,1221,61,1997
경상북도경찰청,경상북도,경산시,삼풍동,35.8248481619308,128.756364156047,8534,1124,921,178,3032,1221,61,1997
경상북도경찰청,경상북도,경산시,상방동,35.8128403974955,128.743571622772,8534,1124,921,178,3032,1221,61,1997
경상북도경찰청,경상북도,경산시,서상동,35.8187824018784,128.734483007177,8534,1124,921,178,3032,1221,61,1997
경상북도경찰청,경상북도,경산시,신교동,35.8140787073476,128.739456565567,8534,1124,921,178,3032,1221,61,1997
경상북도경찰청,경상북도,경산시,신천동,35.8124871127253,128.782882292854,8534,1124,921,178,3032,1221,61,1997
경상북도경찰청,경상북도,경산시,압량면,35.8433176683298,128.759808279839,8534,1124,921,178,3032,1221,61,1997
경상북도경찰청,경상북도,경산시,여천동,35.7952169155237,128.788048751176,8534,1124,921,178,3032,1221,61,1997
경상북도경찰청,경상북도,경산시,옥곡동,35.8106549261829,128.728929609775,8534,1124,921,178,3032,1221,61,1997
경상북도경찰청,경상북도,경산시,옥산동,35.8246668282061,128.7150173329,8534,1124,921,178,3032,1221,61,1997
경상북도경찰청,경상북도,경산시,와촌면,35.9463299059491,128.836515129986,8534,1124,921,178,3032,1221,61,1997
경상북도경찰청,경상북도,경산시,용성면,35.7932612630337,128.875921332207,8534,1124,921,178,3032,1221,61,1997
경상북도경찰청,경상북도,경산시,유곡동,35.7898414714106,128.776943544179,8534,1124,921,178,3032,1221,61,1997
경상북도경찰청,경상북도,경산시,임당동,35.8436550205256,128.744586865656,8534,1124,921,178,3032,1221,61,1997
경상북도경찰청,경상북도,경산시,자인면,35.820881382297,128.822564908727,8534,1124,921,178,3032,1221,61,1997
경상북도경찰청,경상북도,경산시,점촌동,35.7943682610591,128.769155933583,8534,1124,921,178,3032,1221,61,1997
경상북도경찰청,경상북도,경산시,정평동,35.8383512882487,128.727228649751,8534,1124,921,178,3032,1221,61,1997
경상북도경찰청,경상북도,경산시,조영동,35.8364621804904,128.760528861826,8534,1124,921,178,3032,1221,61,1997
경상북도경찰청,경상북도,경산시,중방동,35.8271049268337,128.734004643397,8534,1124,921,178,3032,1221,61,1997
경상북도경찰청,경상북도,경산시,중산동,35.832943106334,128.721047201153,8534,1124,921,178,3032,1221,61,1997
경상북도경찰청,경상북도,경산시,진량읍,35.8739412841515,128.816220097818,8534,1124,921,178,3032,1221,61,1997
경상북도경찰청,경상북도,경산시,평산동,35.7934377697354,128.755176954822,8534,1124,921,178,3032,1221,61,1997
경상북도경찰청,경상북도,경산시,하양읍,35.9123800187881,128.812331008957,8534,1124,921,178,3032,1221,61,1997
경상북도경찰청,경상북도,경주시,감포읍,35.807378713753,129.501640236718,7352,1012,1054,149,2001,1482,63,1591
경상북도경찰청,경상북도,경주시,강동면,35.9877284221761,129.273263941152,7352,1012,1054,149,2001,1482,63,1591
경상북도경찰청,경상북도,경주시,건천읍,35.8500065489845,129.102236789911,7352,1012,1054,149,2001,1482,63,1591
경상북도경찰청,경상북도,경주시,광명동,35.8359385648862,129.142255071204,7352,1012,1054,149,2001,1482,63,1591
경상북도경찰청,경상북도,경주시,교동,35.8281892566046,129.217351286348,7352,1012,1054,149,2001,1482,63,1591
경상북도경찰청,경상북도,경주시,구정동,35.7856550788662,129.298938279753,7352,1012,1054,149,2001,1482,63,1591
경상북도경찰청,경상북도,경주시,구황동,35.8371384365594,129.238532046353,7352,1012,1054,149,2001,1482,63,1591
경상북도경찰청,경상북도,경주시,남산동,35.790929850847,129.240632130245,7352,1012,1054,149,2001,1482,63,1591
경상북도경찰청,경상북도,경주시,내남면,35.7524030796043,129.200119922595,7352,1012,1054,149,2001,1482,63,1591
경상북도경찰청,경상북도,경주시,노동동,35.842140095773,129.211732899305,7352,1012,1054,149,2001,1482,63,1591
경상북도경찰청,경상북도,경주시,노서동,35.840494685165,129.205171488006,7352,1012,1054,149,2001,1482,63,1591
경상북도경찰청,경상북도,경주시,덕동,35.8361839405604,129.321663277784,7352,1012,1054,149,2001,1482,63,1591
경상북도경찰청,경상북도,경주시,도지동,35.797677982439,129.270528902211,7352,1012,1054,149,2001,1482,63,1591
경상북도경찰청,경상북도,경주시,동방동,35.8104193066691,129.261321085731,7352,1012,1054,149,2001,1482,63,1591
경상북도경찰청,경상북도,경주시,동부동,35.8459144808708,129.212275988512,7352,1012,1054,149,2001,1482,63,1591
경상북도경찰청,경상북도,경주시,동천동,35.8541641968168,129.222634662702,7352,1012,1054,149,2001,1482,63,1591
경상북도경찰청,경상북도,경주시,마동,35.7891393835636,129.321297632146,7352,1012,1054,149,2001,1482,63,1591
경상북도경찰청,경상북도,경주시,배동,35.8004490461921,129.212982898508,7352,1012,1054,149,2001,1482,63,1591
경상북도경찰청,경상북도,경주시,배반동,35.8203522045589,129.254425118472,7352,1012,1054,149,2001,1482,63,1591
경상북도경찰청,경상북도,경주시,보문동,35.8343253652758,129.255776564409,7352,1012,1054,149,2001,1482,63,1591
경상북도경찰청,경상북도,경주시,북군동,35.8621254421392,129.253017908782,7352,1012,1054,149,2001,1482,63,1591
경상북도경찰청,경상북도,경주시,북부동,35.8488692082193,129.212313824128,7352,1012,1054,149,2001,1482,63,1591
경상북도경찰청,경상북도,경주시,사정동,35.8294610830095,129.206021183706,7352,1012,1054,149,2001,1482,63,1591
경상북도경찰청,경상북도,경주시,산내면,35.7557462471984,129.044400777038,7352,1012,1054,149,2001,1482,63,1591
경상북도경찰청,경상북도,경주시,서면,35.8913027390576,129.05252775458,7352,1012,1054,149,2001,1482,63,1591
경상북도경찰청,경상북도,경주시,서부동,35.8460821166969,129.208650716248,7352,1012,1054,149,2001,1482,63,1591
경상북도경찰청,경상북도,경주시,서악동,35.826060360164,129.187007401715,7352,1012,1054,149,2001,1482,63,1591
경상북도경찰청,경상북도,경주시,석장동,35.8603650669076,129.186811903556,7352,1012,1054,149,2001,1482,63,1591
경상북도경찰청,경상북도,경주시,성건동,35.8507768625332,129.207359894593,7352,1012,1054,149,2001,1482,63,1591
경상북도경찰청,경상북도,경주시,성동동,35.8476952941161,129.218509751892,7352,1012,1054,149,2001,1482,63,1591
경상북도경찰청,경상북도,경주시,손곡동,35.8591851719276,129.294477082148,7352,1012,1054,149,2001,1482,63,1591
경상북도경찰청,경상북도,경주시,시동,35.758845715628,129.26886294292,7352,1012,1054,149,2001,1482,63,1591
경상북도경찰청,경상북도,경주시,시래동,35.7687510718684,129.293874315847,7352,1012,1054,149,2001,1482,63,1591
경상북도경찰청,경상북도,경주시,신평동,35.8429212746801,129.292702517592,7352,1012,1054,149,2001,1482,63,1591
경상북도경찰청,경상북도,경주시,안강읍,35.9902073180478,129.227014022472,7352,1012,1054,149,2001,1482,63,1591
경상북도경찰청,경상북도,경주시,암곡동,35.877103500271,129.333994629127,7352,1012,1054,149,2001,1482,63,1591
경상북도경찰청,경상북도,경주시,양남면,35.6777902076074,129.460381239414,7352,1012,1054,149,2001,1482,63,1591
경상북도경찰청,경상북도,경주시,양북면,35.791143626768,129.443095636322,7352,1012,1054,149,2001,1482,63,1591
경상북도경찰청,경상북도,경주시,외동읍,35.7174077063448,129.327562697192,7352,1012,1054,149,2001,1482,63,1591
경상북도경찰청,경상북도,경주시,용강동,35.8642999180602,129.223174575211,7352,1012,1054,149,2001,1482,63,1591
경상북도경찰청,경상북도,경주시,율동,35.8059420225032,129.180243424181,7352,1012,1054,149,2001,1482,63,1591
경상북도경찰청,경상북도,경주시,인왕동,35.8364216009968,129.222790082269,7352,1012,1054,149,2001,1482,63,1591
경상북도경찰청,경상북도,경주시,조양동,35.7827590875767,129.281445343858,7352,1012,1054,149,2001,1482,63,1591
경상북도경찰청,경상북도,경주시,진현동,35.7869996891655,129.34241433637,7352,1012,1054,149,2001,1482,63,1591
경상북도경찰청,경상북도,경주시,천군동,35.8240758765818,129.284349235174,7352,1012,1054,149,2001,1482,63,1591
경상북도경찰청,경상북도,경주시,천북면,35.8952836531254,129.271174765851,7352,1012,1054,149,2001,1482,63,1591
경상북도경찰청,경상북도,경주시,충효동,35.8462324039394,129.171151275302,7352,1012,1054,149,2001,1482,63,1591
경상북도경찰청,경상북도,경주시,탑동,35.8194356928922,129.207314617949,7352,1012,1054,149,2001,1482,63,1591
경상북도경찰청,경상북도,경주시,평동,35.7772678945379,129.261911830263,7352,1012,1054,149,2001,1482,63,1591
경상북도경찰청,경상북도,경주시,하동,35.8044682560681,129.31042194608,7352,1012,1054,149,2001,1482,63,1591
경상북도경찰청,경상북도,경주시,현곡면,35.8664307395797,129.202400962711,7352,1012,1054,149,2001,1482,63,1591
경상북도경찰청,경상북도,경주시,황남동,35.835303000419,129.211339429788,7352,1012,1054,149,2001,1482,63,1591
경상북도경찰청,경상북도,경주시,황성동,35.872244045713,129.219247373959,7352,1012,1054,149,2001,1482,63,1591
경상북도경찰청,경상북도,경주시,황오동,35.8415891036483,129.21796337289,7352,1012,1054,149,2001,1482,63,1591
경상북도경찰청,경상북도,경주시,황용동,35.8290577372087,129.350067570179,7352,1012,1054,149,2001,1482,63,1591
경상북도경찰청,경상북도,경주시,효현동,35.8258947358968,129.166109350884,7352,1012,1054,149,2001,1482,63,1591
경상북도경찰청,경상북도,고령군,개진면,35.7081141858926,128.350137315986,740,114,79,17,198,132,14,186
경상북도경찰청,경상북도,고령군,다산면,35.8227297226519,128.451675744795,740,114,79,17,198,132,14,186
경상북도경찰청,경상북도,고령군,대가야읍,35.7306221891533,128.267658427531,740,114,79,17,198,132,14,186
경상북도경찰청,경상북도,고령군,덕곡면,35.7793447464354,128.232984043998,740,114,79,17,198,132,14,186
경상북도경찰청,경상북도,고령군,성산면,35.7499058888517,128.359921388395,740,114,79,17,198,132,14,186
경상북도경찰청,경상북도,고령군,쌍림면,35.6798174672308,128.241900027501,740,114,79,17,198,132,14,186
경상북도경찰청,경상북도,고령군,우곡면,35.6779526439671,128.342096151181,740,114,79,17,198,132,14,186
경상북도경찰청,경상북도,고령군,운수면,35.7690374447576,128.290472097474,740,114,79,17,198,132,14,186
경상북도경찰청,경상북도,구미시,거의동,36.1432265474134,128.400009241546,12983,1573,1754,289,4182,2082,173,2930
경상북도경찰청,경상북도,구미시,고아읍,36.2108902055955,128.32856234649,12983,1573,1754,289,4182,2082,173,2930
경상북도경찰청,경상북도,구미시,공단동,36.1014178884352,128.384476243037,12983,1573,1754,289,4182,2082,173,2930
경상북도경찰청,경상북도,구미시,광평동,36.1047075384919,128.366064715383,12983,1573,1754,289,4182,2082,173,2930
경상북도경찰청,경상북도,구미시,구평동,36.0871679177656,128.445319054211,12983,1573,1754,289,4182,2082,173,2930
경상북도경찰청,경상북도,구미시,구포동,36.1265188071809,128.416018508995,12983,1573,1754,289,4182,2082,173,2930
경상북도경찰청,경상북도,구미시,금전동,36.1259836605309,128.446621355185,12983,1573,1754,289,4182,2082,173,2930
경상북도경찰청,경상북도,구미시,남통동,36.1008361035468,128.308269370516,12983,1573,1754,289,4182,2082,173,2930
경상북도경찰청,경상북도,구미시,도개면,36.2995500795305,128.330803755017,12983,1573,1754,289,4182,2082,173,2930
경상북도경찰청,경상북도,구미시,도량동,36.1405210982307,128.332582972639,12983,1573,1754,289,4182,2082,173,2930
경상북도경찰청,경상북도,구미시,무을면,36.2607516450974,128.197459545105,12983,1573,1754,289,4182,2082,173,2930
경상북도경찰청,경상북도,구미시,봉곡동,36.1579556953578,128.308782210737,12983,1573,1754,289,4182,2082,173,2930
경상북도경찰청,경상북도,구미시,부곡동,36.1475043261021,128.300342104791,12983,1573,1754,289,4182,2082,173,2930
경상북도경찰청,경상북도,구미시,비산동,36.1237071822283,128.38083340459,12983,1573,1754,289,4182,2082,173,2930
경상북도경찰청,경상북도,구미시,사곡동,36.0991224072128,128.353189660421,12983,1573,1754,289,4182,2082,173,2930
경상북도경찰청,경상북도,구미시,산동면,36.1696724548389,128.434145332359,12983,1573,1754,289,4182,2082,173,2930
경상북도경찰청,경상북도,구미시,상모동,36.0875586443912,128.343607760456,12983,1573,1754,289,4182,2082,173,2930
경상북도경찰청,경상북도,구미시,선기동,36.1334173379288,128.305344092672,12983,1573,1754,289,4182,2082,173,2930
경상북도경찰청,경상북도,구미시,선산읍,36.2429664072016,128.299051729522,12983,1573,1754,289,4182,2082,173,2930
경상북도경찰청,경상북도,구미시,송정동,36.1184890871925,128.347168955925,12983,1573,1754,289,4182,2082,173,2930
경상북도경찰청,경상북도,구미시,수점동,36.1065542475386,128.285510062087,12983,1573,1754,289,4182,2082,173,2930
경상북도경찰청,경상북도,구미시,시미동,36.0916434633869,128.411870748795,12983,1573,1754,289,4182,2082,173,2930
경상북도경찰청,경상북도,구미시,신동,36.0981302636778,128.465119912669,12983,1573,1754,289,4182,2082,173,2930
경상북도경찰청,경상북도,구미시,신평동,36.1208723372684,128.359236294669,12983,1573,1754,289,4182,2082,173,2930
경상북도경찰청,경상북도,구미시,양호동,36.1359430620902,128.380652308365,12983,1573,1754,289,4182,2082,173,2930
경상북도경찰청,경상북도,구미시,오태동,36.0736139615008,128.368013169051,12983,1573,1754,289,4182,2082,173,2930
경상북도경찰청,경상북도,구미시,옥계동,36.140882020156,128.419129591913,12983,1573,1754,289,4182,2082,173,2930
경상북도경찰청,경상북도,구미시,옥성면,36.2958894886265,128.278813930207,12983,1573,1754,289,4182,2082,173,2930
경상북도경찰청,경상북도,구미시,원평동,36.1283686839148,128.330120333505,12983,1573,1754,289,4182,2082,173,2930
경상북도경찰청,경상북도,구미시,인의동,36.1057240608068,128.43301292967,12983,1573,1754,289,4182,2082,173,2930
경상북도경찰청,경상북도,구미시,임수동,36.1106984770398,128.405926092711,12983,1573,1754,289,4182,2082,173,2930
경상북도경찰청,경상북도,구미시,임은동,36.0861782489469,128.365277717749,12983,1573,1754,289,4182,2082,173,2930
경상북도경찰청,경상북도,구미시,장천면,36.1259075819696,128.495079752531,12983,1573,1754,289,4182,2082,173,2930
경상북도경찰청,경상북도,구미시,지산동,36.1394361756803,128.345793933095,12983,1573,1754,289,4182,2082,173,2930
경상북도경찰청,경상북도,구미시,진평동,36.0935204220628,128.423531404144,12983,1573,1754,289,4182,2082,173,2930
경상북도경찰청,경상북도,구미시,해평면,36.1998395640879,128.39129514516,12983,1573,1754,289,4182,2082,173,2930
경상북도경찰청,경상북도,구미시,형곡동,36.1139778856998,128.334457695432,12983,1573,1754,289,4182,2082,173,2930
경상북도경찰청,경상북도,구미시,황상동,36.1178778754276,128.434570994666,12983,1573,1754,289,4182,2082,173,2930
경상북도경찰청,경상북도,군위군,고로면,36.1235085738588,128.79466217762,0,0,0,0,0,0,0,0
경상북도경찰청,경상북도,군위군,군위읍,36.2398089970225,128.568752594251,0,0,0,0,0,0,0,0
경상북도경찰청,경상북도,군위군,부계면,36.1009043121546,128.664200821459,0,0,0,0,0,0,0,0
경상북도경찰청,경상북도,군위군,산성면,36.1230808004896,128.694883701639,0,0,0,0,0,0,0,0
경상북도경찰청,경상북도,군위군,소보면,36.2549801744473,128.475262006979,0,0,0,0,0,0,0,0
경상북도경찰청,경상북도,군위군,우보면,36.1950191635995,128.661801779469,0,0,0,0,0,0,0,0
경상북도경찰청,경상북도,군위군,의흥면,36.1758227002037,128.715175557016,0,0,0,0,0,0,0,0
경상북도경찰청,경상북도,군위군,효령면,36.1568971001897,128.585428801378,0,0,0,0,0,0,0,0
경상북도경찰청,경상북도,김천시,감문면,36.2142353124812,128.181097232088,3581,510,385,67,968,704,76,871
경상북도경찰청,경상북도,김천시,감천면,36.0659751435055,128.125523778735,3581,510,385,67,968,704,76,871
경상북도경찰청,경상북도,김천시,감호동,36.1205707880325,128.129417059769,3581,510,385,67,968,704,76,871
경상북도경찰청,경상북도,김천시,개령면,36.1677333500624,128.186120434518,3581,510,385,67,968,704,76,871
경상북도경찰청,경상북도,김천시,교동,36.1337570589637,128.094421300611,3581,510,385,67,968,704,76,871
경상북도경찰청,경상북도,김천시,구성면,36.0325365395032,128.047729814822,3581,510,385,67,968,704,76,871
경상북도경찰청,경상북도,김천시,남면,36.1079242676698,128.189524912005,3581,510,385,67,968,704,76,871
경상북도경찰청,경상북도,김천시,남산동,36.1156454817594,128.11455262981,3581,510,385,67,968,704,76,871
경상북도경찰청,경상북도,김천시,농소면,36.1060493924563,128.172385902402,3581,510,385,67,968,704,76,871
경상북도경찰청,경상북도,김천시,다수동,36.1291551535879,128.075983994396,3581,510,385,67,968,704,76,871
경상북도경찰청,경상북도,김천시,대광동,36.1446276766439,128.142765692915,3581,510,385,67,968,704,76,871
경상북도경찰청,경상북도,김천시,대덕면,35.9178580138131,127.96877798642,3581,510,385,67,968,704,76,871
경상북도경찰청,경상북도,김천시,대항면,36.1244900823227,128.022140547515,3581,510,385,67,968,704,76,871
경상북도경찰청,경상북도,김천시,덕곡동,36.1113524292645,128.152260923447,3581,510,385,67,968,704,76,871
경상북도경찰청,경상북도,김천시,모암동,36.1265559249421,128.124668578299,3581,510,385,67,968,704,76,871
경상북도경찰청,경상북도,김천시,문당동,36.1545856399095,128.087990124107,3581,510,385,67,968,704,76,871
경상북도경찰청,경상북도,김천시,백옥동,36.1071615938115,128.074542301882,3581,510,385,67,968,704,76,871
경상북도경찰청,경상북도,김천시,봉산면,36.1414975550091,128.060216013541,3581,510,385,67,968,704,76,871
경상북도경찰청,경상북도,김천시,부곡동,36.1195963657022,128.097747898102,3581,510,385,67,968,704,76,871
경상북도경찰청,경상북도,김천시,부항면,35.9901828610383,127.955077207242,3581,510,385,67,968,704,76,871
경상북도경찰청,경상북도,김천시,삼락동,36.1404970485163,128.077405408935,3581,510,385,67,968,704,76,871
경상북도경찰청,경상북도,김천시,성내동,36.1217482230427,128.121112277568,3581,510,385,67,968,704,76,871
경상북도경찰청,경상북도,김천시,신음동,36.1363795543093,128.112988311297,3581,510,385,67,968,704,76,871
경상북도경찰청,경상북도,김천시,아포읍,36.1598713238454,128.253384594975,3581,510,385,67,968,704,76,871
경상북도경찰청,경상북도,김천시,양천동,36.0960832667967,128.107525194291,3581,510,385,67,968,704,76,871
경상북도경찰청,경상북도,김천시,어모면,36.1804286631906,128.118733231373,3581,510,385,67,968,704,76,871
경상북도경찰청,경상북도,김천시,용두동,36.1203473604138,128.12826315584,3581,510,385,67,968,704,76,871
경상북도경찰청,경상북도,김천시,율곡동,36.1214163346642,128.183708300022,3581,510,385,67,968,704,76,871
경상북도경찰청,경상북도,김천시,응명동,36.1510029348046,128.124630891959,3581,510,385,67,968,704,76,871
경상북도경찰청,경상북도,김천시,조마면,36.0349067855036,128.099052222212,3581,510,385,67,968,704,76,871
경상북도경찰청,경상북도,김천시,증산면,35.9019577529784,128.035230513324,3581,510,385,67,968,704,76,871
경상북도경찰청,경상북도,김천시,지례면,35.9848042370415,128.026687113862,3581,510,385,67,968,704,76,871
경상북도경찰청,경상북도,김천시,지좌동,36.12000853999,128.142333252537,3581,510,385,67,968,704,76,871
경상북도경찰청,경상북도,김천시,평화동,36.1258033507157,128.113394372442,3581,510,385,67,968,704,76,871
경상북도경찰청,경상북도,김천시,황금동,36.1126258659771,128.120618313565,3581,510,385,67,968,704,76,871
경상북도경찰청,경상북도,문경시,가은읍,36.6426960359546,128.062057589476,1680,259,235,30,502,284,18,352
경상북도경찰청,경상북도,문경시,공평동,36.609205763566,128.175151173604,1680,259,235,30,502,284,18,352
경상북도경찰청,경상북도,문경시,농암면,36.6009472941937,128.002892397025,1680,259,235,30,502,284,18,352
경상북도경찰청,경상북도,문경시,동로면,36.7733776636791,128.314980332484,1680,259,235,30,502,284,18,352
경상북도경찰청,경상북도,문경시,마성면,36.6926030163648,128.116688126728,1680,259,235,30,502,284,18,352
경상북도경찰청,경상북도,문경시,모전동,36.5909054539975,128.187254637685,1680,259,235,30,502,284,18,352
경상북도경찰청,경상북도,문경시,문경읍,36.7372964073239,128.107044342103,1680,259,235,30,502,284,18,352
경상북도경찰청,경상북도,문경시,불정동,36.6317499200085,128.131698614322,1680,259,235,30,502,284,18,352
경상북도경찰청,경상북도,문경시,산북면,36.6560768205138,128.259400061843,1680,259,235,30,502,284,18,352
경상북도경찰청,경상북도,문경시,산양면,36.6117474414141,128.258727920562,1680,259,235,30,502,284,18,352
경상북도경찰청,경상북도,문경시,신기동,36.6355426333622,128.171861442178,1680,259,235,30,502,284,18,352
경상북도경찰청,경상북도,문경시,영순면,36.5820805014979,128.235976316782,1680,259,235,30,502,284,18,352
경상북도경찰청,경상북도,문경시,영신동,36.5814218034769,128.214147598514,1680,259,235,30,502,284,18,352
경상북도경찰청,경상북도,문경시,우지동,36.6207749706268,128.196230589172,1680,259,235,30,502,284,18,352
경상북도경찰청,경상북도,문경시,유곡동,36.6205541019235,128.15654353127,1680,259,235,30,502,284,18,352
경상북도경찰청,경상북도,문경시,윤직동,36.5848980053887,128.201182906524,1680,259,235,30,502,284,18,352
경상북도경찰청,경상북도,문경시,점촌동,36.5985996793121,128.197805796086,1680,259,235,30,502,284,18,352
경상북도경찰청,경상북도,문경시,창동,36.6347725354077,128.193159886244,1680,259,235,30,502,284,18,352
경상북도경찰청,경상북도,문경시,호계면,36.6312026252143,128.205850044326,1680,259,235,30,502,284,18,352
경상북도경찰청,경상북도,문경시,흥덕동,36.604826228853,128.205841640548,1680,259,235,30,502,284,18,352
경상북도경찰청,경상북도,봉화군,명호면,36.8588474787938,128.900014899951,499,87,59,8,116,117,7,105
경상북도경찰청,경상북도,봉화군,물야면,36.9751823190015,128.735794837411,499,87,59,8,116,117,7,105
경상북도경찰청,경상북도,봉화군,법전면,36.9107530436238,128.876932803241,499,87,59,8,116,117,7,105
경상북도경찰청,경상북도,봉화군,봉성면,36.8859265807444,128.81804584461,499,87,59,8,116,117,7,105
경상북도경찰청,경상북도,봉화군,봉화읍,36.8876665285545,128.739634594351,499,87,59,8,116,117,7,105
경상북도경찰청,경상북도,봉화군,상운면,36.8337715709083,128.755185661769,499,87,59,8,116,117,7,105
경상북도경찰청,경상북도,봉화군,석포면,37.0486594374634,129.065160646698,499,87,59,8,116,117,7,105
경상북도경찰청,경상북도,봉화군,소천면,36.9377096424607,129.003090907112,499,87,59,8,116,117,7,105
경상북도경찰청,경상북도,봉화군,재산면,36.8160310431358,128.961846775524,499,87,59,8,116,117,7,105
경상북도경찰청,경상북도,봉화군,춘양면,36.9351071658202,128.914885440264,499,87,59,8,116,117,7,105
경상북도경찰청,경상북도,상주시,가장동,36.3840355219202,128.147623318818,2492,346,357,33,753,373,49,581
경상북도경찰청,경상북도,상주시,개운동,36.3915059830965,128.132312029495,2492,346,357,33,753,373,49,581
경상북도경찰청,경상북도,상주시,거동동,36.3815737504734,128.184897872139,2492,346,357,33,753,373,49,581
경상북도경찰청,경상북도,상주시,계산동,36.4279830368406,128.170460036116,2492,346,357,33,753,373,49,581
경상북도경찰청,경상북도,상주시,공검면,36.5120676237923,128.158597496223,2492,346,357,33,753,373,49,581
경상북도경찰청,경상북도,상주시,공성면,36.2834276994279,128.092442673423,2492,346,357,33,753,373,49,581
경상북도경찰청,경상북도,상주시,낙동면,36.3749532105949,128.248162010289,2492,346,357,33,753,373,49,581
경상북도경찰청,경상북도,상주시,낙상동,36.4490394649275,128.197425008451,2492,346,357,33,753,373,49,581
경상북도경찰청,경상북도,상주시,낙양동,36.4108584505654,128.143281944639,2492,346,357,33,753,373,49,581
경상북도경찰청,경상북도,상주시,남성동,36.4130975572315,128.158909571362,2492,346,357,33,753,373,49,581
경상북도경찰청,경상북도,상주시,남장동,36.4105028847076,128.118023471202,2492,346,357,33,753,373,49,581
경상북도경찰청,경상북도,상주시,남적동,36.464743434379,128.150953779512,2492,346,357,33,753,373,49,581
경상북도경찰청,경상북도,상주시,내서면,36.4123953829606,128.067596164465,2492,346,357,33,753,373,49,581
경상북도경찰청,경상북도,상주시,냉림동,36.4244010819882,128.161142590589,2492,346,357,33,753,373,49,581
경상북도경찰청,경상북도,상주시,도남동,36.446788954958,128.254406791141,2492,346,357,33,753,373,49,581
경상북도경찰청,경상북도,상주시,만산동,36.4344429759846,128.14998428872,2492,346,357,33,753,373,49,581
경상북도경찰청,경상북도,상주시,모동면,36.3201000131368,127.959367427176,2492,346,357,33,753,373,49,581
경상북도경찰청,경상북도,상주시,모서면,36.3424715915681,127.960073959759,2492,346,357,33,753,373,49,581
경상북도경찰청,경상북도,상주시,무양동,36.4213525073987,128.15287750432,2492,346,357,33,753,373,49,581
경상북도경찰청,경상북도,상주시,병성동,36.4298937219724,128.224682842777,2492,346,357,33,753,373,49,581
경상북도경찰청,경상북도,상주시,복룡동,36.422188677438,128.182004713051,2492,346,357,33,753,373,49,581
경상북도경찰청,경상북도,상주시,부원동,36.4502038878813,128.152367408726,2492,346,357,33,753,373,49,581
경상북도경찰청,경상북도,상주시,사벌면,36.4663508052297,128.208579732352,2492,346,357,33,753,373,49,581
경상북도경찰청,경상북도,상주시,서곡동,36.4004636869339,128.189357997768,2492,346,357,33,753,373,49,581
경상북도경찰청,경상북도,상주시,서문동,36.4173735852343,128.15619023844,2492,346,357,33,753,373,49,581
경상북도경찰청,경상북도,상주시,서성동,36.4177240675247,128.160931681884,2492,346,357,33,753,373,49,581
경상북도경찰청,경상북도,상주시,성동동,36.4114281809579,128.171152526554,2492,346,357,33,753,373,49,581
경상북도경찰청,경상북도,상주시,성하동,36.415248819469,128.163789119986,2492,346,357,33,753,373,49,581
경상북도경찰청,경상북도,상주시,신봉동,36.3985873727252,128.158020817456,2492,346,357,33,753,373,49,581
경상북도경찰청,경상북도,상주시,양촌동,36.3559499508251,128.147179654233,2492,346,357,33,753,373,49,581
경상북도경찰청,경상북도,상주시,연원동,36.4369487129898,128.128006950993,2492,346,357,33,753,373,49,581
경상북도경찰청,경상북도,상주시,오대동,36.3760878537519,128.170996847587,2492,346,357,33,753,373,49,581
경상북도경찰청,경상북도,상주시,외남면,36.357438323827,128.089447606942,2492,346,357,33,753,373,49,581
경상북도경찰청,경상북도,상주시,외답동,36.4186138241588,128.196043435234,2492,346,357,33,753,373,49,581
경상북도경찰청,경상북도,상주시,외서면,36.4793499693187,128.108166006378,2492,346,357,33,753,373,49,581
경상북도경찰청,경상북도,상주시,은척면,36.5317290435869,128.071543233613,2492,346,357,33,753,373,49,581
경상북도경찰청,경상북도,상주시,이안면,36.5794513514717,128.145579813461,2492,346,357,33,753,373,49,581
경상북도경찰청,경상북도,상주시,인봉동,36.4177067009146,128.164195953626,2492,346,357,33,753,373,49,581
경상북도경찰청,경상북도,상주시,인평동,36.3933244575591,128.179057456248,2492,346,357,33,753,373,49,581
경상북도경찰청,경상북도,상주시,죽전동,36.4446583159906,128.165927994286,2492,346,357,33,753,373,49,581
경상북도경찰청,경상북도,상주시,중덕동,36.4431904221787,128.183960480059,2492,346,357,33,753,373,49,581
경상북도경찰청,경상북도,상주시,중동면,36.4263222040657,128.271525658686,2492,346,357,33,753,373,49,581
경상북도경찰청,경상북도,상주시,지천동,36.3481707431472,128.175435401717,2492,346,357,33,753,373,49,581
경상북도경찰청,경상북도,상주시,청리면,36.3386153139905,128.130596925326,2492,346,357,33,753,373,49,581
경상북도경찰청,경상북도,상주시,초산동,36.4565493909871,128.172914939477,2492,346,357,33,753,373,49,581
경상북도경찰청,경상북도,상주시,함창읍,36.570156619581,128.179483501882,2492,346,357,33,753,373,49,581
경상북도경찰청,경상북도,상주시,헌신동,36.4193307180583,128.212520061987,2492,346,357,33,753,373,49,581
경상북도경찰청,경상북도,상주시,화개동,36.4149802695094,128.183046037765,2492,346,357,33,753,373,49,581
경상북도경찰청,경상북도,상주시,화남면,36.4482694514555,127.905539317052,2492,346,357,33,753,373,49,581
경상북도경찰청,경상북도,상주시,화동면,36.3895588346261,127.954121358715,2492,346,357,33,753,373,49,581
경상북도경찰청,경상북도,상주시,화북면,36.5632969766656,127.917219520465,2492,346,357,33,753,373,49,581
경상북도경찰청,경상북도,상주시,화산동,36.4336702155622,128.180773696615,2492,346,357,33,753,373,49,581
경상북도경찰청,경상북도,상주시,화서면,36.4454508619977,127.951396803964,2492,346,357,33,753,373,49,581
경상북도경찰청,경상북도,상주시,흥각동,36.3863363062039,128.16648305779,2492,346,357,33,753,373,49,581
경상북도경찰청,경상북도,성주군,가천면,35.8844023040859,128.166208543054,1300,170,146,27,348,261,27,321
경상북도경찰청,경상북도,성주군,금수면,35.9195849963089,128.175791897769,1300,170,146,27,348,261,27,321
경상북도경찰청,경상북도,성주군,대가면,35.9103203210889,128.228756575639,1300,170,146,27,348,261,27,321
경상북도경찰청,경상북도,성주군,벽진면,35.9484937848406,128.216420305182,1300,170,146,27,348,261,27,321
경상북도경찰청,경상북도,성주군,선남면,35.9008625417686,128.351773337995,1300,170,146,27,348,261,27,321
경상북도경찰청,경상북도,성주군,성주읍,35.9189532064083,128.289291570613,1300,170,146,27,348,261,27,321
경상북도경찰청,경상북도,성주군,수륜면,35.8329286303315,128.192387163309,1300,170,146,27,348,261,27,321
경상북도경찰청,경상북도,성주군,용암면,35.836289218014,128.336842965565,1300,170,146,27,348,261,27,321
경상북도경찰청,경상북도,성주군,월항면,35.9455853780353,128.315794445236,1300,170,146,27,348,261,27,321
경상북도경찰청,경상북도,성주군,초전면,35.9745393354029,128.263356813826,1300,170,146,27,348,261,27,321
경상북도경찰청,경상북도,안동시,광석동,36.5658269995039,128.721812542729,3947,561,401,115,1252,690,125,803
경상북도경찰청,경상북도,안동시,금곡동,36.5685562928484,128.720496969428,3947,561,401,115,1252,690,125,803
경상북도경찰청,경상북도,안동시,길안면,36.4559981698509,128.894465404069,3947,561,401,115,1252,690,125,803
경상북도경찰청,경상북도,안동시,남문동,36.5641775197701,128.728701055669,3947,561,401,115,1252,690,125,803
경상북도경찰청,경상북도,안동시,남부동,36.5637304465041,128.730947329058,3947,561,401,115,1252,690,125,803
경상북도경찰청,경상북도,안동시,남선면,36.5261963317789,128.769791982169,3947,561,401,115,1252,690,125,803
경상북도경찰청,경상북도,안동시,남후면,36.5236886646287,128.689990106735,3947,561,401,115,1252,690,125,803
경상북도경찰청,경상북도,안동시,노하동,36.5858291390785,128.683264005427,3947,561,401,115,1252,690,125,803
경상북도경찰청,경상북도,안동시,녹전면,36.7429115224056,128.773668545658,3947,561,401,115,1252,690,125,803
경상북도경찰청,경상북도,안동시,당북동,36.5605503494347,128.718331295217,3947,561,401,115,1252,690,125,803
경상북도경찰청,경상북도,안동시,대석동,36.5661156683009,128.725527340835,3947,561,401,115,1252,690,125,803
경상북도경찰청,경상북도,안동시,도산면,36.7419349371234,128.833334206288,3947,561,401,115,1252,690,125,803
경상북도경찰청,경상북도,안동시,동문동,36.5656673279051,128.735802491224,3947,561,401,115,1252,690,125,803
경상북도경찰청,경상북도,안동시,동부동,36.5655634033578,128.733780674682,3947,561,401,115,1252,690,125,803
경상북도경찰청,경상북도,안동시,명륜동,36.5702774517759,128.729324062868,3947,561,401,115,1252,690,125,803
경상북도경찰청,경상북도,안동시,목성동,36.5669097280974,128.727935378756,3947,561,401,115,1252,690,125,803
경상북도경찰청,경상북도,안동시,법상동,36.5723329857344,128.726009748023,3947,561,401,115,1252,690,125,803
경상북도경찰청,경상북도,안동시,법흥동,36.5670401070424,128.744961301208,3947,561,401,115,1252,690,125,803
경상북도경찰청,경상북도,안동시,북문동,36.5673829581311,128.731337140765,3947,561,401,115,1252,690,125,803
경상북도경찰청,경상북도,안동시,북후면,36.6850427355555,128.70227636739,3947,561,401,115,1252,690,125,803
경상북도경찰청,경상북도,안동시,삼산동,36.5655737270036,128.731086760658,3947,561,401,115,1252,690,125,803
경상북도경찰청,경상북도,안동시,상아동,36.578637577453,128.747210868584,3947,561,401,115,1252,690,125,803
경상북도경찰청,경상북도,안동시,서부동,36.5659760786471,128.728942200552,3947,561,401,115,1252,690,125,803
경상북도경찰청,경상북도,안동시,서후면,36.6169205993857,128.663856494909,3947,561,401,115,1252,690,125,803
경상북도경찰청,경상북도,안동시,석동동,36.5748933942611,128.801404264416,3947,561,401,115,1252,690,125,803
경상북도경찰청,경상북도,안동시,성곡동,36.5658119603902,128.765217933806,3947,561,401,115,1252,690,125,803
경상북도경찰청,경상북도,안동시,송천동,36.5475803909193,128.797911308867,3947,561,401,115,1252,690,125,803
경상북도경찰청,경상북도,안동시,송현동,36.5803638163839,128.701386888913,3947,561,401,115,1252,690,125,803
경상북도경찰청,경상북도,안동시,수상동,36.5411468829095,128.705953779078,3947,561,401,115,1252,690,125,803
경상북도경찰청,경상북도,안동시,수하동,36.5479235297942,128.676165478512,3947,561,401,115,1252,690,125,803
경상북도경찰청,경상북도,안동시,신세동,36.5676462920861,128.739242477888,3947,561,401,115,1252,690,125,803
경상북도경찰청,경상북도,안동시,신안동,36.5745280501279,128.737408396286,3947,561,401,115,1252,690,125,803
경상북도경찰청,경상북도,안동시,안기동,36.5829171128427,128.714353640994,3947,561,401,115,1252,690,125,803
경상북도경찰청,경상북도,안동시,안막동,36.5845406338302,128.73416488349,3947,561,401,115,1252,690,125,803
경상북도경찰청,경상북도,안동시,안흥동,36.5618328534112,128.725356113211,3947,561,401,115,1252,690,125,803
경상북도경찰청,경상북도,안동시,예안면,36.6612940218944,128.885153234434,3947,561,401,115,1252,690,125,803
경상북도경찰청,경상북도,안동시,옥동,36.5615167017744,128.701719516809,3947,561,401,115,1252,690,125,803
경상북도경찰청,경상북도,안동시,옥야동,36.5600437177292,128.721970095034,3947,561,401,115,1252,690,125,803
경상북도경찰청,경상북도,안동시,옥정동,36.5669826076746,128.735322579478,3947,561,401,115,1252,690,125,803
경상북도경찰청,경상북도,안동시,와룡면,36.6164157645376,128.76650527026,3947,561,401,115,1252,690,125,803
경상북도경찰청,경상북도,안동시,용상동,36.5592156622116,128.749628081078,3947,561,401,115,1252,690,125,803
경상북도경찰청,경상북도,안동시,운안동,36.5733704063912,128.710549970103,3947,561,401,115,1252,690,125,803
경상북도경찰청,경상북도,안동시,운흥동,36.5605108678244,128.730527010874,3947,561,401,115,1252,690,125,803
경상북도경찰청,경상북도,안동시,율세동,36.5702307722078,128.736253153749,3947,561,401,115,1252,690,125,803
경상북도경찰청,경상북도,안동시,이천동,36.6006093172829,128.715880494102,3947,561,401,115,1252,690,125,803
경상북도경찰청,경상북도,안동시,일직면,36.4752869602861,128.65952881444,3947,561,401,115,1252,690,125,803
경상북도경찰청,경상북도,안동시,임동면,36.5688567165566,128.917583937536,3947,561,401,115,1252,690,125,803
경상북도경찰청,경상북도,안동시,임하면,36.5247172623209,128.830989222707,3947,561,401,115,1252,690,125,803
경상북도경찰청,경상북도,안동시,정상동,36.5450764355005,128.747683415273,3947,561,401,115,1252,690,125,803
경상북도경찰청,경상북도,안동시,정하동,36.5419008712241,128.727677774494,3947,561,401,115,1252,690,125,803
경상북도경찰청,경상북도,안동시,천리동,36.56291472547,128.726805391093,3947,561,401,115,1252,690,125,803
경상북도경찰청,경상북도,안동시,태화동,36.5611392085543,128.71397943818,3947,561,401,115,1252,690,125,803
경상북도경찰청,경상북도,안동시,평화동,36.5691132110859,128.713110124061,3947,561,401,115,1252,690,125,803
경상북도경찰청,경상북도,안동시,풍산읍,36.5801576914703,128.572059562563,3947,561,401,115,1252,690,125,803
경상북도경찰청,경상북도,안동시,풍천면,36.5561890573722,128.506522707702,3947,561,401,115,1252,690,125,803
경상북도경찰청,경상북도,안동시,화성동,36.5686420367635,128.726530786338,3947,561,401,115,1252,690,125,803
경상북도경찰청,경상북도,영덕군,강구면,36.361807939165,129.378593083086,1053,185,111,17,302,186,8,244
경상북도경찰청,경상북도,영덕군,남정면,36.2859136575654,129.372516225883,1053,185,111,17,302,186,8,244
경상북도경찰청,경상북도,영덕군,달산면,36.3990668602734,129.30327669449,1053,185,111,17,302,186,8,244
경상북도경찰청,경상북도,영덕군,병곡면,36.6023461534724,129.410663787044,1053,185,111,17,302,186,8,244
경상북도경찰청,경상북도,영덕군,영덕읍,36.409481878419,129.372819347787,1053,185,111,17,302,186,8,244
경상북도경찰청,경상북도,영덕군,영해면,36.5375441430833,129.407149054823,1053,185,111,17,302,186,8,244
경상북도경찰청,경상북도,영덕군,지품면,36.4484953265767,129.28178296249,1053,185,111,17,302,186,8,244
경상북도경찰청,경상북도,영덕군,창수면,36.5462619395318,129.348237077645,1053,185,111,17,302,186,8,244
경상북도경찰청,경상북도,영덕군,축산면,36.5089457184002,129.414257898951,1053,185,111,17,302,186,8,244
경상북도경찰청,경상북도,영양군,석보면,36.558053076358,129.124722406699,307,68,40,2,88,54,3,52
경상북도경찰청,경상북도,영양군,수비면,36.7652253089698,129.202589910751,307,68,40,2,88,54,3,52
경상북도경찰청,경상북도,영양군,영양읍,36.6670408997206,129.114174676205,307,68,40,2,88,54,3,52
경상북도경찰청,경상북도,영양군,일월면,36.7023616271902,129.128743174605,307,68,40,2,88,54,3,52
경상북도경찰청,경상북도,영양군,입암면,36.5932582938665,129.090345056359,307,68,40,2,88,54,3,52
경상북도경찰청,경상북도,영양군,청기면,36.6612175124943,129.062377166448,307,68,40,2,88,54,3,52
경상북도경찰청,경상북도,영주시,가흥동,36.8187367258628,128.617947430843,2236,439,199,44,553,432,31,538
경상북도경찰청,경상북도,영주시,고현동,36.8431582874743,128.615246825247,2236,439,199,44,553,432,31,538
경상북도경찰청,경상북도,영주시,단산면,36.9513030908366,128.619485885935,2236,439,199,44,553,432,31,538
경상북도경찰청,경상북도,영주시,문수면,36.772131646139,128.63043851836,2236,439,199,44,553,432,31,538
경상북도경찰청,경상북도,영주시,문정동,36.7973432317155,128.603842354725,2236,439,199,44,553,432,31,538
경상북도경찰청,경상북도,영주시,봉현면,36.8614008401067,128.525034481682,2236,439,199,44,553,432,31,538
경상북도경찰청,경상북도,영주시,부석면,36.9788780447172,128.654160305604,2236,439,199,44,553,432,31,538
경상북도경찰청,경상북도,영주시,상망동,36.8418115507381,128.647978628375,2236,439,199,44,553,432,31,538
경상북도경찰청,경상북도,영주시,상줄동,36.8305743996276,128.586781792571,2236,439,199,44,553,432,31,538
경상북도경찰청,경상북도,영주시,순흥면,36.9157545347248,128.574927410688,2236,439,199,44,553,432,31,538
경상북도경찰청,경상북도,영주시,아지동,36.8548734672447,128.594271358067,2236,439,199,44,553,432,31,538
경상북도경찰청,경상북도,영주시,안정면,36.8457344495575,128.556691723386,2236,439,199,44,553,432,31,538
경상북도경찰청,경상북도,영주시,영주동,36.8265379565041,128.619909442624,2236,439,199,44,553,432,31,538
경상북도경찰청,경상북도,영주시,이산면,36.8218063164881,128.656232689777,2236,439,199,44,553,432,31,538
경상북도경찰청,경상북도,영주시,장수면,36.7747787221594,128.578753799429,2236,439,199,44,553,432,31,538
경상북도경찰청,경상북도,영주시,적서동,36.7869356286932,128.625805386705,2236,439,199,44,553,432,31,538
경상북도경찰청,경상북도,영주시,조암동,36.7987969900994,128.643076817622,2236,439,199,44,553,432,31,538
경상북도경찰청,경상북도,영주시,조와동,36.8699365235669,128.636287558676,2236,439,199,44,553,432,31,538
경상북도경찰청,경상북도,영주시,창진동,36.8439115363588,128.599523333447,2236,439,199,44,553,432,31,538
경상북도경찰청,경상북도,영주시,평은면,36.7584340324135,128.68846667684,2236,439,199,44,553,432,31,538
경상북도경찰청,경상북도,영주시,풍기읍,36.8672739628756,128.526272619327,2236,439,199,44,553,432,31,538
경상북도경찰청,경상북도,영주시,하망동,36.8238586400419,128.630302729538,2236,439,199,44,553,432,31,538
경상북도경찰청,경상북도,영주시,휴천동,36.8184871176095,128.629888428889,2236,439,199,44,553,432,31,538
경상북도경찰청,경상북도,영천시,고경면,36.0015731586343,129.045859580933,2788,441,282,52,819,577,16,601
경상북도경찰청,경상북도,영천시,과전동,35.9652702229865,128.930229577065,2788,441,282,52,819,577,16,601
경상북도경찰청,경상북도,영천시,괴연동,35.8917707773259,128.961354704743,2788,441,282,52,819,577,16,601
경상북도경찰청,경상북도,영천시,교촌동,35.9681833945271,128.925689346911,2788,441,282,52,819,577,16,601
경상북도경찰청,경상북도,영천시,금노동,35.9491417805699,128.936437403638,2788,441,282,52,819,577,16,601
경상북도경찰청,경상북도,영천시,금호읍,35.9333520770174,128.877639955581,2788,441,282,52,819,577,16,601
경상북도경찰청,경상북도,영천시,녹전동,36.0009044111245,128.913688010003,2788,441,282,52,819,577,16,601
경상북도경찰청,경상북도,영천시,대전동,35.9859147103034,128.912292532152,2788,441,282,52,819,577,16,601
경상북도경찰청,경상북도,영천시,대창면,35.8759728203941,128.894690198585,2788,441,282,52,819,577,16,601
경상북도경찰청,경상북도,영천시,도남동,35.9301920978445,128.933639546534,2788,441,282,52,819,577,16,601
경상북도경찰청,경상북도,영천시,도동,35.9423614016517,128.929317541641,2788,441,282,52,819,577,16,601
경상북도경찰청,경상북도,영천시,도림동,36.0236890429694,128.945816587308,2788,441,282,52,819,577,16,601
경상북도경찰청,경상북도,영천시,망정동,35.9851739589936,128.955327272515,2788,441,282,52,819,577,16,601
경상북도경찰청,경상북도,영천시,매산동,36.0271741535551,128.915619002063,2788,441,282,52,819,577,16,601
경상북도경찰청,경상북도,영천시,문내동,35.9702280641624,128.931902173329,2788,441,282,52,819,577,16,601
경상북도경찰청,경상북도,영천시,문외동,35.9717829081695,128.936063696587,2788,441,282,52,819,577,16,601
경상북도경찰청,경상북도,영천시,범어동,35.9477122988205,128.962745728619,2788,441,282,52,819,577,16,601
경상북도경찰청,경상북도,영천시,본촌동,35.9235031938557,128.960476523431,2788,441,282,52,819,577,16,601
경상북도경찰청,경상북도,영천시,봉동,35.9342295663133,128.954736231543,2788,441,282,52,819,577,16,601
경상북도경찰청,경상북도,영천시,북안면,35.9153348763646,129.009137826744,2788,441,282,52,819,577,16,601
경상북도경찰청,경상북도,영천시,서산동,35.9767270625247,128.897783464599,2788,441,282,52,819,577,16,601
경상북도경찰청,경상북도,영천시,성내동,35.963160032338,128.925398858672,2788,441,282,52,819,577,16,601
경상북도경찰청,경상북도,영천시,신기동,35.9968465622065,128.952333266062,2788,441,282,52,819,577,16,601
경상북도경찰청,경상북도,영천시,신녕면,36.04530305174,128.789747189931,2788,441,282,52,819,577,16,601
경상북도경찰청,경상북도,영천시,쌍계동,35.9664996636361,128.905860729335,2788,441,282,52,819,577,16,601
경상북도경찰청,경상북도,영천시,야사동,35.9808502364972,128.945265110636,2788,441,282,52,819,577,16,601
경상북도경찰청,경상북도,영천시,언하동,35.9876590266333,128.973048270225,2788,441,282,52,819,577,16,601
경상북도경찰청,경상북도,영천시,오미동,35.9958697745616,128.934319409325,2788,441,282,52,819,577,16,601
경상북도경찰청,경상북도,영천시,오수동,35.9562179220996,128.914825708936,2788,441,282,52,819,577,16,601
경상북도경찰청,경상북도,영천시,완산동,35.9648951524058,128.939628587405,2788,441,282,52,819,577,16,601
경상북도경찰청,경상북도,영천시,임고면,36.0210730614784,128.973992156666,2788,441,282,52,819,577,16,601
경상북도경찰청,경상북도,영천시,자양면,36.0784634621914,129.018333753411,2788,441,282,52,819,577,16,601
경상북도경찰청,경상북도,영천시,작산동,35.9406859238,128.94891172578,2788,441,282,52,819,577,16,601
경상북도경찰청,경상북도,영천시,조교동,35.9698611996497,128.960070597949,2788,441,282,52,819,577,16,601
경상북도경찰청,경상북도,영천시,창구동,35.9749007134206,128.928003134134,2788,441,282,52,819,577,16,601
경상북도경찰청,경상북도,영천시,채신동,35.9094372885748,128.954400707054,2788,441,282,52,819,577,16,601
경상북도경찰청,경상북도,영천시,청통면,35.9921242022993,128.823002215323,2788,441,282,52,819,577,16,601
경상북도경찰청,경상북도,영천시,화남면,36.0591434522819,128.889098827875,2788,441,282,52,819,577,16,601
경상북도경찰청,경상북도,영천시,화룡동,35.9730296936972,128.916105306397,2788,441,282,52,819,577,16,601
경상북도경찰청,경상북도,영천시,화북면,36.1082854126691,128.919399488574,2788,441,282,52,819,577,16,601
경상북도경찰청,경상북도,영천시,화산면,36.0203658434243,128.852301150361,2788,441,282,52,819,577,16,601
경상북도경찰청,경상북도,예천군,감천면,36.7211257652093,128.526455566332,1334,177,115,24,445,319,13,241
경상북도경찰청,경상북도,예천군,개포면,36.6083132667801,128.366624215089,1334,177,115,24,445,319,13,241
경상북도경찰청,경상북도,예천군,보문면,36.665304995307,128.510892929685,1334,177,115,24,445,319,13,241
경상북도경찰청,경상북도,예천군,예천읍,36.657058599881,128.45356236127,1334,177,115,24,445,319,13,241
경상북도경찰청,경상북도,예천군,용궁면,36.6086508026396,128.277405203635,1334,177,115,24,445,319,13,241
경상북도경찰청,경상북도,예천군,용문면,36.690221273918,128.410981900601,1334,177,115,24,445,319,13,241
경상북도경찰청,경상북도,예천군,유천면,36.6354305614571,128.390085456074,1334,177,115,24,445,319,13,241
경상북도경찰청,경상북도,예천군,은풍면,36.7450918568792,128.443098011034,1334,177,115,24,445,319,13,241
경상북도경찰청,경상북도,예천군,지보면,36.5483123181354,128.390350614128,1334,177,115,24,445,319,13,241
경상북도경찰청,경상북도,예천군,풍양면,36.5106137006883,128.29902352074,1334,177,115,24,445,319,13,241
경상북도경찰청,경상북도,예천군,호명면,36.5943293376644,128.468377412546,1334,177,115,24,445,319,13,241
경상북도경찰청,경상북도,예천군,효자면,36.7713661258678,128.41882934561,1334,177,115,24,445,319,13,241
경상북도경찰청,경상북도,울릉군,북면,37.5407383275983,130.874600409341,174,25,5,5,51,30,1,57
경상북도경찰청,경상북도,울릉군,서면,37.4677147637857,130.838096350954,174,25,5,5,51,30,1,57
경상북도경찰청,경상북도,울릉군,울릉읍,37.4850099409886,130.903667789119,174,25,5,5,51,30,1,57
경상북도경찰청,경상북도,울진군,근남면,36.9628125050097,129.394491609648,1208,180,111,14,342,238,19,304
경상북도경찰청,경상북도,울진군,금강송면,36.935589137252,129.24717286958,1208,180,111,14,342,238,19,304
경상북도경찰청,경상북도,울진군,기성면,36.7981815754256,129.451454027672,1208,180,111,14,342,238,19,304
경상북도경찰청,경상북도,울진군,매화면,36.9131895885358,129.382276122081,1208,180,111,14,342,238,19,304
경상북도경찰청,경상북도,울진군,북면,37.1048544174713,129.373093753423,1208,180,111,14,342,238,19,304
경상북도경찰청,경상북도,울진군,온정면,36.7240505902934,129.345422358429,1208,180,111,14,342,238,19,304
경상북도경찰청,경상북도,울진군,울진읍,36.9972002793585,129.403050083354,1208,180,111,14,342,238,19,304
경상북도경찰청,경상북도,울진군,죽변면,37.0597574445612,129.422274724235,1208,180,111,14,342,238,19,304
경상북도경찰청,경상북도,울진군,평해읍,36.7280699547219,129.441356593837,1208,180,111,14,342,238,19,304
경상북도경찰청,경상북도,울진군,후포면,36.678493765933,129.439340805341,1208,180,111,14,342,238,19,304
경상북도경찰청,경상북도,의성군,가음면,36.2341305938295,128.724643533438,1122,143,161,14,326,245,22,211
경상북도경찰청,경상북도,의성군,구천면,36.3473855471294,128.432648437451,1122,143,161,14,326,245,22,211
경상북도경찰청,경상북도,의성군,금성면,36.2613833119188,128.681062375143,1122,143,161,14,326,245,22,211
경상북도경찰청,경상북도,의성군,다인면,36.4503084215363,128.353563118474,1122,143,161,14,326,245,22,211
경상북도경찰청,경상북도,의성군,단밀면,36.3759783665807,128.381615959748,1122,143,161,14,326,245,22,211
경상북도경찰청,경상북도,의성군,단북면,36.3875301952301,128.404809726451,1122,143,161,14,326,245,22,211
경상북도경찰청,경상북도,의성군,단촌면,36.4220810970607,128.674272170914,1122,143,161,14,326,245,22,211
경상북도경찰청,경상북도,의성군,봉양면,36.3007525533012,128.576348899729,1122,143,161,14,326,245,22,211
경상북도경찰청,경상북도,의성군,비안면,36.337360681625,128.490201515574,1122,143,161,14,326,245,22,211
경상북도경찰청,경상북도,의성군,사곡면,36.3062965102942,128.787852762809,1122,143,161,14,326,245,22,211
경상북도경찰청,경상북도,의성군,신평면,36.4736343781558,128.502455154956,1122,143,161,14,326,245,22,211
경상북도경찰청,경상북도,의성군,안계면,36.3838537569973,128.440213256607,1122,143,161,14,326,245,22,211
경상북도경찰청,경상북도,의성군,안사면,36.4310479878769,128.461655896191,1122,143,161,14,326,245,22,211
경상북도경찰청,경상북도,의성군,안평면,36.3767576639337,128.584188465703,1122,143,161,14,326,245,22,211
경상북도경찰청,경상북도,의성군,옥산면,36.3928203264556,128.810004874336,1122,143,161,14,326,245,22,211
경상북도경찰청,경상북도,의성군,의성읍,36.3559132632101,128.694803424584,1122,143,161,14,326,245,22,211
경상북도경찰청,경상북도,의성군,점곡면,36.4240827363935,128.767921477058,1122,143,161,14,326,245,22,211
경상북도경찰청,경상북도,의성군,춘산면,36.2375645705596,128.811743688476,1122,143,161,14,326,245,22,211
경상북도경찰청,경상북도,청도군,각남면,35.6418355263378,128.658918350205,1214,206,171,19,291,255,24,248
경상북도경찰청,경상북도,청도군,각북면,35.6872929976266,128.589252807523,1214,206,171,19,291,255,24,248
경상북도경찰청,경상북도,청도군,금천면,35.6871722043637,128.892409759474,1214,206,171,19,291,255,24,248
경상북도경찰청,경상북도,청도군,매전면,35.6670875537983,128.855622332292,1214,206,171,19,291,255,24,248
경상북도경찰청,경상북도,청도군,운문면,35.7155940517784,128.913116566791,1214,206,171,19,291,255,24,248
경상북도경찰청,경상북도,청도군,이서면,35.6632629651369,128.670550024362,1214,206,171,19,291,255,24,248
경상북도경찰청,경상북도,청도군,청도읍,35.6507107731232,128.743825152022,1214,206,171,19,291,255,24,248
경상북도경찰청,경상북도,청도군,풍각면,35.6388854505594,128.618228093685,1214,206,171,19,291,255,24,248
경상북도경찰청,경상북도,청도군,화양읍,35.6498410182316,128.706157411797,1214,206,171,19,291,255,24,248
경상북도경찰청,경상북도,청송군,부남면,36.344602021308,129.063321888151,665,136,59,12,128,166,8,156
경상북도경찰청,경상북도,청송군,안덕면,36.2889468385961,128.959983406821,665,136,59,12,128,166,8,156
경상북도경찰청,경상북도,청송군,주왕산면,36.3569505258045,129.159283721115,665,136,59,12,128,166,8,156
경상북도경찰청,경상북도,청송군,진보면,36.529444238786,129.046720994349,665,136,59,12,128,166,8,156
경상북도경찰청,경상북도,청송군,청송읍,36.4340810596077,129.056706081429,665,136,59,12,128,166,8,156
경상북도경찰청,경상북도,청송군,파천면,36.4630425402727,129.037808048945,665,136,59,12,128,166,8,156
경상북도경찰청,경상북도,청송군,현동면,36.2906927632044,129.016869777203,665,136,59,12,128,166,8,156
경상북도경찰청,경상북도,청송군,현서면,36.2759052781394,128.895956501507,665,136,59,12,128,166,8,156
경상북도경찰청,경상북도,칠곡군,가산면,36.0859630613676,128.538885492012,3521,528,275,63,1089,690,50,826
경상북도경찰청,경상북도,칠곡군,기산면,35.9864340388941,128.382712647212,3521,528,275,63,1089,690,50,826
경상북도경찰청,경상북도,칠곡군,동명면,35.9840337863384,128.553499118489,3521,528,275,63,1089,690,50,826
경상북도경찰청,경상북도,칠곡군,북삼읍,36.0629211942501,128.342975570345,3521,528,275,63,1089,690,50,826
경상북도경찰청,경상북도,칠곡군,석적읍,36.0668119446103,128.400793715981,3521,528,275,63,1089,690,50,826
경상북도경찰청,경상북도,칠곡군,약목면,36.0327438267079,128.363702456356,3521,528,275,63,1089,690,50,826
경상북도경찰청,경상북도,칠곡군,왜관읍,35.9890285712881,128.397709505788,3521,528,275,63,1089,690,50,826
경상북도경찰청,경상북도,칠곡군,지천면,35.9560684588653,128.491676804773,3521,528,275,63,1089,690,50,826
경상북도경찰청,경상북도,포항시,괴동동,35.998196244635,129.3763354455,13793,1777,1923,319,3890,2665,149,3070
경상북도경찰청,경상북도,포항시,구룡포읍,35.985186477458,129.546087974399,13793,1777,1923,319,3890,2665,149,3070
경상북도경찰청,경상북도,포항시,대도동,36.0076250498327,129.36060593144,13793,1777,1923,319,3890,2665,149,3070
경상북도경찰청,경상북도,포항시,대송면,35.968488283637,129.359927377444,13793,1777,1923,319,3890,2665,149,3070
경상북도경찰청,경상북도,포항시,대잠동,36.0169877254029,129.338380587154,13793,1777,1923,319,3890,2665,149,3070
경상북도경찰청,경상북도,포항시,동촌동,36.0006701151034,129.393649390594,13793,1777,1923,319,3890,2665,149,3070
경상북도경찰청,경상북도,포항시,동해면,35.9884807143584,129.440175754938,13793,1777,1923,319,3890,2665,149,3070
경상북도경찰청,경상북도,포항시,상도동,36.0081922862008,129.350997453145,13793,1777,1923,319,3890,2665,149,3070
경상북도경찰청,경상북도,포항시,송내동,36.0102851312604,129.379546177175,13793,1777,1923,319,3890,2665,149,3070
경상북도경찰청,경상북도,포항시,송도동,36.0318946890651,129.375537504333,13793,1777,1923,319,3890,2665,149,3070
경상북도경찰청,경상북도,포항시,송정동,36.0244956795222,129.392573451917,13793,1777,1923,319,3890,2665,149,3070
경상북도경찰청,경상북도,포항시,연일읍,35.9916218516401,129.344150409452,13793,1777,1923,319,3890,2665,149,3070
경상북도경찰청,경상북도,포항시,오천읍,35.9631089904949,129.414715591135,13793,1777,1923,319,3890,2665,149,3070
경상북도경찰청,경상북도,포항시,이동,36.039077991565,129.327940299779,13793,1777,1923,319,3890,2665,149,3070
경상북도경찰청,경상북도,포항시,인덕동,35.987902142138,129.39775557178,13793,1777,1923,319,3890,2665,149,3070
경상북도경찰청,경상북도,포항시,일월동,35.985116300017,129.42339027588,13793,1777,1923,319,3890,2665,149,3070
경상북도경찰청,경상북도,포항시,장기면,35.8957435141208,129.492291938145,13793,1777,1923,319,3890,2665,149,3070
경상북도경찰청,경상북도,포항시,장흥동,35.9854667534715,129.37216208386,13793,1777,1923,319,3890,2665,149,3070
경상북도경찰청,경상북도,포항시,지곡동,36.0263227076563,129.319800538137,13793,1777,1923,319,3890,2665,149,3070
경상북도경찰청,경상북도,포항시,청림동,35.9973660618844,129.405674823938,13793,1777,1923,319,3890,2665,149,3070
경상북도경찰청,경상북도,포항시,해도동,36.0232879798358,129.371374866189,13793,1777,1923,319,3890,2665,149,3070
경상북도경찰청,경상북도,포항시,호동,35.9837161930688,129.387186176309,13793,1777,1923,319,3890,2665,149,3070
경상북도경찰청,경상북도,포항시,호미곶면,36.0808389212324,129.555558796119,13793,1777,1923,319,3890,2665,149,3070
경상북도경찰청,경상북도,포항시,효자동,36.0058519083738,129.336135379501,13793,1777,1923,319,3890,2665,149,3070
경상북도경찰청,경상북도,포항시,기계면,36.072410537239,129.210191986094,13793,1777,1923,319,3890,2665,149,3070
경상북도경찰청,경상북도,포항시,기북면,36.1285237480823,129.166317077947,13793,1777,1923,319,3890,2665,149,3070
경상북도경찰청,경상북도,포항시,남빈동,36.0368285840785,129.366425190002,13793,1777,1923,319,3890,2665,149,3070
경상북도경찰청,경상북도,포항시,대신동,36.0476722127307,129.367189214502,13793,1777,1923,319,3890,2665,149,3070
경상북도경찰청,경상북도,포항시,대흥동,36.037419359658,129.361140299083,13793,1777,1923,319,3890,2665,149,3070
경상북도경찰청,경상북도,포항시,덕산동,36.0420627507031,129.364172291666,13793,1777,1923,319,3890,2665,149,3070
경상북도경찰청,경상북도,포항시,덕수동,36.0446188055452,129.36522504515,13793,1777,1923,319,3890,2665,149,3070
경상북도경찰청,경상북도,포항시,동빈1가,36.04379975185,129.369651503465,13793,1777,1923,319,3890,2665,149,3070
경상북도경찰청,경상북도,포항시,동빈2가,36.0403211909184,129.369689216717,13793,1777,1923,319,3890,2665,149,3070
경상북도경찰청,경상북도,포항시,두호동,36.0609207137626,129.380085340881,13793,1777,1923,319,3890,2665,149,3070
경상북도경찰청,경상북도,포항시,득량동,36.0383697071376,129.337850310326,13793,1777,1923,319,3890,2665,149,3070
경상북도경찰청,경상북도,포항시,상원동,36.0385622420962,129.365687236009,13793,1777,1923,319,3890,2665,149,3070
경상북도경찰청,경상북도,포항시,송라면,36.2288578954456,129.357010374999,13793,1777,1923,319,3890,2665,149,3070
경상북도경찰청,경상북도,포항시,신광면,36.1301200707693,129.262971202396,13793,1777,1923,319,3890,2665,149,3070
경상북도경찰청,경상북도,포항시,신흥동,36.0400593752314,129.362506015187,13793,1777,1923,319,3890,2665,149,3070
경상북도경찰청,경상북도,포항시,양덕동,36.0834966630648,129.401344794205,13793,1777,1923,319,3890,2665,149,3070
경상북도경찰청,경상북도,포항시,여남동,36.0771664841946,129.414159929372,13793,1777,1923,319,3890,2665,149,3070
경상북도경찰청,경상북도,포항시,여천동,36.0398781864897,129.368034085357,13793,1777,1923,319,3890,2665,149,3070
경상북도경찰청,경상북도,포항시,용흥동,36.038309381536,129.357670245817,13793,1777,1923,319,3890,2665,149,3070
경상북도경찰청,경상북도,포항시,우현동,36.0573469891815,129.353378214722,13793,1777,1923,319,3890,2665,149,3070
경상북도경찰청,경상북도,포항시,장성동,36.0776923888175,129.37305257029,13793,1777,1923,319,3890,2665,149,3070
경상북도경찰청,경상북도,포항시,죽도동,36.0311497498891,129.363269160461,13793,1777,1923,319,3890,2665,149,3070
경상북도경찰청,경상북도,포항시,죽장면,36.1601940486139,129.095792942796,13793,1777,1923,319,3890,2665,149,3070
경상북도경찰청,경상북도,포항시,중앙동,36.0380085580524,129.367627529921,13793,1777,1923,319,3890,2665,149,3070
경상북도경찰청,경상북도,포항시,창포동,36.071304752813,129.358344366925,13793,1777,1923,319,3890,2665,149,3070
경상북도경찰청,경상북도,포항시,청하면,36.1995648066842,129.337949854304,13793,1777,1923,319,3890,2665,149,3070
경상북도경찰청,경상북도,포항시,학산동,36.0521621781039,129.369223244935,13793,1777,1923,319,3890,2665,149,3070
경상북도경찰청,경상북도,포항시,학잠동,36.0313752975533,129.349046541379,13793,1777,1923,319,3890,2665,149,3070
경상북도경찰청,경상북도,포항시,항구동,36.0531878575456,129.375303240775,13793,1777,1923,319,3890,2665,149,3070
경상북도경찰청,경상북도,포항시,환호동,36.0693121290617,129.394840702758,13793,1777,1923,319,3890,2665,149,3070
경상북도경찰청,경상북도,포항시,흥해읍,36.1071297726593,129.341721472307,13793,1777,1923,319,3890,2665,149,3070
제주특별자치도경찰청,제주특별자치도,서귀포시,강정동,33.2649196223104,126.495791784346,7556,1243,791,145,2205,1344,44,1784
제주특별자치도경찰청,제주특별자치도,서귀포시,남원읍,33.2798847892306,126.720665667691,7556,1243,791,145,2205,1344,44,1784
제주특별자치도경찰청,제주특별자치도,서귀포시,대정읍,33.2266707415341,126.251812381529,7556,1243,791,145,2205,1344,44,1784
제주특별자치도경찰청,제주특별자치도,서귀포시,대포동,33.302605916065,126.454451699705,7556,1243,791,145,2205,1344,44,1784
제주특별자치도경찰청,제주특별자치도,서귀포시,도순동,33.2929549819585,126.478818022109,7556,1243,791,145,2205,1344,44,1784
제주특별자치도경찰청,제주특별자치도,서귀포시,동홍동,33.2579021227116,126.56887224757,7556,1243,791,145,2205,1344,44,1784
제주특별자치도경찰청,제주특별자치도,서귀포시,법환동,33.2431480688709,126.514144783946,7556,1243,791,145,2205,1344,44,1784
제주특별자치도경찰청,제주특별자치도,서귀포시,보목동,33.2457159537011,126.600264473689,7556,1243,791,145,2205,1344,44,1784
제주특별자치도경찰청,제주특별자치도,서귀포시,상예동,33.2852023732059,126.384460510616,7556,1243,791,145,2205,1344,44,1784
제주특별자치도경찰청,제주특별자치도,서귀포시,상효동,33.3219846174529,126.570554553982,7556,1243,791,145,2205,1344,44,1784
제주특별자치도경찰청,제주특별자치도,서귀포시,색달동,33.2789963105341,126.408364083646,7556,1243,791,145,2205,1344,44,1784
제주특별자치도경찰청,제주특별자치도,서귀포시,서귀동,33.2493503649128,126.562475820762,7556,1243,791,145,2205,1344,44,1784
제주특별자치도경찰청,제주특별자치도,서귀포시,서호동,33.2641864864094,126.517346819897,7556,1243,791,145,2205,1344,44,1784
제주특별자치도경찰청,제주특별자치도,서귀포시,서홍동,33.2559638228828,126.560176365515,7556,1243,791,145,2205,1344,44,1784
제주특별자치도경찰청,제주특별자치도,서귀포시,성산읍,33.4420876196605,126.910952792531,7556,1243,791,145,2205,1344,44,1784
제주특별자치도경찰청,제주특별자치도,서귀포시,신효동,33.2681998176307,126.610744837919,7556,1243,791,145,2205,1344,44,1784
제주특별자치도경찰청,제주특별자치도,서귀포시,안덕면,33.2576271445351,126.330674173691,7556,1243,791,145,2205,1344,44,1784
제주특별자치도경찰청,제주특별자치도,서귀포시,영남동,33.3151580714115,126.502083444178,7556,1243,791,145,2205,1344,44,1784
제주특별자치도경찰청,제주특별자치도,서귀포시,월평동,33.2437969255396,126.464023616354,7556,1243,791,145,2205,1344,44,1784
제주특별자치도경찰청,제주특별자치도,서귀포시,중문동,33.2533312875508,126.433639283924,7556,1243,791,145,2205,1344,44,1784
제주특별자치도경찰청,제주특별자치도,서귀포시,토평동,33.2820201719857,126.585156345365,7556,1243,791,145,2205,1344,44,1784
제주특별자치도경찰청,제주특별자치도,서귀포시,표선면,33.3267161050578,126.83098213169,7556,1243,791,145,2205,1344,44,1784
제주특별자치도경찰청,제주특별자치도,서귀포시,하예동,33.2412109273802,126.378717518735,7556,1243,791,145,2205,1344,44,1784
제주특별자치도경찰청,제주특별자치도,서귀포시,하원동,33.2785360586219,126.4660226653,7556,1243,791,145,2205,1344,44,1784
제주특별자치도경찰청,제주특별자치도,서귀포시,하효동,33.2566103527058,126.618338420041,7556,1243,791,145,2205,1344,44,1784
제주특별자치도경찰청,제주특별자치도,서귀포시,호근동,33.2615116284173,126.532760043118,7556,1243,791,145,2205,1344,44,1784
제주특별자치도경찰청,제주특별자치도,서귀포시,회수동,33.2619201583592,126.44362916096,7556,1243,791,145,2205,1344,44,1784
제주특별자치도경찰청,제주특별자치도,제주시,건입동,33.5150321079833,126.531518045313,21606,3331,2257,479,7409,3366,144,4620
제주특별자치도경찰청,제주특별자치도,제주시,구좌읍,33.5225267070201,126.852053599141,21606,3331,2257,479,7409,3366,144,4620
제주특별자치도경찰청,제주특별자치도,제주시,내도동,33.4926842402143,126.442824943271,21606,3331,2257,479,7409,3366,144,4620
제주특별자치도경찰청,제주특별자치도,제주시,노형동,33.4830787814711,126.477191625107,21606,3331,2257,479,7409,3366,144,4620
제주특별자치도경찰청,제주특별자치도,제주시,도남동,33.4848632453976,126.524475879506,21606,3331,2257,479,7409,3366,144,4620
제주특별자치도경찰청,제주특별자치도,제주시,도두이동,33.5041156314452,126.48516680067,21606,3331,2257,479,7409,3366,144,4620
제주특별자치도경찰청,제주특별자치도,제주시,도두일동,33.5010079784134,126.474247107518,21606,3331,2257,479,7409,3366,144,4620
제주특별자치도경찰청,제주특별자치도,제주시,도련이동,33.5169374194795,126.591986424721,21606,3331,2257,479,7409,3366,144,4620
제주특별자치도경찰청,제주특별자치도,제주시,도련일동,33.5056080947029,126.589288767792,21606,3331,2257,479,7409,3366,144,4620
제주특별자치도경찰청,제주특별자치도,제주시,도평동,33.4788622652271,126.451176230271,21606,3331,2257,479,7409,3366,144,4620
제주특별자치도경찰청,제주특별자치도,제주시,봉개동,33.4917232670658,126.594687244154,21606,3331,2257,479,7409,3366,144,4620
제주특별자치도경찰청,제주특별자치도,제주시,삼도이동,33.5117364098824,126.522210779322,21606,3331,2257,479,7409,3366,144,4620
제주특별자치도경찰청,제주특별자치도,제주시,삼도일동,33.5041154033522,126.517362400658,21606,3331,2257,479,7409,3366,144,4620
제주특별자치도경찰청,제주특별자치도,제주시,삼양삼동,33.5252972245458,126.578065049824,21606,3331,2257,479,7409,3366,144,4620
제주특별자치도경찰청,제주특별자치도,제주시,삼양이동,33.5228672016569,126.584664643949,21606,3331,2257,479,7409,3366,144,4620
제주특별자치도경찰청,제주특별자치도,제주시,삼양일동,33.5262298789859,126.594931097385,21606,3331,2257,479,7409,3366,144,4620
제주특별자치도경찰청,제주특별자치도,제주시,아라이동,33.4784142011018,126.554334632108,21606,3331,2257,479,7409,3366,144,4620
제주특별자치도경찰청,제주특별자치도,제주시,아라일동,33.3926047439596,126.56389619775,21606,3331,2257,479,7409,3366,144,4620
제주특별자치도경찰청,제주특별자치도,제주시,애월읍,33.4621910539149,126.328972924341,21606,3331,2257,479,7409,3366,144,4620
제주특별자치도경찰청,제주특별자치도,제주시,연동,33.4881587278291,126.496886364512,21606,3331,2257,479,7409,3366,144,4620
제주특별자치도경찰청,제주특별자치도,제주시,영평동,33.4258862909978,126.577858475046,21606,3331,2257,479,7409,3366,144,4620
제주특별자치도경찰청,제주특별자치도,제주시,오등동,33.443036127736,126.54068535707,21606,3331,2257,479,7409,3366,144,4620
제주특별자치도경찰청,제주특별자치도,제주시,오라삼동,33.4987964221073,126.506479912317,21606,3331,2257,479,7409,3366,144,4620
제주특별자치도경찰청,제주특별자치도,제주시,오라이동,33.4063684541311,126.524086997422,21606,3331,2257,479,7409,3366,144,4620
제주특별자치도경찰청,제주특별자치도,제주시,오라일동,33.496363557308,126.517835860773,21606,3331,2257,479,7409,3366,144,4620
제주특별자치도경찰청,제주특별자치도,제주시,외도이동,33.4945540285904,126.433653396456,21606,3331,2257,479,7409,3366,144,4620
제주특별자치도경찰청,제주특별자치도,제주시,외도일동,33.4828888435507,126.43001950894,21606,3331,2257,479,7409,3366,144,4620
제주특별자치도경찰청,제주특별자치도,제주시,용강동,33.4317613595351,126.601917005703,21606,3331,2257,479,7409,3366,144,4620
제주특별자치도경찰청,제주특별자치도,제주시,용담삼동,33.5176026138478,126.492845368496,21606,3331,2257,479,7409,3366,144,4620
제주특별자치도경찰청,제주특별자치도,제주시,용담이동,33.5114717601179,126.511681792485,21606,3331,2257,479,7409,3366,144,4620
제주특별자치도경찰청,제주특별자치도,제주시,용담일동,33.5090977985233,126.513266470185,21606,3331,2257,479,7409,3366,144,4620
제주특별자치도경찰청,제주특별자치도,제주시,우도면,33.5064494277494,126.952985318412,21606,3331,2257,479,7409,3366,144,4620
제주특별자치도경찰청,제주특별자치도,제주시,월평동,33.4634348180709,126.577439905969,21606,3331,2257,479,7409,3366,144,4620
제주특별자치도경찰청,제주특별자치도,제주시,이도이동,33.4970469392194,126.535290947589,21606,3331,2257,479,7409,3366,144,4620
제주특별자치도경찰청,제주특별자치도,제주시,이도일동,33.5069402043293,126.526976882752,21606,3331,2257,479,7409,3366,144,4620
제주특별자치도경찰청,제주특별자치도,제주시,이호이동,33.4928508288346,126.460918855073,21606,3331,2257,479,7409,3366,144,4620
제주특별자치도경찰청,제주특별자치도,제주시,이호일동,33.4993272538259,126.457478118712,21606,3331,2257,479,7409,3366,144,4620
제주특별자치도경찰청,제주특별자치도,제주시,일도이동,33.5116314761204,126.53828689587,21606,3331,2257,479,7409,3366,144,4620
제주특별자치도경찰청,제주특별자치도,제주시,일도일동,33.5150737360447,126.526342790761,21606,3331,2257,479,7409,3366,144,4620
제주특별자치도경찰청,제주특별자치도,제주시,조천읍,33.5344013008299,126.634132237491,21606,3331,2257,479,7409,3366,144,4620
제주특별자치도경찰청,제주특별자치도,제주시,추자면,33.9637161687124,126.296120635115,21606,3331,2257,479,7409,3366,144,4620
제주특별자치도경찰청,제주특별자치도,제주시,한경면,33.3501250793777,126.184152847435,21606,3331,2257,479,7409,3366,144,4620
제주특별자치도경찰청,제주특별자치도,제주시,한림읍,33.4104346769905,126.266882005077,21606,3331,2257,479,7409,3366,144,4620
제주특별자치도경찰청,제주특별자치도,제주시,해안동,33.4143780027029,126.471449839395,21606,3331,2257,479,7409,3366,144,4620
제주특별자치도경찰청,제주특별자치도,제주시,화북이동,33.50461019356,126.566318536149,21606,3331,2257,479,7409,3366,144,4620
제주특별자치도경찰청,제주특별자치도,제주시,화북일동,33.52184493599,126.570430592603,21606,3331,2257,479,7409,3366,144,4620
제주특별자치도경찰청,제주특별자치도,제주시,회천동,33.4926109907324,126.612907320575,21606,3331,2257,479,7409,3366,144,4620
전라남도경찰청,전라남도,강진군,강진읍,34.6357994202307,126.77352165781,810,142,80,16,192,214,6,160
전라남도경찰청,전라남도,강진군,군동면,34.6448765115647,126.814988663319,810,142,80,16,192,214,6,160
전라남도경찰청,전라남도,강진군,대구면,34.4953515021288,126.800947563624,810,142,80,16,192,214,6,160
전라남도경찰청,전라남도,강진군,도암면,34.5463261510107,126.727724175488,810,142,80,16,192,214,6,160
전라남도경찰청,전라남도,강진군,마량면,34.4504615388275,126.818939858632,810,142,80,16,192,214,6,160
전라남도경찰청,전라남도,강진군,병영면,34.7168936366555,126.812723648912,810,142,80,16,192,214,6,160
전라남도경찰청,전라남도,강진군,성전면,34.6926907109667,126.709063655571,810,142,80,16,192,214,6,160
전라남도경찰청,전라남도,강진군,신전면,34.5135248216917,126.720020453352,810,142,80,16,192,214,6,160
전라남도경찰청,전라남도,강진군,옴천면,34.7450569277253,126.794387870694,810,142,80,16,192,214,6,160
전라남도경찰청,전라남도,강진군,작천면,34.704260892762,126.771414187778,810,142,80,16,192,214,6,160
전라남도경찰청,전라남도,강진군,칠량면,34.5726642192486,126.7991767444,810,142,80,16,192,214,6,160
전라남도경찰청,전라남도,고흥군,고흥읍,34.6062565543414,127.280722165089,1399,267,146,25,349,354,8,250
전라남도경찰청,전라남도,고흥군,과역면,34.6812713155103,127.359869695306,1399,267,146,25,349,354,8,250
전라남도경찰청,전라남도,고흥군,금산면,34.4591027356086,127.125082666522,1399,267,146,25,349,354,8,250
전라남도경찰청,전라남도,고흥군,남양면,34.7289672746006,127.339789959028,1399,267,146,25,349,354,8,250
전라남도경찰청,전라남도,고흥군,대서면,34.7713249204864,127.284146410243,1399,267,146,25,349,354,8,250
전라남도경찰청,전라남도,고흥군,도덕면,34.5667395748258,127.177794180132,1399,267,146,25,349,354,8,250
전라남도경찰청,전라남도,고흥군,도양읍,34.5295137741233,127.138467785377,1399,267,146,25,349,354,8,250
전라남도경찰청,전라남도,고흥군,도화면,34.5101306755782,127.317298319136,1399,267,146,25,349,354,8,250
전라남도경찰청,전라남도,고흥군,동강면,34.779361674813,127.333952729019,1399,267,146,25,349,354,8,250
전라남도경찰청,전라남도,고흥군,동일면,34.5024169975394,127.466984700484,1399,267,146,25,349,354,8,250
전라남도경찰청,전라남도,고흥군,두원면,34.6466063208429,127.273702715805,1399,267,146,25,349,354,8,250
전라남도경찰청,전라남도,고흥군,봉래면,34.4636810934942,127.459058904486,1399,267,146,25,349,354,8,250
전라남도경찰청,전라남도,고흥군,영남면,34.602024498,127.455946533079,1399,267,146,25,349,354,8,250
전라남도경찰청,전라남도,고흥군,점암면,34.6528602150526,127.379473564386,1399,267,146,25,349,354,8,250
전라남도경찰청,전라남도,고흥군,포두면,34.5714998484895,127.340534250435,1399,267,146,25,349,354,8,250
전라남도경찰청,전라남도,고흥군,풍양면,34.5755391244738,127.241964766342,1399,267,146,25,349,354,8,250
전라남도경찰청,전라남도,곡성군,겸면,35.2556403301121,127.172455111784,632,87,56,9,137,175,43,125
전라남도경찰청,전라남도,곡성군,고달면,35.2956544856174,127.3413414348,632,87,56,9,137,175,43,125
전라남도경찰청,전라남도,곡성군,곡성읍,35.282097931217,127.2963839101,632,87,56,9,137,175,43,125
전라남도경찰청,전라남도,곡성군,목사동면,35.1207657675041,127.299901313349,632,87,56,9,137,175,43,125
전라남도경찰청,전라남도,곡성군,삼기면,35.2358853591797,127.211756069969,632,87,56,9,137,175,43,125
전라남도경찰청,전라남도,곡성군,석곡면,35.1329306334763,127.25410906693,632,87,56,9,137,175,43,125
전라남도경찰청,전라남도,곡성군,오곡면,35.2723265167409,127.313898434851,632,87,56,9,137,175,43,125
전라남도경찰청,전라남도,곡성군,오산면,35.237945668389,127.121533929197,632,87,56,9,137,175,43,125
전라남도경찰청,전라남도,곡성군,옥과면,35.2737139821868,127.135708618461,632,87,56,9,137,175,43,125
전라남도경찰청,전라남도,곡성군,입면,35.2971393011146,127.204087642653,632,87,56,9,137,175,43,125
전라남도경찰청,전라남도,곡성군,죽곡면,35.1512075190764,127.319244671454,632,87,56,9,137,175,43,125
전라남도경찰청,전라남도,광양시,광양읍,34.9733957674255,127.581009833264,4519,649,400,99,1412,920,34,1005
전라남도경찰청,전라남도,광양시,광영동,34.9629261615966,127.72201339293,4519,649,400,99,1412,920,34,1005
전라남도경찰청,전라남도,광양시,금호동,34.9372376016509,127.723162964381,4519,649,400,99,1412,920,34,1005
전라남도경찰청,전라남도,광양시,다압면,35.1232837044339,127.691137259591,4519,649,400,99,1412,920,34,1005
전라남도경찰청,전라남도,광양시,도이동,34.9339957235591,127.665207811398,4519,649,400,99,1412,920,34,1005
전라남도경찰청,전라남도,광양시,마동,34.9509700665956,127.710461836413,4519,649,400,99,1412,920,34,1005
전라남도경찰청,전라남도,광양시,봉강면,35.0114830034621,127.581217697555,4519,649,400,99,1412,920,34,1005
전라남도경찰청,전라남도,광양시,성황동,34.9564433391792,127.678912432891,4519,649,400,99,1412,920,34,1005
전라남도경찰청,전라남도,광양시,옥곡면,34.9895400106799,127.698869701732,4519,649,400,99,1412,920,34,1005
전라남도경찰청,전라남도,광양시,옥룡면,35.0169335900626,127.619301169448,4519,649,400,99,1412,920,34,1005
전라남도경찰청,전라남도,광양시,중군동,34.9595660951613,127.65986558657,4519,649,400,99,1412,920,34,1005
전라남도경찰청,전라남도,광양시,중동,34.9413564618825,127.692602226428,4519,649,400,99,1412,920,34,1005
전라남도경찰청,전라남도,광양시,진상면,35.019963721054,127.719670093495,4519,649,400,99,1412,920,34,1005
전라남도경찰청,전라남도,광양시,진월면,34.9784366975963,127.758117411823,4519,649,400,99,1412,920,34,1005
전라남도경찰청,전라남도,광양시,태인동,34.9434809071354,127.749559400832,4519,649,400,99,1412,920,34,1005
전라남도경찰청,전라남도,광양시,황금동,34.9143952918356,127.630212485392,4519,649,400,99,1412,920,34,1005
전라남도경찰청,전라남도,광양시,황길동,34.9237576157676,127.652968660628,4519,649,400,99,1412,920,34,1005
전라남도경찰청,전라남도,구례군,간전면,35.1782338603362,127.543856265688,576,98,73,8,124,113,6,154
전라남도경찰청,전라남도,구례군,광의면,35.2602020359796,127.439949882706,576,98,73,8,124,113,6,154
전라남도경찰청,전라남도,구례군,구례읍,35.2087502190301,127.463086149775,576,98,73,8,124,113,6,154
전라남도경찰청,전라남도,구례군,마산면,35.2231587154663,127.487508752744,576,98,73,8,124,113,6,154
전라남도경찰청,전라남도,구례군,문척면,35.1919991064584,127.488908040643,576,98,73,8,124,113,6,154
전라남도경찰청,전라남도,구례군,산동면,35.315884609457,127.439424289109,576,98,73,8,124,113,6,154
전라남도경찰청,전라남도,구례군,용방면,35.2506614520562,127.430154325938,576,98,73,8,124,113,6,154
전라남도경찰청,전라남도,구례군,토지면,35.1978744257451,127.526238011482,576,98,73,8,124,113,6,154
전라남도경찰청,전라남도,나주시,경현동,35.0456333210519,126.697953492829,3369,467,352,51,937,757,36,769
전라남도경찰청,전라남도,나주시,공산면,34.9433297911224,126.608141361463,3369,467,352,51,937,757,36,769
전라남도경찰청,전라남도,나주시,과원동,35.0343711467011,126.716458419529,3369,467,352,51,937,757,36,769
전라남도경찰청,전라남도,나주시,관정동,34.9970642512001,126.74889236946,3369,467,352,51,937,757,36,769
전라남도경찰청,전라남도,나주시,교동,35.031734981884,126.711637014065,3369,467,352,51,937,757,36,769
전라남도경찰청,전라남도,나주시,금계동,35.0303214214792,126.714600724878,3369,467,352,51,937,757,36,769
전라남도경찰청,전라남도,나주시,금성동,35.0293250732517,126.717155254023,3369,467,352,51,937,757,36,769
전라남도경찰청,전라남도,나주시,금천면,35.0308501080124,126.753479275255,3369,467,352,51,937,757,36,769
전라남도경찰청,전라남도,나주시,남내동,35.0304053828114,126.719685098673,3369,467,352,51,937,757,36,769
전라남도경찰청,전라남도,나주시,남외동,35.0275528579195,126.72100102483,3369,467,352,51,937,757,36,769
전라남도경찰청,전라남도,나주시,남평읍,35.0463802449393,126.843159552018,3369,467,352,51,937,757,36,769
전라남도경찰청,전라남도,나주시,노안면,35.0759205308752,126.732217548952,3369,467,352,51,937,757,36,769
전라남도경찰청,전라남도,나주시,다도면,34.9472863103816,126.827553747704,3369,467,352,51,937,757,36,769
전라남도경찰청,전라남도,나주시,다시면,35.0193634046996,126.637296641653,3369,467,352,51,937,757,36,769
전라남도경찰청,전라남도,나주시,대기동,34.9795449174,126.720791599531,3369,467,352,51,937,757,36,769
전라남도경찰청,전라남도,나주시,대호동,35.0481438362419,126.714793033402,3369,467,352,51,937,757,36,769
전라남도경찰청,전라남도,나주시,동강면,34.9394730979338,126.564055405529,3369,467,352,51,937,757,36,769
전라남도경찰청,전라남도,나주시,동수동,34.9760568258623,126.680665535189,3369,467,352,51,937,757,36,769
전라남도경찰청,전라남도,나주시,문평면,35.055302656517,126.60379255118,3369,467,352,51,937,757,36,769
전라남도경찰청,전라남도,나주시,반남면,34.903797917597,126.651753679145,3369,467,352,51,937,757,36,769
전라남도경찰청,전라남도,나주시,보산동,35.0265147991377,126.691352722757,3369,467,352,51,937,757,36,769
전라남도경찰청,전라남도,나주시,봉황면,34.958293304832,126.784208689947,3369,467,352,51,937,757,36,769
전라남도경찰청,전라남도,나주시,부덕동,34.9768694289909,126.733547874912,3369,467,352,51,937,757,36,769
전라남도경찰청,전라남도,나주시,빛가람동,35.0218010353365,126.790327011452,3369,467,352,51,937,757,36,769
전라남도경찰청,전라남도,나주시,산정동,35.0357580876348,126.71441963011,3369,467,352,51,937,757,36,769
전라남도경찰청,전라남도,나주시,산포면,35.0401462197078,126.805706965034,3369,467,352,51,937,757,36,769
전라남도경찰청,전라남도,나주시,삼도동,35.0261397322922,126.730679340788,3369,467,352,51,937,757,36,769
전라남도경찰청,전라남도,나주시,삼영동,35.005477447476,126.70176012832,3369,467,352,51,937,757,36,769
전라남도경찰청,전라남도,나주시,서내동,35.033132398187,126.714043018267,3369,467,352,51,937,757,36,769
전라남도경찰청,전라남도,나주시,석현동,35.0532951604026,126.736715444609,3369,467,352,51,937,757,36,769
전라남도경찰청,전라남도,나주시,성북동,35.0350341896842,126.71940189492,3369,467,352,51,937,757,36,769
전라남도경찰청,전라남도,나주시,세지면,34.9196905020625,126.749513481804,3369,467,352,51,937,757,36,769
전라남도경찰청,전라남도,나주시,송월동,35.0172319391348,126.717039125985,3369,467,352,51,937,757,36,769
전라남도경찰청,전라남도,나주시,송촌동,35.0595356960857,126.726680322345,3369,467,352,51,937,757,36,769
전라남도경찰청,전라남도,나주시,안창동,35.0116642393313,126.68593061084,3369,467,352,51,937,757,36,769
전라남도경찰청,전라남도,나주시,영산동,34.9997307859129,126.713966473917,3369,467,352,51,937,757,36,769
전라남도경찰청,전라남도,나주시,오량동,34.9810207187886,126.662983312311,3369,467,352,51,937,757,36,769
전라남도경찰청,전라남도,나주시,왕곡면,34.9681568794255,126.669794352802,3369,467,352,51,937,757,36,769
전라남도경찰청,전라남도,나주시,용산동,34.9927310537351,126.721106096246,3369,467,352,51,937,757,36,769
전라남도경찰청,전라남도,나주시,운곡동,34.9890506102829,126.697350972365,3369,467,352,51,937,757,36,769
전라남도경찰청,전라남도,나주시,이창동,34.9975810457415,126.710565084461,3369,467,352,51,937,757,36,769
전라남도경찰청,전라남도,나주시,죽림동,35.0312024679244,126.724526007329,3369,467,352,51,937,757,36,769
전라남도경찰청,전라남도,나주시,중앙동,35.0334903657375,126.720674002636,3369,467,352,51,937,757,36,769
전라남도경찰청,전라남도,나주시,진포동,34.9933428668281,126.672974860732,3369,467,352,51,937,757,36,769
전라남도경찰청,전라남도,나주시,청동,35.0436442983609,126.725790692306,3369,467,352,51,937,757,36,769
전라남도경찰청,전라남도,나주시,토계동,35.0108361367341,126.731487649896,3369,467,352,51,937,757,36,769
전라남도경찰청,전라남도,나주시,평산동,34.9842342224099,126.751638928445,3369,467,352,51,937,757,36,769
전라남도경찰청,전라남도,담양군,가사문학면,35.1574258254688,127.041245491108,999,140,110,18,217,309,8,197
전라남도경찰청,전라남도,담양군,고서면,35.2235460605657,126.973119272894,999,140,110,18,217,309,8,197
전라남도경찰청,전라남도,담양군,금성면,35.3434319472136,127.025503516025,999,140,110,18,217,309,8,197
전라남도경찰청,전라남도,담양군,담양읍,35.3204168100548,126.981845552341,999,140,110,18,217,309,8,197
전라남도경찰청,전라남도,담양군,대덕면,35.2494553229022,127.037081533597,999,140,110,18,217,309,8,197
전라남도경찰청,전라남도,담양군,대전면,35.2749568263297,126.887955574758,999,140,110,18,217,309,8,197
전라남도경찰청,전라남도,담양군,무정면,35.2948993611784,127.030105724769,999,140,110,18,217,309,8,197
전라남도경찰청,전라남도,담양군,봉산면,35.2761980165602,126.956904986794,999,140,110,18,217,309,8,197
전라남도경찰청,전라남도,담양군,수북면,35.3017827221435,126.928665473036,999,140,110,18,217,309,8,197
전라남도경찰청,전라남도,담양군,용면,35.3649505556594,126.987491335017,999,140,110,18,217,309,8,197
전라남도경찰청,전라남도,담양군,월산면,35.3402210254101,126.954737011095,999,140,110,18,217,309,8,197
전라남도경찰청,전라남도,담양군,창평면,35.2389425945341,127.019001998481,999,140,110,18,217,309,8,197
전라남도경찰청,전라남도,목포시,경동1가,34.7854757574281,126.38181773576,8796,1227,963,222,2964,1514,80,1826
전라남도경찰청,전라남도,목포시,경동2가,34.7853974280338,126.380594647516,8796,1227,963,222,2964,1514,80,1826
전라남도경찰청,전라남도,목포시,광동1가,34.7880597075831,126.390145922015,8796,1227,963,222,2964,1514,80,1826
전라남도경찰청,전라남도,목포시,광동2가,34.7886951877244,126.388886928895,8796,1227,963,222,2964,1514,80,1826
전라남도경찰청,전라남도,목포시,광동3가,34.7892952132521,126.388467308257,8796,1227,963,222,2964,1514,80,1826
전라남도경찰청,전라남도,목포시,금동1가,34.7841927807828,126.38264890476,8796,1227,963,222,2964,1514,80,1826
전라남도경찰청,전라남도,목포시,금동2가,34.7841927803677,126.381228591003,8796,1227,963,222,2964,1514,80,1826
전라남도경찰청,전라남도,목포시,금화동,34.780854928076,126.377167547424,8796,1227,963,222,2964,1514,80,1826
전라남도경찰청,전라남도,목포시,남교동,34.7939154458911,126.381623632074,8796,1227,963,222,2964,1514,80,1826
전라남도경찰청,전라남도,목포시,달동,34.7718846174709,126.312902273487,8796,1227,963,222,2964,1514,80,1826
전라남도경찰청,전라남도,목포시,대성동,34.7992006983059,126.383651645835,8796,1227,963,222,2964,1514,80,1826
전라남도경찰청,전라남도,목포시,대안동,34.7921364320118,126.384893021905,8796,1227,963,222,2964,1514,80,1826
전라남도경찰청,전라남도,목포시,대양동,34.8328859899964,126.402859556142,8796,1227,963,222,2964,1514,80,1826
전라남도경찰청,전라남도,목포시,대의동1가,34.7869860815178,126.384581635054,8796,1227,963,222,2964,1514,80,1826
전라남도경찰청,전라남도,목포시,대의동2가,34.7874735197143,126.38258075528,8796,1227,963,222,2964,1514,80,1826
전라남도경찰청,전라남도,목포시,대의동3가,34.7868157704768,126.38085937491,8796,1227,963,222,2964,1514,80,1826
전라남도경찰청,전라남도,목포시,동명동,34.7909896800669,126.3920342857,8796,1227,963,222,2964,1514,80,1826
전라남도경찰청,전라남도,목포시,만호동,34.7851625178856,126.384752509077,8796,1227,963,222,2964,1514,80,1826
전라남도경찰청,전라남도,목포시,명륜동,34.7917151826458,126.38572656286,8796,1227,963,222,2964,1514,80,1826
전라남도경찰청,전라남도,목포시,무안동,34.7888170541041,126.384450031799,8796,1227,963,222,2964,1514,80,1826
전라남도경찰청,전라남도,목포시,보광동1가,34.7867287228268,126.388604251542,8796,1227,963,222,2964,1514,80,1826
전라남도경찰청,전라남도,목포시,보광동2가,34.7873260006589,126.387638363937,8796,1227,963,222,2964,1514,80,1826
전라남도경찰청,전라남도,목포시,보광동3가,34.78803713093,126.387086807567,8796,1227,963,222,2964,1514,80,1826
전라남도경찰청,전라남도,목포시,복만동,34.7878300823455,126.385353294792,8796,1227,963,222,2964,1514,80,1826
전라남도경찰청,전라남도,목포시,북교동,34.7935164590889,126.378326741696,8796,1227,963,222,2964,1514,80,1826
전라남도경찰청,전라남도,목포시,산정동,34.8091167013334,126.386637884066,8796,1227,963,222,2964,1514,80,1826
전라남도경찰청,전라남도,목포시,상동,34.8137773721861,126.414171685408,8796,1227,963,222,2964,1514,80,1826
전라남도경찰청,전라남도,목포시,상락동1가,34.7888102779851,126.386679006971,8796,1227,963,222,2964,1514,80,1826
전라남도경찰청,전라남도,목포시,상락동2가,34.7896349480186,126.385763840755,8796,1227,963,222,2964,1514,80,1826
전라남도경찰청,전라남도,목포시,서산동,34.7834012389908,126.378022438979,8796,1227,963,222,2964,1514,80,1826
전라남도경찰청,전라남도,목포시,석현동,34.8244020215185,126.423020388534,8796,1227,963,222,2964,1514,80,1826
전라남도경찰청,전라남도,목포시,수강동1가,34.785711510258,126.385653079824,8796,1227,963,222,2964,1514,80,1826
전라남도경찰청,전라남도,목포시,수강동2가,34.7862487309211,126.38493673654,8796,1227,963,222,2964,1514,80,1826
전라남도경찰청,전라남도,목포시,양동,34.7969655259384,126.380158472062,8796,1227,963,222,2964,1514,80,1826
전라남도경찰청,전라남도,목포시,연산동,34.8130093010454,126.37713115616,8796,1227,963,222,2964,1514,80,1826
전라남도경찰청,전라남도,목포시,영해동1가,34.7857283861345,126.386854781262,8796,1227,963,222,2964,1514,80,1826
전라남도경찰청,전라남도,목포시,영해동2가,34.7867309048666,126.385457596726,8796,1227,963,222,2964,1514,80,1826
전라남도경찰청,전라남도,목포시,옥암동,34.8102423965303,126.429794509856,8796,1227,963,222,2964,1514,80,1826
전라남도경찰청,전라남도,목포시,온금동,34.7821011476526,126.370603055385,8796,1227,963,222,2964,1514,80,1826
전라남도경찰청,전라남도,목포시,용당동,34.8059480149959,126.391788949861,8796,1227,963,222,2964,1514,80,1826
전라남도경찰청,전라남도,목포시,용해동,34.8165246861855,126.399353322916,8796,1227,963,222,2964,1514,80,1826
전라남도경찰청,전라남도,목포시,유달동,34.7862298162979,126.379080670048,8796,1227,963,222,2964,1514,80,1826
전라남도경찰청,전라남도,목포시,유동,34.7835479059506,126.382041886732,8796,1227,963,222,2964,1514,80,1826
전라남도경찰청,전라남도,목포시,율도동,34.8054280057299,126.32463633694,8796,1227,963,222,2964,1514,80,1826
전라남도경찰청,전라남도,목포시,죽교동,34.7998639688934,126.375136328549,8796,1227,963,222,2964,1514,80,1826
전라남도경찰청,전라남도,목포시,죽동,34.7910522307239,126.382969285845,8796,1227,963,222,2964,1514,80,1826
전라남도경찰청,전라남도,목포시,중동1가,34.7849145360199,126.382774634116,8796,1227,963,222,2964,1514,80,1826
전라남도경찰청,전라남도,목포시,중동2가,34.7848231788822,126.381114627482,8796,1227,963,222,2964,1514,80,1826
전라남도경찰청,전라남도,목포시,중앙동1가,34.7862964686491,126.3836821038,8796,1227,963,222,2964,1514,80,1826
전라남도경찰청,전라남도,목포시,중앙동2가,34.78621198882,126.382664451615,8796,1227,963,222,2964,1514,80,1826
전라남도경찰청,전라남도,목포시,중앙동3가,34.7861205854785,126.380995678888,8796,1227,963,222,2964,1514,80,1826
전라남도경찰청,전라남도,목포시,창평동,34.7931672174317,126.384098646609,8796,1227,963,222,2964,1514,80,1826
전라남도경찰청,전라남도,목포시,축복동1가,34.7874071765044,126.38944272578,8796,1227,963,222,2964,1514,80,1826
전라남도경찰청,전라남도,목포시,축복동2가,34.7880076272058,126.388389404775,8796,1227,963,222,2964,1514,80,1826
전라남도경찰청,전라남도,목포시,축복동3가,34.7885520306844,126.387664265075,8796,1227,963,222,2964,1514,80,1826
전라남도경찰청,전라남도,목포시,측후동,34.7892593698675,126.38279470987,8796,1227,963,222,2964,1514,80,1826
전라남도경찰청,전라남도,목포시,항동,34.7833342244523,126.383988197616,8796,1227,963,222,2964,1514,80,1826
전라남도경찰청,전라남도,목포시,해안동1가,34.7806770206363,126.382587697141,8796,1227,963,222,2964,1514,80,1826
전라남도경찰청,전라남도,목포시,해안동2가,34.7824758662219,126.38180952582,8796,1227,963,222,2964,1514,80,1826
전라남도경찰청,전라남도,목포시,해안동3가,34.7815533673678,126.381204599873,8796,1227,963,222,2964,1514,80,1826
전라남도경찰청,전라남도,목포시,해안동4가,34.7818066671815,126.379965978579,8796,1227,963,222,2964,1514,80,1826
전라남도경찰청,전라남도,목포시,행복동1가,34.78667470964,126.387184293263,8796,1227,963,222,2964,1514,80,1826
전라남도경찰청,전라남도,목포시,행복동2가,34.787210352843,126.386153297415,8796,1227,963,222,2964,1514,80,1826
전라남도경찰청,전라남도,목포시,호남동,34.795365717187,126.38749151207,8796,1227,963,222,2964,1514,80,1826
전라남도경찰청,전라남도,무안군,망운면,35.0129150718691,126.394586056123,2286,316,236,48,563,479,109,535
전라남도경찰청,전라남도,무안군,몽탄면,34.9307039683457,126.50201751663,2286,316,236,48,563,479,109,535
전라남도경찰청,전라남도,무안군,무안읍,34.9905663839522,126.476340860131,2286,316,236,48,563,479,109,535
전라남도경찰청,전라남도,무안군,삼향읍,34.8231113964856,126.441602770842,2286,316,236,48,563,479,109,535
전라남도경찰청,전라남도,무안군,운남면,34.9622367004003,126.343266328668,2286,316,236,48,563,479,109,535
전라남도경찰청,전라남도,무안군,일로읍,34.851488326684,126.490296798249,2286,316,236,48,563,479,109,535
전라남도경찰청,전라남도,무안군,청계면,34.9110276014925,126.428844670734,2286,316,236,48,563,479,109,535
전라남도경찰청,전라남도,무안군,해제면,35.110495476303,126.294474354638,2286,316,236,48,563,479,109,535
전라남도경찰청,전라남도,무안군,현경면,35.0214119096342,126.411936248244,2286,316,236,48,563,479,109,535
전라남도경찰청,전라남도,보성군,겸백면,34.8294577296544,127.151819240287,946,145,115,16,209,263,14,184
전라남도경찰청,전라남도,보성군,노동면,34.7992243343667,127.068145113055,946,145,115,16,209,263,14,184
전라남도경찰청,전라남도,보성군,득량면,34.7621865432227,127.168683118946,946,145,115,16,209,263,14,184
전라남도경찰청,전라남도,보성군,문덕면,34.9292980885816,127.17248740759,946,145,115,16,209,263,14,184
전라남도경찰청,전라남도,보성군,미력면,34.800985905857,127.087545816749,946,145,115,16,209,263,14,184
전라남도경찰청,전라남도,보성군,벌교읍,34.8474509276119,127.3415052337,946,145,115,16,209,263,14,184
전라남도경찰청,전라남도,보성군,보성읍,34.7685076173872,127.080131495248,946,145,115,16,209,263,14,184
전라남도경찰청,전라남도,보성군,복내면,34.8930341943614,127.131250579319,946,145,115,16,209,263,14,184
전라남도경찰청,전라남도,보성군,웅치면,34.7159649982758,127.020213423157,946,145,115,16,209,263,14,184
전라남도경찰청,전라남도,보성군,율어면,34.8705957322254,127.186976706956,946,145,115,16,209,263,14,184
전라남도경찰청,전라남도,보성군,조성면,34.8084923750236,127.247618461358,946,145,115,16,209,263,14,184
전라남도경찰청,전라남도,보성군,회천면,34.6687596084662,127.085342210474,946,145,115,16,209,263,14,184
전라남도경찰청,전라남도,순천시,가곡동,34.9828246832591,127.481134040567,7941,1294,765,190,2457,1505,113,1617
전라남도경찰청,전라남도,순천시,교량동,34.8974631125105,127.516463845746,7941,1294,765,190,2457,1505,113,1617
전라남도경찰청,전라남도,순천시,금곡동,34.9583470678251,127.470970736769,7941,1294,765,190,2457,1505,113,1617
전라남도경찰청,전라남도,순천시,낙안면,34.9080617927639,127.346250990193,7941,1294,765,190,2457,1505,113,1617
전라남도경찰청,전라남도,순천시,남내동,34.9538988772484,127.485366066666,7941,1294,765,190,2457,1505,113,1617
전라남도경찰청,전라남도,순천시,남정동,34.9391104279906,127.485016215713,7941,1294,765,190,2457,1505,113,1617
전라남도경찰청,전라남도,순천시,대대동,34.8963219419096,127.504881771544,7941,1294,765,190,2457,1505,113,1617
전라남도경찰청,전라남도,순천시,대룡동,34.9069156992031,127.49330453384,7941,1294,765,190,2457,1505,113,1617
전라남도경찰청,전라남도,순천시,덕암동,34.9453879139405,127.507888436211,7941,1294,765,190,2457,1505,113,1617
전라남도경찰청,전라남도,순천시,덕월동,34.9263226565833,127.479302404609,7941,1294,765,190,2457,1505,113,1617
전라남도경찰청,전라남도,순천시,동외동,34.9588067675236,127.486971614794,7941,1294,765,190,2457,1505,113,1617
전라남도경찰청,전라남도,순천시,매곡동,34.9640912213663,127.482763269533,7941,1294,765,190,2457,1505,113,1617
전라남도경찰청,전라남도,순천시,별량면,34.8743633055356,127.451941247841,7941,1294,765,190,2457,1505,113,1617
전라남도경찰청,전라남도,순천시,삼거동,34.9845884541881,127.425932379557,7941,1294,765,190,2457,1505,113,1617
전라남도경찰청,전라남도,순천시,상사면,34.9391140861342,127.45518594731,7941,1294,765,190,2457,1505,113,1617
전라남도경찰청,전라남도,순천시,생목동,34.9547727344734,127.507968217661,7941,1294,765,190,2457,1505,113,1617
전라남도경찰청,전라남도,순천시,서면,34.9946941350288,127.488318875516,7941,1294,765,190,2457,1505,113,1617
전라남도경찰청,전라남도,순천시,석현동,34.9875114059741,127.455059386473,7941,1294,765,190,2457,1505,113,1617
전라남도경찰청,전라남도,순천시,송광면,34.9740808402069,127.263841176795,7941,1294,765,190,2457,1505,113,1617
전라남도경찰청,전라남도,순천시,승주읍,35.0144261926026,127.389865992475,7941,1294,765,190,2457,1505,113,1617
전라남도경찰청,전라남도,순천시,안풍동,34.8893204723585,127.495115940207,7941,1294,765,190,2457,1505,113,1617
전라남도경찰청,전라남도,순천시,야흥동,34.9137540047821,127.478323279714,7941,1294,765,190,2457,1505,113,1617
전라남도경찰청,전라남도,순천시,연향동,34.9414395581836,127.520737029013,7941,1294,765,190,2457,1505,113,1617
전라남도경찰청,전라남도,순천시,영동,34.9538876397912,127.481849487268,7941,1294,765,190,2457,1505,113,1617
전라남도경찰청,전라남도,순천시,오천동,34.9292208047809,127.498297485993,7941,1294,765,190,2457,1505,113,1617
전라남도경찰청,전라남도,순천시,옥천동,34.9537796970838,127.469827909433,7941,1294,765,190,2457,1505,113,1617
전라남도경찰청,전라남도,순천시,와룡동,34.9663739959708,127.447816396185,7941,1294,765,190,2457,1505,113,1617
전라남도경찰청,전라남도,순천시,왕지동,34.9761986951295,127.540887751706,7941,1294,765,190,2457,1505,113,1617
전라남도경찰청,전라남도,순천시,외서면,34.9137405239509,127.277409641823,7941,1294,765,190,2457,1505,113,1617
전라남도경찰청,전라남도,순천시,용당동,34.9726278650682,127.497355666525,7941,1294,765,190,2457,1505,113,1617
전라남도경찰청,전라남도,순천시,월등면,35.0934048709206,127.380538185448,7941,1294,765,190,2457,1505,113,1617
전라남도경찰청,전라남도,순천시,인월동,34.8933403736012,127.481727609759,7941,1294,765,190,2457,1505,113,1617
전라남도경찰청,전라남도,순천시,인제동,34.9401620560117,127.471580440749,7941,1294,765,190,2457,1505,113,1617
전라남도경찰청,전라남도,순천시,장천동,34.9484741642825,127.486770382013,7941,1294,765,190,2457,1505,113,1617
전라남도경찰청,전라남도,순천시,저전동,34.9481351636834,127.484084104584,7941,1294,765,190,2457,1505,113,1617
전라남도경찰청,전라남도,순천시,조곡동,34.9479600743804,127.497084037066,7941,1294,765,190,2457,1505,113,1617
전라남도경찰청,전라남도,순천시,조례동,34.9600665563215,127.53052047668,7941,1294,765,190,2457,1505,113,1617
전라남도경찰청,전라남도,순천시,주암면,35.0767887517298,127.23507587562,7941,1294,765,190,2457,1505,113,1617
전라남도경찰청,전라남도,순천시,중앙동,34.9560568489833,127.484897061641,7941,1294,765,190,2457,1505,113,1617
전라남도경찰청,전라남도,순천시,풍덕동,34.9418550411388,127.4973011506,7941,1294,765,190,2457,1505,113,1617
전라남도경찰청,전라남도,순천시,해룡면,34.9137220958045,127.537706930417,7941,1294,765,190,2457,1505,113,1617
전라남도경찰청,전라남도,순천시,행동,34.9559287034426,127.48267160833,7941,1294,765,190,2457,1505,113,1617
전라남도경찰청,전라남도,순천시,홍내동,34.9168007298526,127.508504558089,7941,1294,765,190,2457,1505,113,1617
전라남도경찰청,전라남도,순천시,황전면,35.1013731540048,127.427017148005,7941,1294,765,190,2457,1505,113,1617
전라남도경찰청,전라남도,신안군,도초면,34.7036151703255,125.953418695213,696,122,87,16,191,113,8,159
전라남도경찰청,전라남도,신안군,비금면,34.7554778216097,125.926658497101,696,122,87,16,191,113,8,159
전라남도경찰청,전라남도,신안군,신의면,34.5848391991992,126.088366082745,696,122,87,16,191,113,8,159
전라남도경찰청,전라남도,신안군,안좌면,34.7560851256965,126.124660918542,696,122,87,16,191,113,8,159
전라남도경찰청,전라남도,신안군,암태면,34.827278552514,126.112089705104,696,122,87,16,191,113,8,159
전라남도경찰청,전라남도,신안군,압해읍,34.8655724043446,126.312469503971,696,122,87,16,191,113,8,159
전라남도경찰청,전라남도,신안군,임자면,35.0841790513102,126.111187461859,696,122,87,16,191,113,8,159
전라남도경찰청,전라남도,신안군,자은면,34.8844221294244,126.047384789411,696,122,87,16,191,113,8,159
전라남도경찰청,전라남도,신안군,장산면,34.6432049602033,126.148997379315,696,122,87,16,191,113,8,159
전라남도경찰청,전라남도,신안군,증도면,35.0028344262012,126.139637801405,696,122,87,16,191,113,8,159
전라남도경찰청,전라남도,신안군,지도읍,35.0612854130216,126.207463639848,696,122,87,16,191,113,8,159
전라남도경찰청,전라남도,신안군,팔금면,34.7850955685746,126.142446984532,696,122,87,16,191,113,8,159
전라남도경찰청,전라남도,신안군,하의면,34.6068607318679,126.036555049527,696,122,87,16,191,113,8,159
전라남도경찰청,전라남도,신안군,흑산면,34.6830172147542,125.427369709808,696,122,87,16,191,113,8,159
전라남도경찰청,전라남도,여수시,경호동,34.7063741808663,127.728133703173,8295,1320,713,160,2473,1664,88,1877
전라남도경찰청,전라남도,여수시,고소동,34.7395156054082,127.742073727083,8295,1320,713,160,2473,1664,88,1877
전라남도경찰청,전라남도,여수시,공화동,34.7470670015409,127.743041107164,8295,1320,713,160,2473,1664,88,1877
전라남도경찰청,전라남도,여수시,관문동,34.7428270777816,127.741819419456,8295,1320,713,160,2473,1664,88,1877
전라남도경찰청,전라남도,여수시,광무동,34.7481530661721,127.722537482847,8295,1320,713,160,2473,1664,88,1877
전라남도경찰청,전라남도,여수시,교동,34.7389877981187,127.732175994487,8295,1320,713,160,2473,1664,88,1877
전라남도경찰청,전라남도,여수시,국동,34.7300359620593,127.719327029178,8295,1320,713,160,2473,1664,88,1877
전라남도경찰청,전라남도,여수시,군자동,34.7429988686234,127.734893327645,8295,1320,713,160,2473,1664,88,1877
전라남도경찰청,전라남도,여수시,낙포동,34.8495030151497,127.756683600341,8295,1320,713,160,2473,1664,88,1877
전라남도경찰청,전라남도,여수시,남면,34.5094573009876,127.76658108729,8295,1320,713,160,2473,1664,88,1877
전라남도경찰청,전라남도,여수시,남산동,34.7350481875316,127.730158366432,8295,1320,713,160,2473,1664,88,1877
전라남도경찰청,전라남도,여수시,덕충동,34.7576132560783,127.741274487447,8295,1320,713,160,2473,1664,88,1877
전라남도경찰청,전라남도,여수시,돌산읍,34.6173483624987,127.721929765524,8295,1320,713,160,2473,1664,88,1877
전라남도경찰청,전라남도,여수시,동산동,34.7461361788166,127.737799725973,8295,1320,713,160,2473,1664,88,1877
전라남도경찰청,전라남도,여수시,둔덕동,34.7693326597122,127.694583187836,8295,1320,713,160,2473,1664,88,1877
전라남도경찰청,전라남도,여수시,만흥동,34.7742941311102,127.732684362956,8295,1320,713,160,2473,1664,88,1877
전라남도경찰청,전라남도,여수시,묘도동,34.8746901867641,127.70959492883,8295,1320,713,160,2473,1664,88,1877
전라남도경찰청,전라남도,여수시,문수동,34.7545750972767,127.702738106735,8295,1320,713,160,2473,1664,88,1877
전라남도경찰청,전라남도,여수시,미평동,34.7689445828505,127.704393534701,8295,1320,713,160,2473,1664,88,1877
전라남도경찰청,전라남도,여수시,봉강동,34.7422921543346,127.71919301137,8295,1320,713,160,2473,1664,88,1877
전라남도경찰청,전라남도,여수시,봉계동,34.7851698222849,127.685416087073,8295,1320,713,160,2473,1664,88,1877
전라남도경찰청,전라남도,여수시,봉산동,34.7341663483168,127.72325428597,8295,1320,713,160,2473,1664,88,1877
전라남도경찰청,전라남도,여수시,삼산면,34.0256926025785,127.311945580817,8295,1320,713,160,2473,1664,88,1877
전라남도경찰청,전라남도,여수시,상암동,34.8295263355934,127.733479334331,8295,1320,713,160,2473,1664,88,1877
전라남도경찰청,전라남도,여수시,서교동,34.7409852283392,127.726768704049,8295,1320,713,160,2473,1664,88,1877
전라남도경찰청,전라남도,여수시,선원동,34.7742625070508,127.656049181134,8295,1320,713,160,2473,1664,88,1877
전라남도경찰청,전라남도,여수시,소라면,34.7927178488225,127.632515201229,8295,1320,713,160,2473,1664,88,1877
전라남도경찰청,전라남도,여수시,소호동,34.7390566391592,127.640627580869,8295,1320,713,160,2473,1664,88,1877
전라남도경찰청,전라남도,여수시,수정동,34.7449289195929,127.748923245113,8295,1320,713,160,2473,1664,88,1877
전라남도경찰청,전라남도,여수시,시전동,34.7574297498516,127.683911084027,8295,1320,713,160,2473,1664,88,1877
전라남도경찰청,전라남도,여수시,신기동,34.7584835251092,127.673390911413,8295,1320,713,160,2473,1664,88,1877
전라남도경찰청,전라남도,여수시,신덕동,34.8126864540818,127.757352340863,8295,1320,713,160,2473,1664,88,1877
전라남도경찰청,전라남도,여수시,신월동,34.7327303373413,127.69934305659,8295,1320,713,160,2473,1664,88,1877
전라남도경찰청,전라남도,여수시,안산동,34.7552673543936,127.650167224753,8295,1320,713,160,2473,1664,88,1877
전라남도경찰청,전라남도,여수시,여서동,34.7507069783164,127.708842947025,8295,1320,713,160,2473,1664,88,1877
전라남도경찰청,전라남도,여수시,여천동,34.7772090065689,127.667849154475,8295,1320,713,160,2473,1664,88,1877
전라남도경찰청,전라남도,여수시,연등동,34.7486685406384,127.731016453732,8295,1320,713,160,2473,1664,88,1877
전라남도경찰청,전라남도,여수시,오림동,34.7605472808045,127.716122657473,8295,1320,713,160,2473,1664,88,1877
전라남도경찰청,전라남도,여수시,오천동,34.7971792546936,127.747988031527,8295,1320,713,160,2473,1664,88,1877
전라남도경찰청,전라남도,여수시,웅천동,34.7466177088277,127.685634754807,8295,1320,713,160,2473,1664,88,1877
전라남도경찰청,전라남도,여수시,월내동,34.8457053887081,127.727902436605,8295,1320,713,160,2473,1664,88,1877
전라남도경찰청,전라남도,여수시,월하동,34.8090991542406,127.664762136588,8295,1320,713,160,2473,1664,88,1877
전라남도경찰청,전라남도,여수시,율촌면,34.8819390865658,127.578584668422,8295,1320,713,160,2473,1664,88,1877
전라남도경찰청,전라남도,여수시,적량동,34.8395574173076,127.709691243886,8295,1320,713,160,2473,1664,88,1877
전라남도경찰청,전라남도,여수시,종화동,34.73929604929,127.748492414916,8295,1320,713,160,2473,1664,88,1877
전라남도경찰청,전라남도,여수시,주삼동,34.7875796620478,127.66304668057,8295,1320,713,160,2473,1664,88,1877
전라남도경찰청,전라남도,여수시,중앙동,34.7389154418515,127.738189779903,8295,1320,713,160,2473,1664,88,1877
전라남도경찰청,전라남도,여수시,중흥동,34.827745755638,127.689616446983,8295,1320,713,160,2473,1664,88,1877
전라남도경찰청,전라남도,여수시,충무동,34.7427334122656,127.731073366721,8295,1320,713,160,2473,1664,88,1877
전라남도경찰청,전라남도,여수시,평여동,34.8031550707358,127.685293924015,8295,1320,713,160,2473,1664,88,1877
전라남도경찰청,전라남도,여수시,학동,34.7612659650466,127.662412431808,8295,1320,713,160,2473,1664,88,1877
전라남도경찰청,전라남도,여수시,학용동,34.7666111797319,127.683624161993,8295,1320,713,160,2473,1664,88,1877
전라남도경찰청,전라남도,여수시,해산동,34.8020075194045,127.639090398002,8295,1320,713,160,2473,1664,88,1877
전라남도경찰청,전라남도,여수시,호명동,34.8062727928959,127.711862486723,8295,1320,713,160,2473,1664,88,1877
전라남도경찰청,전라남도,여수시,화양면,34.7081266460015,127.61349767072,8295,1320,713,160,2473,1664,88,1877
전라남도경찰청,전라남도,여수시,화장동,34.7727985593384,127.643225968706,8295,1320,713,160,2473,1664,88,1877
전라남도경찰청,전라남도,여수시,화정면,34.6209673131008,127.639422160493,8295,1320,713,160,2473,1664,88,1877
전라남도경찰청,전라남도,여수시,화치동,34.822167280318,127.650460748904,8295,1320,713,160,2473,1664,88,1877
전라남도경찰청,전라남도,영광군,군남면,35.2396968475483,126.452701507337,1162,197,135,26,261,229,2,312
전라남도경찰청,전라남도,영광군,군서면,35.2578263282454,126.475097781147,1162,197,135,26,261,229,2,312
전라남도경찰청,전라남도,영광군,낙월면,35.2021589224429,126.137611041342,1162,197,135,26,261,229,2,312
전라남도경찰청,전라남도,영광군,대마면,35.3014371547978,126.577506495132,1162,197,135,26,261,229,2,312
전라남도경찰청,전라남도,영광군,묘량면,35.2570750473716,126.54319718297,1162,197,135,26,261,229,2,312
전라남도경찰청,전라남도,영광군,백수읍,35.2832376473926,126.420808425815,1162,197,135,26,261,229,2,312
전라남도경찰청,전라남도,영광군,법성면,35.3620554974629,126.44601907277,1162,197,135,26,261,229,2,312
전라남도경찰청,전라남도,영광군,불갑면,35.2090600528847,126.507615978208,1162,197,135,26,261,229,2,312
전라남도경찰청,전라남도,영광군,염산면,35.2179387980207,126.371795037202,1162,197,135,26,261,229,2,312
전라남도경찰청,전라남도,영광군,영광읍,35.2732310473194,126.512824487686,1162,197,135,26,261,229,2,312
전라남도경찰청,전라남도,영광군,홍농읍,35.3957218273396,126.44533979711,1162,197,135,26,261,229,2,312
전라남도경찰청,전라남도,영암군,군서면,34.7795125686185,126.650441351823,1522,261,135,31,360,433,23,279
전라남도경찰청,전라남도,영암군,금정면,34.8630997515951,126.748994019962,1522,261,135,31,360,433,23,279
전라남도경찰청,전라남도,영암군,덕진면,34.818877550247,126.697025928761,1522,261,135,31,360,433,23,279
전라남도경찰청,전라남도,영암군,도포면,34.845144145496,126.643691329353,1522,261,135,31,360,433,23,279
전라남도경찰청,전라남도,영암군,미암면,34.6992627352216,126.57180220903,1522,261,135,31,360,433,23,279
전라남도경찰청,전라남도,영암군,삼호읍,34.7459919641316,126.469192010369,1522,261,135,31,360,433,23,279
전라남도경찰청,전라남도,영암군,서호면,34.7550374267405,126.584974484435,1522,261,135,31,360,433,23,279
전라남도경찰청,전라남도,영암군,시종면,34.8685866151305,126.607052629266,1522,261,135,31,360,433,23,279
전라남도경찰청,전라남도,영암군,신북면,34.8902718568599,126.692624503788,1522,261,135,31,360,433,23,279
전라남도경찰청,전라남도,영암군,영암읍,34.7997423319196,126.701344647559,1522,261,135,31,360,433,23,279
전라남도경찰청,전라남도,영암군,학산면,34.7261620562997,126.57004768998,1522,261,135,31,360,433,23,279
전라남도경찰청,전라남도,완도군,고금면,34.4001828476753,126.801338500489,1260,229,162,20,326,275,12,236
전라남도경찰청,전라남도,완도군,군외면,34.3894151368683,126.647416873861,1260,229,162,20,326,275,12,236
전라남도경찰청,전라남도,완도군,금당면,34.429927687902,127.07120355063,1260,229,162,20,326,275,12,236
전라남도경찰청,전라남도,완도군,금일읍,34.3488662894218,127.029520006322,1260,229,162,20,326,275,12,236
전라남도경찰청,전라남도,완도군,노화읍,34.1778663272878,126.575785778216,1260,229,162,20,326,275,12,236
전라남도경찰청,전라남도,완도군,보길면,34.1691401051097,126.567595365797,1260,229,162,20,326,275,12,236
전라남도경찰청,전라남도,완도군,생일면,34.3331155397056,126.997531041324,1260,229,162,20,326,275,12,236
전라남도경찰청,전라남도,완도군,소안면,34.1748145461967,126.650975768174,1260,229,162,20,326,275,12,236
전라남도경찰청,전라남도,완도군,신지면,34.3347569303229,126.827191356724,1260,229,162,20,326,275,12,236
전라남도경찰청,전라남도,완도군,약산면,34.3936128447425,126.898182301264,1260,229,162,20,326,275,12,236
전라남도경찰청,전라남도,완도군,완도읍,34.3167363256874,126.745538365407,1260,229,162,20,326,275,12,236
전라남도경찰청,전라남도,완도군,청산면,34.179870770516,126.858968970795,1260,229,162,20,326,275,12,236
전라남도경찰청,전라남도,장성군,남면,35.2443037165104,126.812138667979,1112,158,142,27,247,301,6,231
전라남도경찰청,전라남도,장성군,동화면,35.284284535683,126.738797095149,1112,158,142,27,247,301,6,231
전라남도경찰청,전라남도,장성군,북이면,35.4287359932006,126.808685241937,1112,158,142,27,247,301,6,231
전라남도경찰청,전라남도,장성군,북일면,35.3747446650315,126.80733372315,1112,158,142,27,247,301,6,231
전라남도경찰청,전라남도,장성군,북하면,35.4073435618683,126.879515799382,1112,158,142,27,247,301,6,231
전라남도경찰청,전라남도,장성군,삼계면,35.2578616855792,126.661959906132,1112,158,142,27,247,301,6,231
전라남도경찰청,전라남도,장성군,삼서면,35.2321866324491,126.646383724969,1112,158,142,27,247,301,6,231
전라남도경찰청,전라남도,장성군,서삼면,35.3303449421118,126.770061214262,1112,158,142,27,247,301,6,231
전라남도경찰청,전라남도,장성군,장성읍,35.3032030896945,126.785267156907,1112,158,142,27,247,301,6,231
전라남도경찰청,전라남도,장성군,진원면,35.2731454397606,126.833429720424,1112,158,142,27,247,301,6,231
전라남도경찰청,전라남도,장성군,황룡면,35.2889578066587,126.773115653332,1112,158,142,27,247,301,6,231
전라남도경찰청,전라남도,장흥군,관산읍,34.5615568543706,126.938914115797,942,151,88,13,248,203,4,235
전라남도경찰청,전라남도,장흥군,대덕읍,34.4993929095273,126.888276074183,942,151,88,13,248,203,4,235
전라남도경찰청,전라남도,장흥군,부산면,34.7234029900715,126.903395743279,942,151,88,13,248,203,4,235
전라남도경찰청,전라남도,장흥군,안양면,34.6500080316937,126.973990774662,942,151,88,13,248,203,4,235
전라남도경찰청,전라남도,장흥군,용산면,34.6148893805206,126.914093642589,942,151,88,13,248,203,4,235
전라남도경찰청,전라남도,장흥군,유치면,34.8022918508379,126.838989793322,942,151,88,13,248,203,4,235
전라남도경찰청,전라남도,장흥군,장동면,34.749943024314,126.995282040689,942,151,88,13,248,203,4,235
전라남도경찰청,전라남도,장흥군,장평면,34.7736586414293,126.974804135525,942,151,88,13,248,203,4,235
전라남도경찰청,전라남도,장흥군,장흥읍,34.6797697135608,126.902656416195,942,151,88,13,248,203,4,235
전라남도경찰청,전라남도,장흥군,회진면,34.4815080447215,126.939573435751,942,151,88,13,248,203,4,235
전라남도경찰청,전라남도,진도군,고군면,34.4904769630983,126.343006604014,873,153,110,15,205,207,12,171
전라남도경찰청,전라남도,진도군,군내면,34.5125150991022,126.291991132984,873,153,110,15,205,207,12,171
전라남도경찰청,전라남도,진도군,의신면,34.4392796829135,126.283474361017,873,153,110,15,205,207,12,171
전라남도경찰청,전라남도,진도군,임회면,34.4060929023718,126.189976116236,873,153,110,15,205,207,12,171
전라남도경찰청,전라남도,진도군,조도면,34.296612781598,126.047449629782,873,153,110,15,205,207,12,171
전라남도경찰청,전라남도,진도군,지산면,34.4256530263084,126.16726909958,873,153,110,15,205,207,12,171
전라남도경찰청,전라남도,진도군,진도읍,34.4807745844912,126.262846259233,873,153,110,15,205,207,12,171
전라남도경찰청,전라남도,함평군,나산면,35.1138724299675,126.609090492463,733,112,111,12,144,185,3,166
전라남도경찰청,전라남도,함평군,대동면,35.0689796979037,126.531398569767,733,112,111,12,144,185,3,166
전라남도경찰청,전라남도,함평군,손불면,35.1432145349542,126.431735144933,733,112,111,12,144,185,3,166
전라남도경찰청,전라남도,함평군,신광면,35.1556242728657,126.497845545275,733,112,111,12,144,185,3,166
전라남도경찰청,전라남도,함평군,엄다면,35.0103445156602,126.51592214965,733,112,111,12,144,185,3,166
전라남도경찰청,전라남도,함평군,월야면,35.1801007842814,126.632254157841,733,112,111,12,144,185,3,166
전라남도경찰청,전라남도,함평군,학교면,35.0169151827717,126.537568433858,733,112,111,12,144,185,3,166
전라남도경찰청,전라남도,함평군,함평읍,35.0653776204478,126.52027205933,733,112,111,12,144,185,3,166
전라남도경찰청,전라남도,함평군,해보면,35.1805503390204,126.601139324468,733,112,111,12,144,185,3,166
전라남도경찰청,전라남도,해남군,계곡면,34.6451041251461,126.659549045636,1642,274,158,26,435,407,14,328
전라남도경찰청,전라남도,해남군,마산면,34.6216623666985,126.568136082472,1642,274,158,26,435,407,14,328
전라남도경찰청,전라남도,해남군,문내면,34.5971082183873,126.314052563406,1642,274,158,26,435,407,14,328
전라남도경찰청,전라남도,해남군,북일면,34.4641605206714,126.6759884603,1642,274,158,26,435,407,14,328
전라남도경찰청,전라남도,해남군,북평면,34.4081146179162,126.625398351305,1642,274,158,26,435,407,14,328
전라남도경찰청,전라남도,해남군,산이면,34.6447728598989,126.44784893732,1642,274,158,26,435,407,14,328
전라남도경찰청,전라남도,해남군,삼산면,34.5208059770115,126.609960701885,1642,274,158,26,435,407,14,328
전라남도경찰청,전라남도,해남군,송지면,34.369640578845,126.519268181444,1642,274,158,26,435,407,14,328
전라남도경찰청,전라남도,해남군,옥천면,34.5674464964351,126.64786148276,1642,274,158,26,435,407,14,328
전라남도경찰청,전라남도,해남군,해남읍,34.5652050470629,126.599187892847,1642,274,158,26,435,407,14,328
전라남도경찰청,전라남도,해남군,현산면,34.4598226731362,126.553543150428,1642,274,158,26,435,407,14,328
전라남도경찰청,전라남도,해남군,화산면,34.4913427140636,126.515191478569,1642,274,158,26,435,407,14,328
전라남도경찰청,전라남도,해남군,화원면,34.670883931876,126.32770284885,1642,274,158,26,435,407,14,328
전라남도경찰청,전라남도,해남군,황산면,34.5769589255488,126.43648828553,1642,274,158,26,435,407,14,328
전라남도경찰청,전라남도,화순군,남면,35.007266226967,127.095841247849,1408,214,141,24,497,256,17,259
전라남도경찰청,전라남도,화순군,능주면,34.9898568400182,126.958036980673,1408,214,141,24,497,256,17,259
전라남도경찰청,전라남도,화순군,도곡면,34.9961421462459,126.917500310564,1408,214,141,24,497,256,17,259
전라남도경찰청,전라남도,화순군,도암면,34.9377776562809,126.896778839983,1408,214,141,24,497,256,17,259
전라남도경찰청,전라남도,화순군,동면,35.0299153952786,127.038516272952,1408,214,141,24,497,256,17,259
전라남도경찰청,전라남도,화순군,동복면,35.0711646939483,127.129070469062,1408,214,141,24,497,256,17,259
전라남도경찰청,전라남도,화순군,북면,35.1680831807807,127.132292541318,1408,214,141,24,497,256,17,259
전라남도경찰청,전라남도,화순군,이서면,35.1104257585198,127.071031358761,1408,214,141,24,497,256,17,259
전라남도경찰청,전라남도,화순군,이양면,34.8877826253123,126.988321087824,1408,214,141,24,497,256,17,259
전라남도경찰청,전라남도,화순군,청풍면,34.8763137341991,126.9702839446,1408,214,141,24,497,256,17,259
전라남도경찰청,전라남도,화순군,춘양면,34.9506507442578,126.960018806374,1408,214,141,24,497,256,17,259
전라남도경찰청,전라남도,화순군,한천면,34.9778720473865,126.998720879449,1408,214,141,24,497,256,17,259
전라남도경찰청,전라남도,화순군,화순읍,35.0599399781357,126.984565050764,1408,214,141,24,497,256,17,259
전북특별자치도경찰청,전북특별자치도,고창군,고수면,35.4099180207853,126.678624196637,1234,189,77,35,432,206,11,284
전북특별자치도경찰청,전북특별자치도,고창군,고창읍,35.4344530435274,126.703032405916,1234,189,77,35,432,206,11,284
전북특별자치도경찰청,전북특별자치도,고창군,공음면,35.3779265022782,126.511350800575,1234,189,77,35,432,206,11,284
전북특별자치도경찰청,전북특별자치도,고창군,대산면,35.3410173161827,126.603361896893,1234,189,77,35,432,206,11,284
전북특별자치도경찰청,전북특별자치도,고창군,무장면,35.4191873484982,126.560759810825,1234,189,77,35,432,206,11,284
전북특별자치도경찰청,전북특별자치도,고창군,부안면,35.5141693941984,126.674095230614,1234,189,77,35,432,206,11,284
전북특별자치도경찰청,전북특별자치도,고창군,상하면,35.4445138733453,126.495211758424,1234,189,77,35,432,206,11,284
전북특별자치도경찰청,전북특별자치도,고창군,성내면,35.5381019918309,126.743278570826,1234,189,77,35,432,206,11,284
전북특별자치도경찰청,전북특별자치도,고창군,성송면,35.3643733120833,126.646640076718,1234,189,77,35,432,206,11,284
전북특별자치도경찰청,전북특별자치도,고창군,신림면,35.4890621438551,126.712163570448,1234,189,77,35,432,206,11,284
전북특별자치도경찰청,전북특별자치도,고창군,심원면,35.5242870320373,126.551072403269,1234,189,77,35,432,206,11,284
전북특별자치도경찰청,전북특별자치도,고창군,아산면,35.4397782732052,126.634764322976,1234,189,77,35,432,206,11,284
전북특별자치도경찰청,전북특별자치도,고창군,해리면,35.4609884974531,126.539068432502,1234,189,77,35,432,206,11,284
전북특별자치도경찰청,전북특별자치도,고창군,흥덕면,35.5177966577872,126.703612104603,1234,189,77,35,432,206,11,284
전북특별자치도경찰청,전북특별자치도,군산시,개복동,35.9847824934176,126.713838119588,8144,1107,747,212,2414,1317,41,2306
전북특별자치도경찰청,전북특별자치도,군산시,개사동,35.9299592567762,126.65515529226,8144,1107,747,212,2414,1317,41,2306
전북특별자치도경찰청,전북특별자치도,군산시,개정동,35.9644324744405,126.754450576489,8144,1107,747,212,2414,1317,41,2306
전북특별자치도경찰청,전북특별자치도,군산시,개정면,35.9583898252482,126.796433007246,8144,1107,747,212,2414,1317,41,2306
전북특별자치도경찰청,전북특별자치도,군산시,경암동,35.9796429208343,126.729845642498,8144,1107,747,212,2414,1317,41,2306
전북특별자치도경찰청,전북특별자치도,군산시,경장동,35.9694680306721,126.732279457745,8144,1107,747,212,2414,1317,41,2306
전북특별자치도경찰청,전북특별자치도,군산시,구암동,35.9858239554885,126.743991775941,8144,1107,747,212,2414,1317,41,2306
전북특별자치도경찰청,전북특별자치도,군산시,금광동,35.9816278047816,126.706225178151,8144,1107,747,212,2414,1317,41,2306
전북특별자치도경찰청,전북특별자치도,군산시,금동,35.9911042899304,126.707343369807,8144,1107,747,212,2414,1317,41,2306
전북특별자치도경찰청,전북특별자치도,군산시,금암동,35.9875568144572,126.720863061733,8144,1107,747,212,2414,1317,41,2306
전북특별자치도경찰청,전북특별자치도,군산시,나운동,35.9668010503244,126.694808063136,8144,1107,747,212,2414,1317,41,2306
전북특별자치도경찰청,전북특별자치도,군산시,나포면,36.0304786865595,126.832014152508,8144,1107,747,212,2414,1317,41,2306
전북특별자치도경찰청,전북특별자치도,군산시,내초동,35.9525710696154,126.610866419454,8144,1107,747,212,2414,1317,41,2306
전북특별자치도경찰청,전북특별자치도,군산시,내흥동,35.9996612963397,126.762300215337,8144,1107,747,212,2414,1317,41,2306
전북특별자치도경찰청,전북특별자치도,군산시,대명동,35.9786912052845,126.721949853471,8144,1107,747,212,2414,1317,41,2306
전북특별자치도경찰청,전북특별자치도,군산시,대야면,35.9467560948952,126.811558542794,8144,1107,747,212,2414,1317,41,2306
전북특별자치도경찰청,전북특별자치도,군산시,동흥남동,35.974876436868,126.720078377922,8144,1107,747,212,2414,1317,41,2306
전북특별자치도경찰청,전북특별자치도,군산시,둔율동,35.9816384341311,126.715117975717,8144,1107,747,212,2414,1317,41,2306
전북특별자치도경찰청,전북특별자치도,군산시,명산동,35.9837860427638,126.710213518931,8144,1107,747,212,2414,1317,41,2306
전북특별자치도경찰청,전북특별자치도,군산시,문화동,35.9744320866959,126.704646400244,8144,1107,747,212,2414,1317,41,2306
전북특별자치도경찰청,전북특별자치도,군산시,미룡동,35.9481918292365,126.687608774337,8144,1107,747,212,2414,1317,41,2306
전북특별자치도경찰청,전북특별자치도,군산시,미원동,35.979286294232,126.715911459527,8144,1107,747,212,2414,1317,41,2306
전북특별자치도경찰청,전북특별자치도,군산시,미장동,35.9634861679785,126.728508309344,8144,1107,747,212,2414,1317,41,2306
전북특별자치도경찰청,전북특별자치도,군산시,비응도동,35.9464943683661,126.531495027585,8144,1107,747,212,2414,1317,41,2306
전북특별자치도경찰청,전북특별자치도,군산시,사정동,35.9599867606943,126.752300486341,8144,1107,747,212,2414,1317,41,2306
전북특별자치도경찰청,전북특별자치도,군산시,산북동,35.9599162805105,126.657641232508,8144,1107,747,212,2414,1317,41,2306
전북특별자치도경찰청,전북특별자치도,군산시,삼학동,35.976961163069,126.712903945176,8144,1107,747,212,2414,1317,41,2306
전북특별자치도경찰청,전북특별자치도,군산시,서수면,35.9831162310309,126.875630558533,8144,1107,747,212,2414,1317,41,2306
전북특별자치도경찰청,전북특별자치도,군산시,서흥남동,35.9728812302365,126.711756791005,8144,1107,747,212,2414,1317,41,2306
전북특별자치도경찰청,전북특별자치도,군산시,선양동,35.9808747379336,126.712326489231,8144,1107,747,212,2414,1317,41,2306
전북특별자치도경찰청,전북특별자치도,군산시,성산면,35.9896337557886,126.786008517547,8144,1107,747,212,2414,1317,41,2306
전북특별자치도경찰청,전북특별자치도,군산시,소룡동,35.9737985939993,126.68380921463,8144,1107,747,212,2414,1317,41,2306
전북특별자치도경찰청,전북특별자치도,군산시,송창동,35.9815123895593,126.710652058108,8144,1107,747,212,2414,1317,41,2306
전북특별자치도경찰청,전북특별자치도,군산시,송풍동,35.9818000545744,126.698640111435,8144,1107,747,212,2414,1317,41,2306
전북특별자치도경찰청,전북특별자치도,군산시,수송동,35.9648059712572,126.717741526776,8144,1107,747,212,2414,1317,41,2306
전북특별자치도경찰청,전북특별자치도,군산시,신관동,35.943194826403,126.669895735088,8144,1107,747,212,2414,1317,41,2306
전북특별자치도경찰청,전북특별자치도,군산시,신영동,35.9853763514918,126.719540079812,8144,1107,747,212,2414,1317,41,2306
전북특별자치도경찰청,전북특별자치도,군산시,신창동,35.986691268884,126.710069827215,8144,1107,747,212,2414,1317,41,2306
전북특별자치도경찰청,전북특별자치도,군산시,신풍동,35.9804307111007,126.70319146056,8144,1107,747,212,2414,1317,41,2306
전북특별자치도경찰청,전북특별자치도,군산시,신흥동,35.9871449132992,126.703929244671,8144,1107,747,212,2414,1317,41,2306
전북특별자치도경찰청,전북특별자치도,군산시,영동,35.9854830775484,126.715871505436,8144,1107,747,212,2414,1317,41,2306
전북특별자치도경찰청,전북특별자치도,군산시,영화동,35.9890948579195,126.711192148605,8144,1107,747,212,2414,1317,41,2306
전북특별자치도경찰청,전북특별자치도,군산시,오룡동,35.9784164350083,126.707957917786,8144,1107,747,212,2414,1317,41,2306
전북특별자치도경찰청,전북특별자치도,군산시,오식도동,35.9631736996083,126.561859969497,8144,1107,747,212,2414,1317,41,2306
전북특별자치도경찰청,전북특별자치도,군산시,옥구읍,35.9230013406344,126.685212628548,8144,1107,747,212,2414,1317,41,2306
전북특별자치도경찰청,전북특별자치도,군산시,옥도면,35.8154621949065,126.473435206492,8144,1107,747,212,2414,1317,41,2306
전북특별자치도경찰청,전북특별자치도,군산시,옥산면,35.9394555882647,126.748374885285,8144,1107,747,212,2414,1317,41,2306
전북특별자치도경찰청,전북특별자치도,군산시,옥서면,35.9244283178803,126.64494109808,8144,1107,747,212,2414,1317,41,2306
전북특별자치도경찰청,전북특별자치도,군산시,월명동,35.98642546964,126.708979642563,8144,1107,747,212,2414,1317,41,2306
전북특별자치도경찰청,전북특별자치도,군산시,임피면,35.9826008554518,126.850478226788,8144,1107,747,212,2414,1317,41,2306
전북특별자치도경찰청,전북특별자치도,군산시,장미동,35.9883569166557,126.716171700899,8144,1107,747,212,2414,1317,41,2306
전북특별자치도경찰청,전북특별자치도,군산시,장재동,35.9781906493898,126.719082074652,8144,1107,747,212,2414,1317,41,2306
전북특별자치도경찰청,전북특별자치도,군산시,조촌동,35.9730640100683,126.738019320783,8144,1107,747,212,2414,1317,41,2306
전북특별자치도경찰청,전북특별자치도,군산시,죽성동,35.9859978138695,126.717071700761,8144,1107,747,212,2414,1317,41,2306
전북특별자치도경찰청,전북특별자치도,군산시,중동,35.9838775699746,126.7245840626,8144,1107,747,212,2414,1317,41,2306
전북특별자치도경찰청,전북특별자치도,군산시,중앙로1가,35.9869087859903,126.712073933987,8144,1107,747,212,2414,1317,41,2306
전북특별자치도경찰청,전북특별자치도,군산시,중앙로2가,35.983008765505,126.716833988412,8144,1107,747,212,2414,1317,41,2306
전북특별자치도경찰청,전북특별자치도,군산시,중앙로3가,35.9809185744366,126.718651054327,8144,1107,747,212,2414,1317,41,2306
전북특별자치도경찰청,전북특별자치도,군산시,지곡동,35.9510392476853,126.708923265447,8144,1107,747,212,2414,1317,41,2306
전북특별자치도경찰청,전북특별자치도,군산시,창성동,35.9832599021726,126.713289189441,8144,1107,747,212,2414,1317,41,2306
전북특별자치도경찰청,전북특별자치도,군산시,평화동,35.9841336268076,126.718417867964,8144,1107,747,212,2414,1317,41,2306
전북특별자치도경찰청,전북특별자치도,군산시,해망동,35.9910843435141,126.689373785442,8144,1107,747,212,2414,1317,41,2306
전북특별자치도경찰청,전북특별자치도,군산시,회현면,35.9130848169775,126.756918161177,8144,1107,747,212,2414,1317,41,2306
전북특별자치도경찰청,전북특별자치도,김제시,갈공동,35.8058000467389,126.864821586634,1951,293,162,38,523,469,13,453
전북특별자치도경찰청,전북특별자치도,김제시,검산동,35.8074185174273,126.911013653424,1951,293,162,38,523,469,13,453
전북특별자치도경찰청,전북특별자치도,김제시,공덕면,35.8923614866421,126.912912363272,1951,293,162,38,523,469,13,453
전북특별자치도경찰청,전북특별자치도,김제시,광활면,35.8338409774344,126.741975167933,1951,293,162,38,523,469,13,453
전북특별자치도경찰청,전북특별자치도,김제시,교동,35.7968045376912,126.873943575155,1951,293,162,38,523,469,13,453
전북특별자치도경찰청,전북특별자치도,김제시,금구면,35.7743708758569,127.011351493358,1951,293,162,38,523,469,13,453
전북특별자치도경찰청,전북특별자치도,김제시,금산면,35.7165277114723,126.996211537581,1951,293,162,38,523,469,13,453
전북특별자치도경찰청,전북특별자치도,김제시,난봉동,35.7885280440491,126.933316960622,1951,293,162,38,523,469,13,453
전북특별자치도경찰청,전북특별자치도,김제시,도장동,35.768070718751,126.943127578982,1951,293,162,38,523,469,13,453
전북특별자치도경찰청,전북특별자치도,김제시,만경읍,35.8543948305221,126.820018304837,1951,293,162,38,523,469,13,453
전북특별자치도경찰청,전북특별자치도,김제시,명덕동,35.7935731534706,126.845098535584,1951,293,162,38,523,469,13,453
전북특별자치도경찰청,전북특별자치도,김제시,백구면,35.8907195870138,126.967645726876,1951,293,162,38,523,469,13,453
전북특별자치도경찰청,전북특별자치도,김제시,백산면,35.8282257937354,126.892141143981,1951,293,162,38,523,469,13,453
전북특별자치도경찰청,전북특별자치도,김제시,백학동,35.8001540230326,126.932718689822,1951,293,162,38,523,469,13,453
전북특별자치도경찰청,전북특별자치도,김제시,복죽동,35.808395369137,126.84939365723,1951,293,162,38,523,469,13,453
전북특별자치도경찰청,전북특별자치도,김제시,봉남면,35.7535137246705,126.962257070172,1951,293,162,38,523,469,13,453
전북특별자치도경찰청,전북특별자치도,김제시,부량면,35.7339401102545,126.843914160036,1951,293,162,38,523,469,13,453
전북특별자치도경찰청,전북특별자치도,김제시,상동동,35.8270886180044,126.928707478794,1951,293,162,38,523,469,13,453
전북특별자치도경찰청,전북특별자치도,김제시,서암동,35.8080202360321,126.8778071675,1951,293,162,38,523,469,13,453
전북특별자치도경찰청,전북특별자치도,김제시,서정동,35.7585383364267,126.928560804707,1951,293,162,38,523,469,13,453
전북특별자치도경찰청,전북특별자치도,김제시,성덕면,35.8205360035055,126.805855161075,1951,293,162,38,523,469,13,453
전북특별자치도경찰청,전북특별자치도,김제시,순동,35.8163752875688,126.918691858507,1951,293,162,38,523,469,13,453
전북특별자치도경찰청,전북특별자치도,김제시,신곡동,35.8159985381211,126.871222165502,1951,293,162,38,523,469,13,453
전북특별자치도경찰청,전북특별자치도,김제시,신덕동,35.7642603972585,126.850817136663,1951,293,162,38,523,469,13,453
전북특별자치도경찰청,전북특별자치도,김제시,신월동,35.7650246674301,126.891142823089,1951,293,162,38,523,469,13,453
전북특별자치도경찰청,전북특별자치도,김제시,신풍동,35.7959836968417,126.897915116825,1951,293,162,38,523,469,13,453
전북특별자치도경찰청,전북특별자치도,김제시,양전동,35.7560315752258,126.901327492757,1951,293,162,38,523,469,13,453
전북특별자치도경찰청,전북특별자치도,김제시,연정동,35.7847551026993,126.856663275894,1951,293,162,38,523,469,13,453
전북특별자치도경찰청,전북특별자치도,김제시,오정동,35.7749054666578,126.917442336707,1951,293,162,38,523,469,13,453
전북특별자치도경찰청,전북특별자치도,김제시,옥산동,35.7927689332921,126.883118186692,1951,293,162,38,523,469,13,453
전북특별자치도경찰청,전북특별자치도,김제시,요촌동,35.8052069705831,126.891450914315,1951,293,162,38,523,469,13,453
전북특별자치도경찰청,전북특별자치도,김제시,용동,35.7855388508217,126.896756001256,1951,293,162,38,523,469,13,453
전북특별자치도경찰청,전북특별자치도,김제시,용지면,35.8536958379491,126.955505336972,1951,293,162,38,523,469,13,453
전북특별자치도경찰청,전북특별자치도,김제시,월봉동,35.7653448535323,126.875585619471,1951,293,162,38,523,469,13,453
전북특별자치도경찰청,전북특별자치도,김제시,월성동,35.7649602112691,126.909026254318,1951,293,162,38,523,469,13,453
전북특별자치도경찰청,전북특별자치도,김제시,입석동,35.7839724246673,126.875764543314,1951,293,162,38,523,469,13,453
전북특별자치도경찰청,전북특별자치도,김제시,장화동,35.771003497434,126.858112360887,1951,293,162,38,523,469,13,453
전북특별자치도경찰청,전북특별자치도,김제시,제월동,35.7762484456411,126.892467971752,1951,293,162,38,523,469,13,453
전북특별자치도경찰청,전북특별자치도,김제시,죽산면,35.7724030723591,126.813775613671,1951,293,162,38,523,469,13,453
전북특별자치도경찰청,전북특별자치도,김제시,진봉면,35.8589235518207,126.766077885976,1951,293,162,38,523,469,13,453
전북특별자치도경찰청,전북특별자치도,김제시,청하면,35.9034159604368,126.840648762603,1951,293,162,38,523,469,13,453
전북특별자치도경찰청,전북특별자치도,김제시,하동,35.8193527049748,126.890935915012,1951,293,162,38,523,469,13,453
전북특별자치도경찰청,전북특별자치도,김제시,황산동,35.776266331874,126.931739015379,1951,293,162,38,523,469,13,453
전북특별자치도경찰청,전북특별자치도,김제시,황산면,35.7945496933633,126.942630824358,1951,293,162,38,523,469,13,453
전북특별자치도경찰청,전북특별자치도,김제시,흥사동,35.8278453891293,126.902610975141,1951,293,162,38,523,469,13,453
전북특별자치도경찰청,전북특별자치도,남원시,갈치동,35.4573486092468,127.413780547432,1939,314,241,41,597,321,27,398
전북특별자치도경찰청,전북특별자치도,남원시,고죽동,35.4454712004099,127.400405715796,1939,314,241,41,597,321,27,398
전북특별자치도경찰청,전북특별자치도,남원시,광치동,35.4512665070836,127.377501080326,1939,314,241,41,597,321,27,398
전북특별자치도경찰청,전북특별자치도,남원시,금동,35.4024614972993,127.375410794057,1939,314,241,41,597,321,27,398
전북특별자치도경찰청,전북특별자치도,남원시,금지면,35.3576326002428,127.303859603117,1939,314,241,41,597,321,27,398
전북특별자치도경찰청,전북특별자치도,남원시,내척동,35.4404635506667,127.359132836277,1939,314,241,41,597,321,27,398
전북특별자치도경찰청,전북특별자치도,남원시,노암동,35.3995873005688,127.380276226395,1939,314,241,41,597,321,27,398
전북특별자치도경찰청,전북특별자치도,남원시,대강면,35.3473085599391,127.227729446218,1939,314,241,41,597,321,27,398
전북특별자치도경찰청,전북특별자치도,남원시,대산면,35.4320909610898,127.325203709683,1939,314,241,41,597,321,27,398
전북특별자치도경찰청,전북특별자치도,남원시,덕과면,35.5171386467823,127.352074673054,1939,314,241,41,597,321,27,398
전북특별자치도경찰청,전북특별자치도,남원시,도통동,35.4198209192714,127.400089373545,1939,314,241,41,597,321,27,398
전북특별자치도경찰청,전북특별자치도,남원시,동충동,35.4110327392336,127.382963477199,1939,314,241,41,597,321,27,398
전북특별자치도경찰청,전북특별자치도,남원시,보절면,35.5131166158322,127.402363960098,1939,314,241,41,597,321,27,398
전북특별자치도경찰청,전북특별자치도,남원시,사매면,35.49851075466,127.360546067549,1939,314,241,41,597,321,27,398
전북특별자치도경찰청,전북특별자치도,남원시,산곡동,35.4263712781238,127.366117741061,1939,314,241,41,597,321,27,398
전북특별자치도경찰청,전북특별자치도,남원시,산내면,35.4192216748003,127.623223361139,1939,314,241,41,597,321,27,398
전북특별자치도경찰청,전북특별자치도,남원시,산동면,35.4926802728534,127.476206403134,1939,314,241,41,597,321,27,398
전북특별자치도경찰청,전북특별자치도,남원시,송동면,35.354678057958,127.337166837576,1939,314,241,41,597,321,27,398
전북특별자치도경찰청,전북특별자치도,남원시,수지면,35.3393052742427,127.371523702516,1939,314,241,41,597,321,27,398
전북특별자치도경찰청,전북특별자치도,남원시,식정동,35.4372916152114,127.420351860304,1939,314,241,41,597,321,27,398
전북특별자치도경찰청,전북특별자치도,남원시,신정동,35.410956707005,127.360820664464,1939,314,241,41,597,321,27,398
전북특별자치도경찰청,전북특별자치도,남원시,신촌동,35.4079784245025,127.399854694154,1939,314,241,41,597,321,27,398
전북특별자치도경찰청,전북특별자치도,남원시,쌍교동,35.4048276566586,127.383097055457,1939,314,241,41,597,321,27,398
전북특별자치도경찰청,전북특별자치도,남원시,아영면,35.5086579365101,127.612904140789,1939,314,241,41,597,321,27,398
전북특별자치도경찰청,전북특별자치도,남원시,어현동,35.3798466050775,127.388776544506,1939,314,241,41,597,321,27,398
전북특별자치도경찰청,전북특별자치도,남원시,왕정동,35.4082473369261,127.369765679674,1939,314,241,41,597,321,27,398
전북특별자치도경찰청,전북특별자치도,남원시,용정동,35.4312581081647,127.380720189708,1939,314,241,41,597,321,27,398
전북특별자치도경찰청,전북특별자치도,남원시,운봉읍,35.4398031429868,127.528909077171,1939,314,241,41,597,321,27,398
전북특별자치도경찰청,전북특별자치도,남원시,월락동,35.428726795332,127.399816269447,1939,314,241,41,597,321,27,398
전북특별자치도경찰청,전북특별자치도,남원시,이백면,35.4268584970578,127.457900419326,1939,314,241,41,597,321,27,398
전북특별자치도경찰청,전북특별자치도,남원시,인월면,35.4644143285828,127.600167872248,1939,314,241,41,597,321,27,398
전북특별자치도경찰청,전북특별자치도,남원시,조산동,35.3957204302604,127.362161737723,1939,314,241,41,597,321,27,398
전북특별자치도경찰청,전북특별자치도,남원시,주생면,35.3788580669762,127.321551935713,1939,314,241,41,597,321,27,398
전북특별자치도경찰청,전북특별자치도,남원시,주천면,35.3908940523203,127.441996929174,1939,314,241,41,597,321,27,398
전북특별자치도경찰청,전북특별자치도,남원시,죽항동,35.4075774617875,127.384550058262,1939,314,241,41,597,321,27,398
전북특별자치도경찰청,전북특별자치도,남원시,천거동,35.4017860584298,127.378124517038,1939,314,241,41,597,321,27,398
전북특별자치도경찰청,전북특별자치도,남원시,하정동,35.4078023867933,127.37954857356,1939,314,241,41,597,321,27,398
전북특별자치도경찰청,전북특별자치도,남원시,향교동,35.4170640293082,127.380781126552,1939,314,241,41,597,321,27,398
전북특별자치도경찰청,전북특별자치도,남원시,화정동,35.4106461250266,127.347475720245,1939,314,241,41,597,321,27,398
전북특별자치도경찰청,전북특별자치도,무주군,무주읍,36.0088145447177,127.66230467208,539,74,30,15,190,109,5,116
전북특별자치도경찰청,전북특별자치도,무주군,무풍면,35.9699625125064,127.844666718765,539,74,30,15,190,109,5,116
전북특별자치도경찰청,전북특별자치도,무주군,부남면,35.9738261584764,127.558782680071,539,74,30,15,190,109,5,116
전북특별자치도경찰청,전북특별자치도,무주군,설천면,36.0081773310559,127.789619970764,539,74,30,15,190,109,5,116
전북특별자치도경찰청,전북특별자치도,무주군,안성면,35.8635049251994,127.653046687405,539,74,30,15,190,109,5,116
전북특별자치도경찰청,전북특별자치도,무주군,적상면,35.9455181920735,127.65939097001,539,74,30,15,190,109,5,116
전북특별자치도경찰청,전북특별자치도,부안군,계화면,35.7616955730676,126.698074742182,1010,159,101,25,300,191,5,229
전북특별자치도경찰청,전북특별자치도,부안군,동진면,35.7495661442344,126.73881565542,1010,159,101,25,300,191,5,229
전북특별자치도경찰청,전북특별자치도,부안군,백산면,35.70399141721,126.786778921338,1010,159,101,25,300,191,5,229
전북특별자치도경찰청,전북특별자치도,부안군,변산면,35.6634889289634,126.528462533107,1010,159,101,25,300,191,5,229
전북특별자치도경찰청,전북특별자치도,부안군,보안면,35.6121432981851,126.671283402311,1010,159,101,25,300,191,5,229
전북특별자치도경찰청,전북특별자치도,부안군,부안읍,35.7296078451065,126.736895658264,1010,159,101,25,300,191,5,229
전북특별자치도경찰청,전북특별자치도,부안군,상서면,35.686434390927,126.678044774875,1010,159,101,25,300,191,5,229
전북특별자치도경찰청,전북특별자치도,부안군,위도면,35.6025864050162,126.293014866997,1010,159,101,25,300,191,5,229
전북특별자치도경찰청,전북특별자치도,부안군,주산면,35.6718994487961,126.711071220043,1010,159,101,25,300,191,5,229
전북특별자치도경찰청,전북특별자치도,부안군,줄포면,35.5911388222723,126.677645545578,1010,159,101,25,300,191,5,229
전북특별자치도경찰청,전북특별자치도,부안군,진서면,35.5876433577585,126.605432861743,1010,159,101,25,300,191,5,229
전북특별자치도경찰청,전북특별자치도,부안군,하서면,35.7155448409924,126.66200939153,1010,159,101,25,300,191,5,229
전북특별자치도경찰청,전북특별자치도,부안군,행안면,35.7248236345858,126.722339602806,1010,159,101,25,300,191,5,229
전북특별자치도경찰청,전북특별자치도,순창군,구림면,35.4529742616063,127.102315147398,444,62,39,11,102,132,6,92
전북특별자치도경찰청,전북특별자치도,순창군,금과면,35.3396361556067,127.086450929891,444,62,39,11,102,132,6,92
전북특별자치도경찰청,전북특별자치도,순창군,동계면,35.4412364403538,127.242897466141,444,62,39,11,102,132,6,92
전북특별자치도경찰청,전북특별자치도,순창군,복흥면,35.4321695323794,126.92973561896,444,62,39,11,102,132,6,92
전북특별자치도경찰청,전북특별자치도,순창군,순창읍,35.3769359400897,127.147031505647,444,62,39,11,102,132,6,92
전북특별자치도경찰청,전북특별자치도,순창군,쌍치면,35.5005636388592,127.001344667371,444,62,39,11,102,132,6,92
전북특별자치도경찰청,전북특별자치도,순창군,유등면,35.3613483074881,127.187467488683,444,62,39,11,102,132,6,92
전북특별자치도경찰청,전북특별자치도,순창군,인계면,35.411820454123,127.141255266788,444,62,39,11,102,132,6,92
전북특별자치도경찰청,전북특별자치도,순창군,적성면,35.397485502311,127.208686065847,444,62,39,11,102,132,6,92
전북특별자치도경찰청,전북특별자치도,순창군,팔덕면,35.3915914456626,127.097121502572,444,62,39,11,102,132,6,92
전북특별자치도경찰청,전북특별자치도,순창군,풍산면,35.336588218874,127.138391943468,444,62,39,11,102,132,6,92
전북특별자치도경찰청,전북특별자치도,완주군,경천면,36.0225905675684,127.252599188779,2190,304,224,50,584,486,16,526
전북특별자치도경찰청,전북특별자치도,완주군,고산면,35.976318332627,127.205036667459,2190,304,224,50,584,486,16,526
전북특별자치도경찰청,전북특별자치도,완주군,구이면,35.7319402725426,127.120754496546,2190,304,224,50,584,486,16,526
전북특별자치도경찰청,전북특별자치도,완주군,동상면,35.9368938766862,127.296774242915,2190,304,224,50,584,486,16,526
전북특별자치도경찰청,전북특별자치도,완주군,봉동읍,35.9416848722579,127.165802836097,2190,304,224,50,584,486,16,526
전북특별자치도경찰청,전북특별자치도,완주군,비봉면,35.9959180666923,127.140089047914,2190,304,224,50,584,486,16,526
전북특별자치도경찰청,전북특별자치도,완주군,삼례읍,35.9131108948609,127.07794599181,2190,304,224,50,584,486,16,526
전북특별자치도경찰청,전북특별자치도,완주군,상관면,35.7717563155284,127.206960976262,2190,304,224,50,584,486,16,526
전북특별자치도경찰청,전북특별자치도,완주군,소양면,35.856073020262,127.233391196792,2190,304,224,50,584,486,16,526
전북특별자치도경찰청,전북특별자치도,완주군,용진읍,35.8803840324076,127.156310621816,2190,304,224,50,584,486,16,526
전북특별자치도경찰청,전북특별자치도,완주군,운주면,36.092459690396,127.277433212794,2190,304,224,50,584,486,16,526
전북특별자치도경찰청,전북특별자치도,완주군,이서면,35.8206366026471,127.022521392115,2190,304,224,50,584,486,16,526
전북특별자치도경찰청,전북특별자치도,완주군,화산면,36.0356724556523,127.203481630258,2190,304,224,50,584,486,16,526
전북특별자치도경찰청,전북특별자치도,익산시,갈산동,35.9363934856097,126.952870271662,8727,1194,1026,201,2746,1168,59,2333
전북특별자치도경찰청,전북특별자치도,익산시,금강동,35.9208385622418,126.981119890092,8727,1194,1026,201,2746,1168,59,2333
전북특별자치도경찰청,전북특별자치도,익산시,금마면,35.9930249039219,127.052978968549,8727,1194,1026,201,2746,1168,59,2333
전북특별자치도경찰청,전북특별자치도,익산시,남중동,35.9511472909668,126.959068609871,8727,1194,1026,201,2746,1168,59,2333
전북특별자치도경찰청,전북특별자치도,익산시,낭산면,36.0780797165027,127.009849599816,8727,1194,1026,201,2746,1168,59,2333
전북특별자치도경찰청,전북특별자치도,익산시,덕기동,35.9770706743181,127.04051456671,8727,1194,1026,201,2746,1168,59,2333
전북특별자치도경찰청,전북특별자치도,익산시,동산동,35.9286633160371,126.97252806363,8727,1194,1026,201,2746,1168,59,2333
전북특별자치도경찰청,전북특별자치도,익산시,마동,35.9379819719846,126.959141892267,8727,1194,1026,201,2746,1168,59,2333
전북특별자치도경찰청,전북특별자치도,익산시,만석동,35.9646915870254,126.929107254175,8727,1194,1026,201,2746,1168,59,2333
전북특별자치도경찰청,전북특별자치도,익산시,망성면,36.1325912095584,127.020654905072,8727,1194,1026,201,2746,1168,59,2333
전북특별자치도경찰청,전북특별자치도,익산시,모현동1가,35.9472503497313,126.94169159517,8727,1194,1026,201,2746,1168,59,2333
전북특별자치도경찰청,전북특별자치도,익산시,모현동2가,35.9568802858183,126.93670517843,8727,1194,1026,201,2746,1168,59,2333
전북특별자치도경찰청,전북특별자치도,익산시,목천동,35.9251624809744,126.928034505017,8727,1194,1026,201,2746,1168,59,2333
전북특별자치도경찰청,전북특별자치도,익산시,부송동,35.968010815478,126.992328167067,8727,1194,1026,201,2746,1168,59,2333
전북특별자치도경찰청,전북특별자치도,익산시,삼기면,36.0202816161649,126.984091518518,8727,1194,1026,201,2746,1168,59,2333
전북특별자치도경찰청,전북특별자치도,익산시,석암동,35.9398268934499,127.011672116786,8727,1194,1026,201,2746,1168,59,2333
전북특별자치도경찰청,전북특별자치도,익산시,석왕동,35.9756043445011,127.023749479545,8727,1194,1026,201,2746,1168,59,2333
전북특별자치도경찰청,전북특별자치도,익산시,석탄동,35.9040561396076,126.974588130347,8727,1194,1026,201,2746,1168,59,2333
전북특별자치도경찰청,전북특별자치도,익산시,성당면,36.088278726417,126.934978919207,8727,1194,1026,201,2746,1168,59,2333
전북특별자치도경찰청,전북특별자치도,익산시,송학동,35.9384571737236,126.940354875378,8727,1194,1026,201,2746,1168,59,2333
전북특별자치도경찰청,전북특별자치도,익산시,신동,35.9598287857014,126.961321101795,8727,1194,1026,201,2746,1168,59,2333
전북특별자치도경찰청,전북특별자치도,익산시,신용동,35.9781516196297,126.948658674121,8727,1194,1026,201,2746,1168,59,2333
전북특별자치도경찰청,전북특별자치도,익산시,신흥동,35.940414430847,126.987600777718,8727,1194,1026,201,2746,1168,59,2333
전북특별자치도경찰청,전북특별자치도,익산시,어양동,35.9531352554551,126.97953379178,8727,1194,1026,201,2746,1168,59,2333
전북특별자치도경찰청,전북특별자치도,익산시,여산면,36.0587523112062,127.085952024298,8727,1194,1026,201,2746,1168,59,2333
전북특별자치도경찰청,전북특별자치도,익산시,영등동,35.952365990178,126.972488823628,8727,1194,1026,201,2746,1168,59,2333
전북특별자치도경찰청,전북특별자치도,익산시,오산면,35.9387240188689,126.916328097393,8727,1194,1026,201,2746,1168,59,2333
전북특별자치도경찰청,전북특별자치도,익산시,왕궁면,35.9663638777074,127.087860607377,8727,1194,1026,201,2746,1168,59,2333
전북특별자치도경찰청,전북특별자치도,익산시,용동면,36.1099073917252,126.993047411928,8727,1194,1026,201,2746,1168,59,2333
전북특별자치도경찰청,전북특별자치도,익산시,용안면,36.120031379847,126.952312010238,8727,1194,1026,201,2746,1168,59,2333
전북특별자치도경찰청,전북특별자치도,익산시,용제동,35.9456422761138,127.000434466865,8727,1194,1026,201,2746,1168,59,2333
전북특별자치도경찰청,전북특별자치도,익산시,웅포면,36.0644841822015,126.87693229761,8727,1194,1026,201,2746,1168,59,2333
전북특별자치도경찰청,전북특별자치도,익산시,월성동,35.9953393833417,126.96758530995,8727,1194,1026,201,2746,1168,59,2333
전북특별자치도경찰청,전북특별자치도,익산시,은기동,35.9871165490956,127.013320270171,8727,1194,1026,201,2746,1168,59,2333
전북특별자치도경찰청,전북특별자치도,익산시,인화동1가,35.9304435801392,126.948729428511,8727,1194,1026,201,2746,1168,59,2333
전북특별자치도경찰청,전북특별자치도,익산시,인화동2가,35.9220445231,126.950020135116,8727,1194,1026,201,2746,1168,59,2333
전북특별자치도경찰청,전북특별자치도,익산시,임상동,35.981796180116,126.969741997325,8727,1194,1026,201,2746,1168,59,2333
전북특별자치도경찰청,전북특별자치도,익산시,정족동,35.9857474042268,126.998815700732,8727,1194,1026,201,2746,1168,59,2333
전북특별자치도경찰청,전북특별자치도,익산시,주현동,35.9349892942717,126.95755651139,8727,1194,1026,201,2746,1168,59,2333
전북특별자치도경찰청,전북특별자치도,익산시,중앙동1가,35.9396901298552,126.948244693056,8727,1194,1026,201,2746,1168,59,2333
전북특별자치도경찰청,전북특별자치도,익산시,중앙동2가,35.9379774706797,126.947558709044,8727,1194,1026,201,2746,1168,59,2333
전북특별자치도경찰청,전북특별자치도,익산시,중앙동3가,35.9388258867736,126.950497197185,8727,1194,1026,201,2746,1168,59,2333
전북특별자치도경찰청,전북특별자치도,익산시,창인동1가,35.9414759772274,126.951568355305,8727,1194,1026,201,2746,1168,59,2333
전북특별자치도경찰청,전북특별자치도,익산시,창인동2가,35.9375363811163,126.944699791484,8727,1194,1026,201,2746,1168,59,2333
전북특별자치도경찰청,전북특별자치도,익산시,춘포면,35.9009295782785,127.005263838552,8727,1194,1026,201,2746,1168,59,2333
전북특별자치도경찰청,전북특별자치도,익산시,팔봉동,35.9650364132016,127.011587137339,8727,1194,1026,201,2746,1168,59,2333
전북특별자치도경찰청,전북특별자치도,익산시,평화동,35.9323022571966,126.945350594974,8727,1194,1026,201,2746,1168,59,2333
전북특별자치도경찰청,전북특별자치도,익산시,함라면,36.0600726289056,126.910388190987,8727,1194,1026,201,2746,1168,59,2333
전북특별자치도경찰청,전북특별자치도,익산시,함열읍,36.0745709609646,126.964666463985,8727,1194,1026,201,2746,1168,59,2333
전북특별자치도경찰청,전북특별자치도,익산시,현영동,35.9707947375386,126.935430172366,8727,1194,1026,201,2746,1168,59,2333
전북특별자치도경찰청,전북특별자치도,익산시,황등면,36.0044624885089,126.945074576014,8727,1194,1026,201,2746,1168,59,2333
전북특별자치도경찰청,전북특별자치도,임실군,강진면,35.5303328495109,127.163567443812,466,52,51,11,126,119,4,103
전북특별자치도경찰청,전북특별자치도,임실군,관촌면,35.6737946087,127.27080317392,466,52,51,11,126,119,4,103
전북특별자치도경찰청,전북특별자치도,임실군,덕치면,35.5101268557147,127.157199163923,466,52,51,11,126,119,4,103
전북특별자치도경찰청,전북특별자치도,임실군,삼계면,35.5076784647948,127.274358039095,466,52,51,11,126,119,4,103
전북특별자치도경찰청,전북특별자치도,임실군,성수면,35.6298865194604,127.333125544753,466,52,51,11,126,119,4,103
전북특별자치도경찰청,전북특별자치도,임실군,신덕면,35.6839713563888,127.178285754266,466,52,51,11,126,119,4,103
전북특별자치도경찰청,전북특별자치도,임실군,신평면,35.6570693447634,127.223949640806,466,52,51,11,126,119,4,103
전북특별자치도경찰청,전북특별자치도,임실군,오수면,35.5413244751231,127.32697176441,466,52,51,11,126,119,4,103
전북특별자치도경찰청,전북특별자치도,임실군,운암면,35.6606460494296,127.160440115153,466,52,51,11,126,119,4,103
전북특별자치도경찰청,전북특별자치도,임실군,임실읍,35.6173658938172,127.286873745219,466,52,51,11,126,119,4,103
전북특별자치도경찰청,전북특별자치도,임실군,지사면,35.5639466024707,127.357591565707,466,52,51,11,126,119,4,103
전북특별자치도경찰청,전북특별자치도,임실군,청웅면,35.5697960105749,127.201268824768,466,52,51,11,126,119,4,103
전북특별자치도경찰청,전북특별자치도,장수군,계남면,35.7029307202142,127.577738704682,405,60,42,10,125,85,3,80
전북특별자치도경찰청,전북특별자치도,장수군,계북면,35.7855804602892,127.612536467041,405,60,42,10,125,85,3,80
전북특별자치도경찰청,전북특별자치도,장수군,번암면,35.5320044388073,127.543842923474,405,60,42,10,125,85,3,80
전북특별자치도경찰청,전북특별자치도,장수군,산서면,35.5841943347889,127.396425866531,405,60,42,10,125,85,3,80
전북특별자치도경찰청,전북특별자치도,장수군,장계면,35.7319368232827,127.58891316457,405,60,42,10,125,85,3,80
전북특별자치도경찰청,전북특별자치도,장수군,장수읍,35.6542060803554,127.519651585548,405,60,42,10,125,85,3,80
전북특별자치도경찰청,전북특별자치도,장수군,천천면,35.7334622298528,127.532329485553,405,60,42,10,125,85,3,80
전북특별자치도경찰청,전북특별자치도,전주시,강흥동,35.8899341613473,127.008319967932,19943,2647,2667,543,6389,2823,153,4721
전북특별자치도경찰청,전북특별자치도,전주시,고랑동,35.8847496656495,127.084368180662,19943,2647,2667,543,6389,2823,153,4721
전북특별자치도경찰청,전북특별자치도,전주시,금상동,35.8401097441098,127.195117858784,19943,2647,2667,543,6389,2823,153,4721
전북특별자치도경찰청,전북특별자치도,전주시,금암동,35.8374293438773,127.133129080351,19943,2647,2667,543,6389,2823,153,4721
전북특별자치도경찰청,전북특별자치도,전주시,남정동,35.8686279922037,127.014385527202,19943,2647,2667,543,6389,2823,153,4721
전북특별자치도경찰청,전북특별자치도,전주시,덕진동1가,35.8489873847612,127.126143385886,19943,2647,2667,543,6389,2823,153,4721
전북특별자치도경찰청,전북특별자치도,전주시,덕진동2가,35.8447943443487,127.11199020254,19943,2647,2667,543,6389,2823,153,4721
전북특별자치도경찰청,전북특별자치도,전주시,도덕동,35.8926712441902,127.026870256509,19943,2647,2667,543,6389,2823,153,4721
전북특별자치도경찰청,전북특별자치도,전주시,도도동,35.8820422314084,127.014414531206,19943,2647,2667,543,6389,2823,153,4721
전북특별자치도경찰청,전북특별자치도,전주시,동산동,35.8603978404133,127.073350626447,19943,2647,2667,543,6389,2823,153,4721
전북특별자치도경찰청,전북특별자치도,전주시,만성동,35.8401045537954,127.079950983936,19943,2647,2667,543,6389,2823,153,4721
전북특별자치도경찰청,전북특별자치도,전주시,반월동,35.8839952822034,127.068884894597,19943,2647,2667,543,6389,2823,153,4721
전북특별자치도경찰청,전북특별자치도,전주시,산정동,35.8408826876591,127.172973439045,19943,2647,2667,543,6389,2823,153,4721
전북특별자치도경찰청,전북특별자치도,전주시,성덕동,35.8817560252155,127.037586617979,19943,2647,2667,543,6389,2823,153,4721
전북특별자치도경찰청,전북특별자치도,전주시,송천동1가,35.8579849747473,127.12319057965,19943,2647,2667,543,6389,2823,153,4721
전북특별자치도경찰청,전북특별자치도,전주시,송천동2가,35.8725777549402,127.130322124157,19943,2647,2667,543,6389,2823,153,4721
전북특별자치도경찰청,전북특별자치도,전주시,여의동,35.8603978404133,127.073350626447,19943,2647,2667,543,6389,2823,153,4721
전북특별자치도경찰청,전북특별자치도,전주시,용정동,35.879857220189,127.053820447627,19943,2647,2667,543,6389,2823,153,4721
전북특별자치도경찰청,전북특별자치도,전주시,우아동1가,35.8188625617667,127.180724745327,19943,2647,2667,543,6389,2823,153,4721
전북특별자치도경찰청,전북특별자치도,전주시,우아동2가,35.8311321963712,127.172199694135,19943,2647,2667,543,6389,2823,153,4721
전북특별자치도경찰청,전북특별자치도,전주시,우아동3가,35.8492640150686,127.160225833836,19943,2647,2667,543,6389,2823,153,4721
전북특별자치도경찰청,전북특별자치도,전주시,원동,35.8583665181099,127.038164560244,19943,2647,2667,543,6389,2823,153,4721
전북특별자치도경찰청,전북특별자치도,전주시,인후동1가,35.8357672061898,127.157188190049,19943,2647,2667,543,6389,2823,153,4721
전북특별자치도경찰청,전북특별자치도,전주시,인후동2가,35.8452234847495,127.148453214881,19943,2647,2667,543,6389,2823,153,4721
전북특별자치도경찰청,전북특별자치도,전주시,장동,35.8599741202161,127.056973423869,19943,2647,2667,543,6389,2823,153,4721
전북특별자치도경찰청,전북특별자치도,전주시,전미동1가,35.8921351129146,127.123287763165,19943,2647,2667,543,6389,2823,153,4721
전북특별자치도경찰청,전북특별자치도,전주시,전미동2가,35.8857177576171,127.104782606499,19943,2647,2667,543,6389,2823,153,4721
전북특별자치도경찰청,전북특별자치도,전주시,중동,35.8364876634655,127.063588653349,19943,2647,2667,543,6389,2823,153,4721
전북특별자치도경찰청,전북특별자치도,전주시,진북동,35.8279427810551,127.131417779563,19943,2647,2667,543,6389,2823,153,4721
전북특별자치도경찰청,전북특별자치도,전주시,팔복동1가,35.8570675586329,127.106126551597,19943,2647,2667,543,6389,2823,153,4721
전북특별자치도경찰청,전북특별자치도,전주시,팔복동2가,35.854354391959,127.095867119228,19943,2647,2667,543,6389,2823,153,4721
전북특별자치도경찰청,전북특별자치도,전주시,팔복동3가,35.8442327510428,127.094265399297,19943,2647,2667,543,6389,2823,153,4721
전북특별자치도경찰청,전북특별자치도,전주시,팔복동4가,35.8658792407657,127.100752772475,19943,2647,2667,543,6389,2823,153,4721
전북특별자치도경찰청,전북특별자치도,전주시,호성동1가,35.8628691318848,127.154894465257,19943,2647,2667,543,6389,2823,153,4721
전북특별자치도경찰청,전북특별자치도,전주시,호성동2가,35.8765464953069,127.146301322662,19943,2647,2667,543,6389,2823,153,4721
전북특별자치도경찰청,전북특별자치도,전주시,호성동3가,35.8924943360626,127.140841433245,19943,2647,2667,543,6389,2823,153,4721
전북특별자치도경찰청,전북특별자치도,전주시,화전동,35.8924492507741,127.045712535307,19943,2647,2667,543,6389,2823,153,4721
전북특별자치도경찰청,전북특별자치도,전주시,경원동1가,35.8175018709836,127.147569464919,19943,2647,2667,543,6389,2823,153,4721
전북특별자치도경찰청,전북특별자치도,전주시,경원동2가,35.8178058371003,127.149561823013,19943,2647,2667,543,6389,2823,153,4721
전북특별자치도경찰청,전북특별자치도,전주시,경원동3가,35.8210583284995,127.148961507942,19943,2647,2667,543,6389,2823,153,4721
전북특별자치도경찰청,전북특별자치도,전주시,고사동,35.81988721301,127.142585407565,19943,2647,2667,543,6389,2823,153,4721
전북특별자치도경찰청,전북특별자치도,전주시,교동,35.8128174053411,127.165353055828,19943,2647,2667,543,6389,2823,153,4721
전북특별자치도경찰청,전북특별자치도,전주시,남노송동,35.8189850012276,127.157774779491,19943,2647,2667,543,6389,2823,153,4721
전북특별자치도경찰청,전북특별자치도,전주시,다가동1가,35.8148228633592,127.141965558023,19943,2647,2667,543,6389,2823,153,4721
전북특별자치도경찰청,전북특별자치도,전주시,다가동2가,35.814219279598,127.140207356111,19943,2647,2667,543,6389,2823,153,4721
전북특별자치도경찰청,전북특별자치도,전주시,다가동3가,35.8172839204766,127.139902911358,19943,2647,2667,543,6389,2823,153,4721
전북특별자치도경찰청,전북특별자치도,전주시,다가동4가,35.8199459887156,127.138566403486,19943,2647,2667,543,6389,2823,153,4721
전북특별자치도경찰청,전북특별자치도,전주시,대성동,35.7898905893253,127.172132804926,19943,2647,2667,543,6389,2823,153,4721
전북특별자치도경찰청,전북특별자치도,전주시,동서학동,35.8095216496508,127.152272552193,19943,2647,2667,543,6389,2823,153,4721
전북특별자치도경찰청,전북특별자치도,전주시,동완산동,35.8097719638971,127.145178526266,19943,2647,2667,543,6389,2823,153,4721
전북특별자치도경찰청,전북특별자치도,전주시,삼천동1가,35.7945967891081,127.116787141739,19943,2647,2667,543,6389,2823,153,4721
전북특별자치도경찰청,전북특별자치도,전주시,삼천동2가,35.7878854388584,127.103600997905,19943,2647,2667,543,6389,2823,153,4721
전북특별자치도경찰청,전북특별자치도,전주시,삼천동3가,35.7979986801182,127.078390961978,19943,2647,2667,543,6389,2823,153,4721
전북특별자치도경찰청,전북특별자치도,전주시,상림동,35.8133400930011,127.07538752792,19943,2647,2667,543,6389,2823,153,4721
전북특별자치도경찰청,전북특별자치도,전주시,색장동,35.7993902014269,127.195518288083,19943,2647,2667,543,6389,2823,153,4721
전북특별자치도경찰청,전북특별자치도,전주시,서노송동,35.8266780912983,127.1464266532,19943,2647,2667,543,6389,2823,153,4721
전북특별자치도경찰청,전북특별자치도,전주시,서서학동,35.8057588495467,127.148698381465,19943,2647,2667,543,6389,2823,153,4721
전북특별자치도경찰청,전북특별자치도,전주시,서신동,35.8310848804571,127.115308857862,19943,2647,2667,543,6389,2823,153,4721
전북특별자치도경찰청,전북특별자치도,전주시,서완산동1가,35.8081310031092,127.136514491827,19943,2647,2667,543,6389,2823,153,4721
전북특별자치도경찰청,전북특별자치도,전주시,서완산동2가,35.8098240415904,127.134499238077,19943,2647,2667,543,6389,2823,153,4721
전북특별자치도경찰청,전북특별자치도,전주시,석구동,35.7655475772396,127.127059839657,19943,2647,2667,543,6389,2823,153,4721
전북특별자치도경찰청,전북특별자치도,전주시,용복동,35.7637911077762,127.071147535586,19943,2647,2667,543,6389,2823,153,4721
전북특별자치도경찰청,전북특별자치도,전주시,원당동,35.7584792974633,127.111214526165,19943,2647,2667,543,6389,2823,153,4721
전북특별자치도경찰청,전북특별자치도,전주시,전동,35.8126050187104,127.148547385094,19943,2647,2667,543,6389,2823,153,4721
전북특별자치도경찰청,전북특별자치도,전주시,전동3가,35.8135768475458,127.143879788538,19943,2647,2667,543,6389,2823,153,4721
전북특별자치도경찰청,전북특별자치도,전주시,중노송동,35.8257013067012,127.154910748248,19943,2647,2667,543,6389,2823,153,4721
전북특별자치도경찰청,전북특별자치도,전주시,중앙동1가,35.8166898893986,127.142291990702,19943,2647,2667,543,6389,2823,153,4721
전북특별자치도경찰청,전북특별자치도,전주시,중앙동2가,35.8172542212736,127.143687245041,19943,2647,2667,543,6389,2823,153,4721
전북특별자치도경찰청,전북특별자치도,전주시,중앙동3가,35.8180997721665,127.145047620936,19943,2647,2667,543,6389,2823,153,4721
전북특별자치도경찰청,전북특별자치도,전주시,중앙동4가,35.8152881232534,127.144812351177,19943,2647,2667,543,6389,2823,153,4721
전북특별자치도경찰청,전북특별자치도,전주시,중인동,35.7464359710172,127.08284223652,19943,2647,2667,543,6389,2823,153,4721
전북특별자치도경찰청,전북특별자치도,전주시,중화산동1가,35.8136395917279,127.13323098955,19943,2647,2667,543,6389,2823,153,4721
전북특별자치도경찰청,전북특별자치도,전주시,중화산동2가,35.8179714562947,127.120911196089,19943,2647,2667,543,6389,2823,153,4721
전북특별자치도경찰청,전북특별자치도,전주시,태평동,35.8241870824256,127.140322268558,19943,2647,2667,543,6389,2823,153,4721
전북특별자치도경찰청,전북특별자치도,전주시,평화동1가,35.7963857728885,127.139631740141,19943,2647,2667,543,6389,2823,153,4721
전북특별자치도경찰청,전북특별자치도,전주시,평화동2가,35.7859060440483,127.136339320559,19943,2647,2667,543,6389,2823,153,4721
전북특별자치도경찰청,전북특별자치도,전주시,평화동3가,35.7792268054825,127.122038156385,19943,2647,2667,543,6389,2823,153,4721
전북특별자치도경찰청,전북특별자치도,전주시,풍남동1가,35.8185358490688,127.151010576895,19943,2647,2667,543,6389,2823,153,4721
전북특별자치도경찰청,전북특별자치도,전주시,풍남동2가,35.8188258948367,127.152564746539,19943,2647,2667,543,6389,2823,153,4721
전북특별자치도경찰청,전북특별자치도,전주시,풍남동3가,35.8156415575046,127.150566912995,19943,2647,2667,543,6389,2823,153,4721
전북특별자치도경찰청,전북특별자치도,전주시,효자동1가,35.80704255088,127.115628145167,19943,2647,2667,543,6389,2823,153,4721
전북특별자치도경찰청,전북특별자치도,전주시,효자동2가,35.8020195968507,127.100853510251,19943,2647,2667,543,6389,2823,153,4721
전북특별자치도경찰청,전북특별자치도,전주시,효자동3가,35.8268338138848,127.09559496887,19943,2647,2667,543,6389,2823,153,4721
전북특별자치도경찰청,전북특별자치도,정읍시,감곡면,35.7148878436574,126.928506951742,2594,427,443,37,641,454,23,569
전북특별자치도경찰청,전북특별자치도,정읍시,고부면,35.6185618287653,126.771689579295,2594,427,443,37,641,454,23,569
전북특별자치도경찰청,전북특별자치도,정읍시,공평동,35.5793783911217,126.821491794994,2594,427,443,37,641,454,23,569
전북특별자치도경찰청,전북특별자치도,정읍시,과교동,35.5478463652256,126.838677652323,2594,427,443,37,641,454,23,569
전북특별자치도경찰청,전북특별자치도,정읍시,교암동,35.5262326336483,126.84377053514,2594,427,443,37,641,454,23,569
전북특별자치도경찰청,전북특별자치도,정읍시,구룡동,35.5722712685619,126.885733915743,2594,427,443,37,641,454,23,569
전북특별자치도경찰청,전북특별자치도,정읍시,금붕동,35.5506382262603,126.89152160281,2594,427,443,37,641,454,23,569
전북특별자치도경찰청,전북특별자치도,정읍시,내장동,35.4952569523004,126.92229216193,2594,427,443,37,641,454,23,569
전북특별자치도경찰청,전북특별자치도,정읍시,농소동,35.5892094066861,126.841926982366,2594,427,443,37,641,454,23,569
전북특별자치도경찰청,전북특별자치도,정읍시,덕천면,35.6185995910523,126.842575603462,2594,427,443,37,641,454,23,569
전북특별자치도경찰청,전북특별자치도,정읍시,망제동,35.603188823743,126.832841224293,2594,427,443,37,641,454,23,569
전북특별자치도경찰청,전북특별자치도,정읍시,부전동,35.5348474081468,126.913851772321,2594,427,443,37,641,454,23,569
전북특별자치도경찰청,전북특별자치도,정읍시,북면,35.6092231273679,126.892232805233,2594,427,443,37,641,454,23,569
전북특별자치도경찰청,전북특별자치도,정읍시,산내면,35.5682297336934,127.030247338414,2594,427,443,37,641,454,23,569
전북특별자치도경찰청,전북특별자치도,정읍시,산외면,35.6214566541894,127.042043163357,2594,427,443,37,641,454,23,569
전북특별자치도경찰청,전북특별자치도,정읍시,삼산동,35.5464904588021,126.815785973624,2594,427,443,37,641,454,23,569
전북특별자치도경찰청,전북특별자치도,정읍시,상동,35.5621238188604,126.869149959471,2594,427,443,37,641,454,23,569
전북특별자치도경찰청,전북특별자치도,정읍시,상평동,35.5615502611501,126.83376602516,2594,427,443,37,641,454,23,569
전북특별자치도경찰청,전북특별자치도,정읍시,소성면,35.5568661143903,126.783203024789,2594,427,443,37,641,454,23,569
전북특별자치도경찰청,전북특별자치도,정읍시,송산동,35.5482945034337,126.872732393055,2594,427,443,37,641,454,23,569
전북특별자치도경찰청,전북특별자치도,정읍시,수성동,35.5696800126638,126.850309433346,2594,427,443,37,641,454,23,569
전북특별자치도경찰청,전북특별자치도,정읍시,시기동,35.5655544416485,126.849319927102,2594,427,443,37,641,454,23,569
전북특별자치도경찰청,전북특별자치도,정읍시,신월동,35.5248514450762,126.864302082018,2594,427,443,37,641,454,23,569
전북특별자치도경찰청,전북특별자치도,정읍시,신정동,35.4925913997218,126.848742127112,2594,427,443,37,641,454,23,569
전북특별자치도경찰청,전북특별자치도,정읍시,신태인읍,35.688159844917,126.886651546448,2594,427,443,37,641,454,23,569
전북특별자치도경찰청,전북특별자치도,정읍시,쌍암동,35.5112304141755,126.888435193487,2594,427,443,37,641,454,23,569
전북특별자치도경찰청,전북특별자치도,정읍시,연지동,35.5683830806224,126.845339011695,2594,427,443,37,641,454,23,569
전북특별자치도경찰청,전북특별자치도,정읍시,영원면,35.6551214410615,126.785327526867,2594,427,443,37,641,454,23,569
전북특별자치도경찰청,전북특별자치도,정읍시,영파동,35.6084323066182,126.853433490052,2594,427,443,37,641,454,23,569
전북특별자치도경찰청,전북특별자치도,정읍시,옹동면,35.6435284558107,126.974525137075,2594,427,443,37,641,454,23,569
전북특별자치도경찰청,전북특별자치도,정읍시,용계동,35.5895627597114,126.809543611433,2594,427,443,37,641,454,23,569
전북특별자치도경찰청,전북특별자치도,정읍시,용산동,35.5096667588224,126.868009348715,2594,427,443,37,641,454,23,569
전북특별자치도경찰청,전북특별자치도,정읍시,이평면,35.6649487286183,126.838177354072,2594,427,443,37,641,454,23,569
전북특별자치도경찰청,전북특별자치도,정읍시,입암면,35.5037572915125,126.793190936821,2594,427,443,37,641,454,23,569
전북특별자치도경찰청,전북특별자치도,정읍시,장명동,35.5675930028291,126.856565699388,2594,427,443,37,641,454,23,569
전북특별자치도경찰청,전북특별자치도,정읍시,정우면,35.6448119585966,126.875918503553,2594,427,443,37,641,454,23,569
전북특별자치도경찰청,전북특별자치도,정읍시,진산동,35.5362088712565,126.830863160915,2594,427,443,37,641,454,23,569
전북특별자치도경찰청,전북특별자치도,정읍시,칠보면,35.6025835500164,126.993533000367,2594,427,443,37,641,454,23,569
전북특별자치도경찰청,전북특별자치도,정읍시,태인면,35.6505963689292,126.932535141466,2594,427,443,37,641,454,23,569
전북특별자치도경찰청,전북특별자치도,정읍시,하모동,35.5712179317553,126.827599295509,2594,427,443,37,641,454,23,569
전북특별자치도경찰청,전북특별자치도,정읍시,하북동,35.5957535808971,126.869699961229,2594,427,443,37,641,454,23,569
전북특별자치도경찰청,전북특별자치도,정읍시,흑암동,35.6021285516586,126.81768029999,2594,427,443,37,641,454,23,569
전북특별자치도경찰청,전북특별자치도,진안군,동향면,35.8381474635254,127.567937096038,529,65,47,7,211,92,7,100
전북특별자치도경찰청,전북특별자치도,진안군,마령면,35.7344433351892,127.370812189982,529,65,47,7,211,92,7,100
전북특별자치도경찰청,전북특별자치도,진안군,백운면,35.6894150875464,127.395951525691,529,65,47,7,211,92,7,100
전북특별자치도경찰청,전북특별자치도,진안군,부귀면,35.8373269991001,127.360332864434,529,65,47,7,211,92,7,100
전북특별자치도경찰청,전북특별자치도,진안군,상전면,35.8230006781126,127.487135067421,529,65,47,7,211,92,7,100
전북특별자치도경찰청,전북특별자치도,진안군,성수면,35.7085445224066,127.323277331915,529,65,47,7,211,92,7,100
전북특별자치도경찰청,전북특별자치도,진안군,안천면,35.8971189540272,127.552921966805,529,65,47,7,211,92,7,100
전북특별자치도경찰청,전북특별자치도,진안군,용담면,35.9666135181337,127.520121134602,529,65,47,7,211,92,7,100
전북특별자치도경찰청,전북특별자치도,진안군,정천면,35.8731671872855,127.428617112258,529,65,47,7,211,92,7,100
전북특별자치도경찰청,전북특별자치도,진안군,주천면,35.9752524899679,127.42547846477,529,65,47,7,211,92,7,100
전북특별자치도경찰청,전북특별자치도,진안군,진안읍,35.7892727060328,127.423192937564,529,65,47,7,211,92,7,100
부산광역시경찰청,부산광역시,강서구,강동동,35.2145168459059,128.935271405931,5172,632,446,96,1640,847,44,1467
부산광역시경찰청,부산광역시,강서구,구랑동,35.1294067301993,128.851693901348,5172,632,446,96,1640,847,44,1467
부산광역시경찰청,부산광역시,강서구,녹산동,35.119139642914,128.882378803698,5172,632,446,96,1640,847,44,1467
부산광역시경찰청,부산광역시,강서구,눌차동,35.0652927105229,128.851121269929,5172,632,446,96,1640,847,44,1467
부산광역시경찰청,부산광역시,강서구,대저1동,35.2154530980837,128.97681509437,5172,632,446,96,1640,847,44,1467
부산광역시경찰청,부산광역시,강서구,대저2동,35.1785857250469,128.956533692717,5172,632,446,96,1640,847,44,1467
부산광역시경찰청,부산광역시,강서구,대항동,35.0081787107857,128.83082681259,5172,632,446,96,1640,847,44,1467
부산광역시경찰청,부산광역시,강서구,동선동,35.0462492955332,128.840631468634,5172,632,446,96,1640,847,44,1467
부산광역시경찰청,부산광역시,강서구,명지동,35.1082274493664,128.926450851828,5172,632,446,96,1640,847,44,1467
부산광역시경찰청,부산광역시,강서구,미음동,35.1511463498995,128.857879021468,5172,632,446,96,1640,847,44,1467
부산광역시경찰청,부산광역시,강서구,범방동,35.1491260748853,128.883192222592,5172,632,446,96,1640,847,44,1467
부산광역시경찰청,부산광역시,강서구,봉림동,35.1774506998519,128.894623950148,5172,632,446,96,1640,847,44,1467
부산광역시경찰청,부산광역시,강서구,생곡동,35.1305010488128,128.877791681411,5172,632,446,96,1640,847,44,1467
부산광역시경찰청,부산광역시,강서구,성북동,35.0534010697009,128.813853440238,5172,632,446,96,1640,847,44,1467
부산광역시경찰청,부산광역시,강서구,송정동,35.092817978428,128.849317899227,5172,632,446,96,1640,847,44,1467
부산광역시경찰청,부산광역시,강서구,식만동,35.2111486875336,128.911767804559,5172,632,446,96,1640,847,44,1467
부산광역시경찰청,부산광역시,강서구,신호동,35.0905268830916,128.878751702628,5172,632,446,96,1640,847,44,1467
부산광역시경찰청,부산광역시,강서구,죽동동,35.2003982058467,128.881705241387,5172,632,446,96,1640,847,44,1467
부산광역시경찰청,부산광역시,강서구,죽림동,35.2033978036111,128.898529239691,5172,632,446,96,1640,847,44,1467
부산광역시경찰청,부산광역시,강서구,지사동,35.1437260956391,128.823584206032,5172,632,446,96,1640,847,44,1467
부산광역시경찰청,부산광역시,강서구,천성동,35.0304589495977,128.826866581092,5172,632,446,96,1640,847,44,1467
부산광역시경찰청,부산광역시,강서구,화전동,35.1029676857009,128.864474254255,5172,632,446,96,1640,847,44,1467
부산광역시경찰청,부산광역시,금정구,구서동,35.2553544296302,129.07614591559,6289,863,878,181,1981,627,89,1670
부산광역시경찰청,부산광역시,금정구,금사동,35.2202784156162,129.111130197749,6289,863,878,181,1981,627,89,1670
부산광역시경찰청,부산광역시,금정구,금성동,35.2503324603387,129.056142876022,6289,863,878,181,1981,627,89,1670
부산광역시경찰청,부산광역시,금정구,남산동,35.2716577535563,129.092262111544,6289,863,878,181,1981,627,89,1670
부산광역시경찰청,부산광역시,금정구,노포동,35.2913113631609,129.088002246612,6289,863,878,181,1981,627,89,1670
부산광역시경찰청,부산광역시,금정구,두구동,35.2945516545984,129.111673020789,6289,863,878,181,1981,627,89,1670
부산광역시경찰청,부산광역시,금정구,부곡동,35.2376380106209,129.096413857004,6289,863,878,181,1981,627,89,1670
부산광역시경찰청,부산광역시,금정구,서동,35.2553544296302,129.07614591559,6289,863,878,181,1981,627,89,1670
부산광역시경찰청,부산광역시,금정구,선동,35.2662438049591,129.109685369785,6289,863,878,181,1981,627,89,1670
부산광역시경찰청,부산광역시,금정구,오륜동,35.2519332019951,129.122694820097,6289,863,878,181,1981,627,89,1670
부산광역시경찰청,부산광역시,금정구,장전동,35.2347159155634,129.072491624188,6289,863,878,181,1981,627,89,1670
부산광역시경찰청,부산광역시,금정구,청룡동,35.2846110827582,129.065300439049,6289,863,878,181,1981,627,89,1670
부산광역시경찰청,부산광역시,금정구,회동동,35.2334758158297,129.123839171603,6289,863,878,181,1981,627,89,1670
부산광역시경찰청,부산광역시,기장군,기장읍,35.2387136286813,129.215860749696,5392,664,448,117,1732,828,59,1544
부산광역시경찰청,부산광역시,기장군,일광면,35.2639537045623,129.23224176821,5392,664,448,117,1732,828,59,1544
부산광역시경찰청,부산광역시,기장군,장안읍,35.313927337956,129.244027911756,5392,664,448,117,1732,828,59,1544
부산광역시경찰청,부산광역시,기장군,정관읍,35.3255215005655,129.18029849757,5392,664,448,117,1732,828,59,1544
부산광역시경찰청,부산광역시,기장군,철마면,35.2753211363779,129.149739538284,5392,664,448,117,1732,828,59,1544
부산광역시경찰청,부산광역시,남구,감만동,35.1131135578819,129.080913164455,8674,1044,862,306,3193,681,79,2509
부산광역시경찰청,부산광역시,남구,대연동,35.1378939446187,129.09146973801,8674,1044,862,306,3193,681,79,2509
부산광역시경찰청,부산광역시,남구,문현동,35.1433269924834,129.072124227665,8674,1044,862,306,3193,681,79,2509
부산광역시경찰청,부산광역시,남구,용당동,35.1176498740348,129.095040714388,8674,1044,862,306,3193,681,79,2509
부산광역시경찰청,부산광역시,남구,용호동,35.1139656623746,129.116007443618,8674,1044,862,306,3193,681,79,2509
부산광역시경찰청,부산광역시,남구,우암동,35.1250127857502,129.075854463096,8674,1044,862,306,3193,681,79,2509
부산광역시경찰청,부산광역시,동구,범일동,35.1329319076031,129.060882282368,4359,737,567,94,1333,483,72,1073
부산광역시경찰청,부산광역시,동구,수정동,35.1326931627434,129.036633280085,4359,737,567,94,1333,483,72,1073
부산광역시경찰청,부산광역시,동구,좌천동,35.1314104550705,129.049211885,4359,737,567,94,1333,483,72,1073
부산광역시경찰청,부산광역시,동구,초량동,35.1213355196694,129.033586449747,4359,737,567,94,1333,483,72,1073
부산광역시경찰청,부산광역시,동래구,낙민동,35.1965209826522,129.092216709084,7797,1118,1264,164,2425,721,142,1963
부산광역시경찰청,부산광역시,동래구,명륜동,35.2124857123219,129.08155822834,7797,1118,1264,164,2425,721,142,1963
부산광역시경찰청,부산광역시,동래구,명장동,35.2049949172739,129.104511347999,7797,1118,1264,164,2425,721,142,1963
부산광역시경찰청,부산광역시,동래구,복천동,35.2064686574347,129.088519327079,7797,1118,1264,164,2425,721,142,1963
부산광역시경찰청,부산광역시,동래구,사직동,35.1989699840999,129.055523395593,7797,1118,1264,164,2425,721,142,1963
부산광역시경찰청,부산광역시,동래구,수안동,35.1967385356112,129.085876890287,7797,1118,1264,164,2425,721,142,1963
부산광역시경찰청,부산광역시,동래구,안락동,35.1941527342993,129.106558871146,7797,1118,1264,164,2425,721,142,1963
부산광역시경찰청,부산광역시,동래구,온천동,35.2118823526351,129.066706270938,7797,1118,1264,164,2425,721,142,1963
부산광역시경찰청,부산광역시,동래구,칠산동,35.204274876575,129.091985265468,7797,1118,1264,164,2425,721,142,1963
부산광역시경찰청,부산광역시,부산진구,가야동,35.1479801623861,129.032581642818,17497,2871,2678,506,5286,1537,284,4335
부산광역시경찰청,부산광역시,부산진구,개금동,35.1606615344224,129.017916186161,17497,2871,2678,506,5286,1537,284,4335
부산광역시경찰청,부산광역시,부산진구,당감동,35.1728246466468,129.01807631278,17497,2871,2678,506,5286,1537,284,4335
부산광역시경찰청,부산광역시,부산진구,범전동,35.1657350620611,129.061257717948,17497,2871,2678,506,5286,1537,284,4335
부산광역시경찰청,부산광역시,부산진구,범천동,35.1500526395981,129.049705672836,17497,2871,2678,506,5286,1537,284,4335
부산광역시경찰청,부산광역시,부산진구,부암동,35.1785361380042,129.030694924367,17497,2871,2678,506,5286,1537,284,4335
부산광역시경찰청,부산광역시,부산진구,부전동,35.1561936023553,129.058076204432,17497,2871,2678,506,5286,1537,284,4335
부산광역시경찰청,부산광역시,부산진구,양정동,35.1710811495463,129.07432099535,17497,2871,2678,506,5286,1537,284,4335
부산광역시경찰청,부산광역시,부산진구,연지동,35.1727845612254,129.052840043371,17497,2871,2678,506,5286,1537,284,4335
부산광역시경찰청,부산광역시,부산진구,전포동,35.157256269615,129.071226616738,17497,2871,2678,506,5286,1537,284,4335
부산광역시경찰청,부산광역시,부산진구,초읍동,35.1813784873021,129.047278314668,17497,2871,2678,506,5286,1537,284,4335
부산광역시경찰청,부산광역시,북구,구포동,35.1981560740703,129.008888072412,7322,906,1137,119,2730,598,95,1737
부산광역시경찰청,부산광역시,북구,금곡동,35.2500842483244,129.012818480406,7322,906,1137,119,2730,598,95,1737
부산광역시경찰청,부산광역시,북구,덕천동,35.2131838661402,129.014529045675,7322,906,1137,119,2730,598,95,1737
부산광역시경찰청,부산광역시,북구,만덕동,35.2145376863012,129.038728928443,7322,906,1137,119,2730,598,95,1737
부산광역시경찰청,부산광역시,북구,화명동,35.2357636793339,129.013861621487,7322,906,1137,119,2730,598,95,1737
부산광역시경찰청,부산광역시,사상구,감전동,35.1542462143787,128.979410354417,7011,1081,797,142,2403,913,114,1561
부산광역시경찰청,부산광역시,사상구,괘법동,35.1637613818596,128.987191072181,7011,1081,797,142,2403,913,114,1561
부산광역시경찰청,부산광역시,사상구,덕포동,35.1755216967939,128.987960251921,7011,1081,797,142,2403,913,114,1561
부산광역시경찰청,부산광역시,사상구,모라동,35.1833146881081,129.003943217684,7011,1081,797,142,2403,913,114,1561
부산광역시경찰청,부산광역시,사상구,삼락동,35.1769469026271,128.977752365755,7011,1081,797,142,2403,913,114,1561
부산광역시경찰청,부산광역시,사상구,엄궁동,35.1286945870537,128.972201277422,7011,1081,797,142,2403,913,114,1561
부산광역시경찰청,부산광역시,사상구,주례동,35.1521705842909,129.006097664426,7011,1081,797,142,2403,913,114,1561
부산광역시경찰청,부산광역시,사상구,학장동,35.1440995880535,128.987296537566,7011,1081,797,142,2403,913,114,1561
부산광역시경찰청,부산광역시,사하구,감천동,35.0924617954664,129.006993225079,7787,1229,952,179,2498,770,121,2038
부산광역시경찰청,부산광역시,사하구,괴정동,35.1037002076552,128.995052763432,7787,1229,952,179,2498,770,121,2038
부산광역시경찰청,부산광역시,사하구,구평동,35.0819025270148,128.987803598338,7787,1229,952,179,2498,770,121,2038
부산광역시경찰청,부산광역시,사하구,다대동,35.060278219962,128.967656104235,7787,1229,952,179,2498,770,121,2038
부산광역시경찰청,부산광역시,사하구,당리동,35.1029415185007,128.976677476741,7787,1229,952,179,2498,770,121,2038
부산광역시경찰청,부산광역시,사하구,신평동,35.0916245823035,128.96525131852,7787,1229,952,179,2498,770,121,2038
부산광역시경찰청,부산광역시,사하구,장림동,35.0742973837696,128.970527123964,7787,1229,952,179,2498,770,121,2038
부산광역시경찰청,부산광역시,사하구,하단동,35.1148094646082,128.952594462617,7787,1229,952,179,2498,770,121,2038
부산광역시경찰청,부산광역시,서구,남부민동,35.086548807399,129.02224992503,3642,477,662,58,1179,358,37,871
부산광역시경찰청,부산광역시,서구,동대신동1가,35.1103497011696,129.022741461813,3642,477,662,58,1179,358,37,871
부산광역시경찰청,부산광역시,서구,동대신동2가,35.1147172790818,129.02454718188,3642,477,662,58,1179,358,37,871
부산광역시경찰청,부산광역시,서구,동대신동3가,35.1230314246327,129.021637931999,3642,477,662,58,1179,358,37,871
부산광역시경찰청,부산광역시,서구,부민동1가,35.1046819610604,129.020649429831,3642,477,662,58,1179,358,37,871
부산광역시경찰청,부산광역시,서구,부민동2가,35.1026507777417,129.019239535702,3642,477,662,58,1179,358,37,871
부산광역시경찰청,부산광역시,서구,부민동3가,35.1037637358332,129.016262346677,3642,477,662,58,1179,358,37,871
부산광역시경찰청,부산광역시,서구,부용동1가,35.1068809177593,129.021076576986,3642,477,662,58,1179,358,37,871
부산광역시경찰청,부산광역시,서구,부용동2가,35.1065902492338,129.019051610724,3642,477,662,58,1179,358,37,871
부산광역시경찰청,부산광역시,서구,서대신동1가,35.1078166229779,129.014673371465,3642,477,662,58,1179,358,37,871
부산광역시경찰청,부산광역시,서구,서대신동2가,35.1091231262845,129.009801275895,3642,477,662,58,1179,358,37,871
부산광역시경찰청,부산광역시,서구,서대신동3가,35.1239326978437,129.010801321617,3642,477,662,58,1179,358,37,871
부산광역시경찰청,부산광역시,서구,아미동1가,35.0993919013628,129.019036333767,3642,477,662,58,1179,358,37,871
부산광역시경찰청,부산광역시,서구,아미동2가,35.0995003652555,129.013600222447,3642,477,662,58,1179,358,37,871
부산광역시경찰청,부산광역시,서구,암남동,35.0799230863579,129.020968156488,3642,477,662,58,1179,358,37,871
부산광역시경찰청,부산광역시,서구,초장동,35.0959825827774,129.020289958305,3642,477,662,58,1179,358,37,871
부산광역시경찰청,부산광역시,서구,충무동1가,35.0959614220744,129.024798164577,3642,477,662,58,1179,358,37,871
부산광역시경찰청,부산광역시,서구,충무동2가,35.0953738966942,129.022204730611,3642,477,662,58,1179,358,37,871
부산광역시경찰청,부산광역시,서구,충무동3가,35.0938409540338,129.022693165699,3642,477,662,58,1179,358,37,871
부산광역시경찰청,부산광역시,서구,토성동1가,35.0995256297373,129.023338024929,3642,477,662,58,1179,358,37,871
부산광역시경찰청,부산광역시,서구,토성동2가,35.1009417706496,129.021640484639,3642,477,662,58,1179,358,37,871
부산광역시경찰청,부산광역시,서구,토성동3가,35.1013043298984,129.020434458879,3642,477,662,58,1179,358,37,871
부산광역시경찰청,부산광역시,서구,토성동4가,35.0974520944836,129.023387652983,3642,477,662,58,1179,358,37,871
부산광역시경찰청,부산광역시,서구,토성동5가,35.0975901873532,129.02159280201,3642,477,662,58,1179,358,37,871
부산광역시경찰청,부산광역시,수영구,광안동,35.158289496222,129.109517930176,5598,1019,795,166,1253,776,53,1536
부산광역시경찰청,부산광역시,수영구,남천동,35.1427566802985,129.110376365895,5598,1019,795,166,1253,776,53,1536
부산광역시경찰청,부산광역시,수영구,망미동,35.1742365026598,129.101004990512,5598,1019,795,166,1253,776,53,1536
부산광역시경찰청,부산광역시,수영구,민락동,35.1572648406799,129.125445942114,5598,1019,795,166,1253,776,53,1536
부산광역시경찰청,부산광역시,수영구,수영동,35.1705527261101,129.116107846731,5598,1019,795,166,1253,776,53,1536
부산광역시경찰청,부산광역시,연제구,거제동,35.1892144284113,129.071677580761,7585,1091,833,237,2309,620,270,2225
부산광역시경찰청,부산광역시,연제구,연산동,35.1825602536423,129.085536368166,7585,1091,833,237,2309,620,270,2225
부산광역시경찰청,부산광역시,영도구,남항동1가,35.0904163792335,129.038835356146,2871,491,443,52,812,288,31,754
부산광역시경찰청,부산광역시,영도구,남항동2가,35.088562032749,129.037640183788,2871,491,443,52,812,288,31,754
부산광역시경찰청,부산광역시,영도구,남항동3가,35.0860399859303,129.036064478404,2871,491,443,52,812,288,31,754
부산광역시경찰청,부산광역시,영도구,대교동1가,35.0924257351993,129.038315245311,2871,491,443,52,812,288,31,754
부산광역시경찰청,부산광역시,영도구,대교동2가,35.0918793882843,129.040792715449,2871,491,443,52,812,288,31,754
부산광역시경찰청,부산광역시,영도구,대평동1가,35.0914249488508,129.035233523005,2871,491,443,52,812,288,31,754
부산광역시경찰청,부산광역시,영도구,대평동2가,35.0922848086516,129.032755038217,2871,491,443,52,812,288,31,754
부산광역시경찰청,부산광역시,영도구,동삼동,35.0777484249153,129.071639310245,2871,491,443,52,812,288,31,754
부산광역시경찰청,부산광역시,영도구,봉래동1가,35.0943037075615,129.040247899626,2871,491,443,52,812,288,31,754
부산광역시경찰청,부산광역시,영도구,봉래동2가,35.0954380654762,129.043096286733,2871,491,443,52,812,288,31,754
부산광역시경찰청,부산광역시,영도구,봉래동3가,35.0925480349772,129.044537243697,2871,491,443,52,812,288,31,754
부산광역시경찰청,부산광역시,영도구,봉래동4가,35.0909620285588,129.050295447046,2871,491,443,52,812,288,31,754
부산광역시경찰청,부산광역시,영도구,봉래동5가,35.0922725946945,129.053367551921,2871,491,443,52,812,288,31,754
부산광역시경찰청,부산광역시,영도구,신선동1가,35.0903861310098,129.046619051669,2871,491,443,52,812,288,31,754
부산광역시경찰청,부산광역시,영도구,신선동2가,35.0868234287964,129.046266889952,2871,491,443,52,812,288,31,754
부산광역시경찰청,부산광역시,영도구,신선동3가,35.0815373696274,129.051265425657,2871,491,443,52,812,288,31,754
부산광역시경찰청,부산광역시,영도구,영선동1가,35.0909863292586,129.043520252277,2871,491,443,52,812,288,31,754
부산광역시경찰청,부산광역시,영도구,영선동2가,35.088108031219,129.042768675858,2871,491,443,52,812,288,31,754
부산광역시경찰청,부산광역시,영도구,영선동3가,35.0860103601602,129.041041141533,2871,491,443,52,812,288,31,754
부산광역시경찰청,부산광역시,영도구,영선동4가,35.0768563301435,129.048407670117,2871,491,443,52,812,288,31,754
부산광역시경찰청,부산광역시,영도구,청학동,35.0921902835616,129.063943764121,2871,491,443,52,812,288,31,754
부산광역시경찰청,부산광역시,중구,광복동1가,35.0987790136637,129.034561062695,3517,650,574,74,1036,307,22,854
부산광역시경찰청,부산광역시,중구,광복동2가,35.0994614289035,129.032560417669,3517,650,574,74,1036,307,22,854
부산광역시경찰청,부산광역시,중구,광복동3가,35.10070731987,129.03135006866,3517,650,574,74,1036,307,22,854
부산광역시경찰청,부산광역시,중구,남포동1가,35.0974184009101,129.034658826808,3517,650,574,74,1036,307,22,854
부산광역시경찰청,부산광역시,중구,남포동2가,35.0979872776692,129.033409791904,3517,650,574,74,1036,307,22,854
부산광역시경찰청,부산광역시,중구,남포동3가,35.098960620929,129.029749666456,3517,650,574,74,1036,307,22,854
부산광역시경찰청,부산광역시,중구,남포동4가,35.0974778242666,129.031546247837,3517,650,574,74,1036,307,22,854
부산광역시경찰청,부산광역시,중구,남포동5가,35.097745820822,129.029535333442,3517,650,574,74,1036,307,22,854
부산광역시경찰청,부산광역시,중구,남포동6가,35.0975216541884,129.026775367304,3517,650,574,74,1036,307,22,854
부산광역시경찰청,부산광역시,중구,대창동1가,35.1069600760949,129.035729466429,3517,650,574,74,1036,307,22,854
부산광역시경찰청,부산광역시,중구,대창동2가,35.1097848556474,129.037093802432,3517,650,574,74,1036,307,22,854
부산광역시경찰청,부산광역시,중구,대청동1가,35.1050924911827,129.03274412158,3517,650,574,74,1036,307,22,854
부산광역시경찰청,부산광역시,중구,대청동2가,35.1030344708383,129.031223599504,3517,650,574,74,1036,307,22,854
부산광역시경찰청,부산광역시,중구,대청동3가,35.1030417876892,129.029280652244,3517,650,574,74,1036,307,22,854
부산광역시경찰청,부산광역시,중구,대청동4가,35.1071386511336,129.030456934028,3517,650,574,74,1036,307,22,854
부산광역시경찰청,부산광역시,중구,동광동1가,35.0994084469216,129.03571709182,3517,650,574,74,1036,307,22,854
부산광역시경찰청,부산광역시,중구,동광동2가,35.100258384387,129.034475020391,3517,650,574,74,1036,307,22,854
부산광역시경찰청,부산광역시,중구,동광동3가,35.1014361933045,129.034100764015,3517,650,574,74,1036,307,22,854
부산광역시경찰청,부산광역시,중구,동광동4가,35.1032848526728,129.034133547977,3517,650,574,74,1036,307,22,854
부산광역시경찰청,부산광역시,중구,동광동5가,35.1074899251665,129.034229294329,3517,650,574,74,1036,307,22,854
부산광역시경찰청,부산광역시,중구,보수동1가,35.1074151266678,129.025783364202,3517,650,574,74,1036,307,22,854
부산광역시경찰청,부산광역시,중구,보수동2가,35.1049990070193,129.023683878973,3517,650,574,74,1036,307,22,854
부산광역시경찰청,부산광역시,중구,보수동3가,35.1041370790951,129.022412453908,3517,650,574,74,1036,307,22,854
부산광역시경찰청,부산광역시,중구,부평동1가,35.1021533411539,129.027227791575,3517,650,574,74,1036,307,22,854
부산광역시경찰청,부산광역시,중구,부평동2가,35.0995830013551,129.025729875723,3517,650,574,74,1036,307,22,854
부산광역시경찰청,부산광역시,중구,부평동3가,35.1008235986556,129.024400861332,3517,650,574,74,1036,307,22,854
부산광역시경찰청,부산광역시,중구,부평동4가,35.1023841027859,129.022693722765,3517,650,574,74,1036,307,22,854
부산광역시경찰청,부산광역시,중구,신창동1가,35.1018224602478,129.030412772911,3517,650,574,74,1036,307,22,854
부산광역시경찰청,부산광역시,중구,신창동2가,35.1012433536222,129.029477305905,3517,650,574,74,1036,307,22,854
부산광역시경찰청,부산광역시,중구,신창동3가,35.1005783633467,129.028934478609,3517,650,574,74,1036,307,22,854
부산광역시경찰청,부산광역시,중구,신창동4가,35.1005365708055,129.028200953566,3517,650,574,74,1036,307,22,854
부산광역시경찰청,부산광역시,중구,영주동,35.1118639237961,129.03199111519,3517,650,574,74,1036,307,22,854
부산광역시경찰청,부산광역시,중구,중앙동1가,35.100773909347,129.035759822646,3517,650,574,74,1036,307,22,854
부산광역시경찰청,부산광역시,중구,중앙동2가,35.102166582279,129.035684804276,3517,650,574,74,1036,307,22,854
부산광역시경찰청,부산광역시,중구,중앙동3가,35.1035006464904,129.035665348977,3517,650,574,74,1036,307,22,854
부산광역시경찰청,부산광역시,중구,중앙동4가,35.1080708290432,129.038915420403,3517,650,574,74,1036,307,22,854
부산광역시경찰청,부산광역시,중구,중앙동5가,35.1018155511404,129.037268273125,3517,650,574,74,1036,307,22,854
부산광역시경찰청,부산광역시,중구,중앙동6가,35.0995721571252,129.037344021352,3517,650,574,74,1036,307,22,854
부산광역시경찰청,부산광역시,중구,중앙동7가,35.0976744773687,129.036581874417,3517,650,574,74,1036,307,22,854
부산광역시경찰청,부산광역시,중구,창선동1가,35.0994496463902,129.030682873728,3517,650,574,74,1036,307,22,854
부산광역시경찰청,부산광역시,중구,창선동2가,35.0995253244018,129.02831625311,3517,650,574,74,1036,307,22,854
부산광역시경찰청,부산광역시,해운대구,반송동,35.2189368500509,129.154119351895,11861,1409,1674,278,3823,1180,139,3358
부산광역시경찰청,부산광역시,해운대구,반여동,35.2061309543907,129.130232464088,11861,1409,1674,278,3823,1180,139,3358
부산광역시경찰청,부산광역시,해운대구,석대동,35.2240684642432,129.137114700442,11861,1409,1674,278,3823,1180,139,3358
부산광역시경찰청,부산광역시,해운대구,송정동,35.1836575939926,129.203669439395,11861,1409,1674,278,3823,1180,139,3358
부산광역시경찰청,부산광역시,해운대구,우동,35.1727271517264,129.148399576019,11861,1409,1674,278,3823,1180,139,3358
부산광역시경찰청,부산광역시,해운대구,재송동,35.1855603344596,129.127939014337,11861,1409,1674,278,3823,1180,139,3358
부산광역시경찰청,부산광역시,해운대구,좌동,35.1870826469031,129.174726496616,11861,1409,1674,278,3823,1180,139,3358
부산광역시경찰청,부산광역시,해운대구,중동,35.1589578525344,129.1782523858,11861,1409,1674,278,3823,1180,139,3358
대구광역시경찰청,대구광역시,남구,대명동,35.8400474627363,128.568889686389,5113,773,682,121,1557,692,57,1231
대구광역시경찰청,대구광역시,남구,봉덕동,35.8455729454257,128.597908299005,5113,773,682,121,1557,692,57,1231
대구광역시경찰청,대구광역시,남구,이천동,35.8536953182678,128.599439448938,5113,773,682,121,1557,692,57,1231
대구광역시경찰청,대구광역시,달서구,갈산동,35.8388046313657,128.498805404238,15127,2194,1965,365,4550,2335,216,3502
대구광역시경찰청,대구광역시,달서구,감삼동,35.8510162146677,128.542168596711,15127,2194,1965,365,4550,2335,216,3502
대구광역시경찰청,대구광역시,달서구,대곡동,35.7993344944605,128.526810802352,15127,2194,1965,365,4550,2335,216,3502
대구광역시경찰청,대구광역시,달서구,대천동,35.8255929053699,128.48725689576,15127,2194,1965,365,4550,2335,216,3502
대구광역시경찰청,대구광역시,달서구,도원동,35.8074811635163,128.532179565126,15127,2194,1965,365,4550,2335,216,3502
대구광역시경찰청,대구광역시,달서구,두류동,35.8537184722864,128.555402199963,15127,2194,1965,365,4550,2335,216,3502
대구광역시경찰청,대구광역시,달서구,본동,35.8344421692017,128.541046504677,15127,2194,1965,365,4550,2335,216,3502
대구광역시경찰청,대구광역시,달서구,본리동,35.8409762939102,128.543094223454,15127,2194,1965,365,4550,2335,216,3502
대구광역시경찰청,대구광역시,달서구,상인동,35.8140108485551,128.545280592943,15127,2194,1965,365,4550,2335,216,3502
대구광역시경찰청,대구광역시,달서구,성당동,35.8429586241896,128.549551926913,15127,2194,1965,365,4550,2335,216,3502
대구광역시경찰청,대구광역시,달서구,송현동,35.8293738401133,128.553382094845,15127,2194,1965,365,4550,2335,216,3502
대구광역시경찰청,대구광역시,달서구,신당동,35.8589615482179,128.498821737463,15127,2194,1965,365,4550,2335,216,3502
대구광역시경찰청,대구광역시,달서구,용산동,35.8565964722084,128.531153884197,15127,2194,1965,365,4550,2335,216,3502
대구광역시경찰청,대구광역시,달서구,월성동,35.8195928330291,128.522529469033,15127,2194,1965,365,4550,2335,216,3502
대구광역시경찰청,대구광역시,달서구,월암동,35.8308655380992,128.506721071857,15127,2194,1965,365,4550,2335,216,3502
대구광역시경찰청,대구광역시,달서구,유천동,35.8140262284258,128.514337755002,15127,2194,1965,365,4550,2335,216,3502
대구광역시경찰청,대구광역시,달서구,이곡동,35.8516504641555,128.510691792546,15127,2194,1965,365,4550,2335,216,3502
대구광역시경찰청,대구광역시,달서구,장기동,35.8433493267253,128.530035888982,15127,2194,1965,365,4550,2335,216,3502
대구광역시경찰청,대구광역시,달서구,장동,35.8395540012006,128.513215912198,15127,2194,1965,365,4550,2335,216,3502
대구광역시경찰청,대구광역시,달서구,죽전동,35.8557902191326,128.539803629301,15127,2194,1965,365,4550,2335,216,3502
대구광역시경찰청,대구광역시,달서구,진천동,35.8121889693631,128.522808503039,15127,2194,1965,365,4550,2335,216,3502
대구광역시경찰청,대구광역시,달서구,파호동,35.8413212157898,128.473994865515,15127,2194,1965,365,4550,2335,216,3502
대구광역시경찰청,대구광역시,달서구,호림동,35.8343457044158,128.479022878175,15127,2194,1965,365,4550,2335,216,3502
대구광역시경찰청,대구광역시,달서구,호산동,35.8439966092079,128.484182673527,15127,2194,1965,365,4550,2335,216,3502
대구광역시경찰청,대구광역시,달성군,가창면,35.8027049070586,128.622823693029,5761,789,912,122,1444,1128,49,1317
대구광역시경찰청,대구광역시,달성군,구지면,35.6587967490842,128.41359613327,5761,789,912,122,1444,1128,49,1317
대구광역시경찰청,대구광역시,달성군,논공읍,35.7743377407013,128.419898296813,5761,789,912,122,1444,1128,49,1317
대구광역시경찰청,대구광역시,달성군,다사읍,35.8722148474929,128.494266152885,5761,789,912,122,1444,1128,49,1317
대구광역시경찰청,대구광역시,달성군,옥포읍,35.7896007557197,128.463726101613,5761,789,912,122,1444,1128,49,1317
대구광역시경찰청,대구광역시,달성군,유가읍,35.6820085155638,128.485391163307,5761,789,912,122,1444,1128,49,1317
대구광역시경찰청,대구광역시,달성군,하빈면,35.9009239874901,128.445522157,5761,789,912,122,1444,1128,49,1317
대구광역시경찰청,대구광역시,달성군,현풍읍,35.6974640247088,128.447655933061,5761,789,912,122,1444,1128,49,1317
대구광역시경찰청,대구광역시,달성군,화원읍,35.8038038285711,128.500510378829,5761,789,912,122,1444,1128,49,1317
대구광역시경찰청,대구광역시,동구,각산동,35.8874753160381,128.715781885098,10336,1671,1244,238,3102,1332,110,2639
대구광역시경찰청,대구광역시,동구,검사동,35.8979250732657,128.665327486918,10336,1671,1244,238,3102,1332,110,2639
대구광역시경찰청,대구광역시,동구,괴전동,35.8696480790661,128.736056152725,10336,1671,1244,238,3102,1332,110,2639
대구광역시경찰청,대구광역시,동구,금강동,35.8583303551534,128.734782022297,10336,1671,1244,238,3102,1332,110,2639
대구광역시경찰청,대구광역시,동구,내곡동,35.9075990214426,128.749259563019,10336,1671,1244,238,3102,1332,110,2639
대구광역시경찰청,대구광역시,동구,내동,35.9683505600422,128.65615506585,10336,1671,1244,238,3102,1332,110,2639
대구광역시경찰청,대구광역시,동구,능성동,35.9696667099754,128.736417061467,10336,1671,1244,238,3102,1332,110,2639
대구광역시경찰청,대구광역시,동구,대림동,35.8678590141192,128.745095241715,10336,1671,1244,238,3102,1332,110,2639
대구광역시경찰청,대구광역시,동구,덕곡동,35.9788849510234,128.621705277527,10336,1671,1244,238,3102,1332,110,2639
대구광역시경찰청,대구광역시,동구,도동,35.9236484205448,128.66703226419,10336,1671,1244,238,3102,1332,110,2639
대구광역시경찰청,대구광역시,동구,도학동,35.9913777582333,128.716778959086,10336,1671,1244,238,3102,1332,110,2639
대구광역시경찰청,대구광역시,동구,동내동,35.8929088749619,128.741458851002,10336,1671,1244,238,3102,1332,110,2639
대구광역시경찰청,대구광역시,동구,동호동,35.8648730095202,128.717189706817,10336,1671,1244,238,3102,1332,110,2639
대구광역시경찰청,대구광역시,동구,둔산동,35.9067649454864,128.691254332437,10336,1671,1244,238,3102,1332,110,2639
대구광역시경찰청,대구광역시,동구,매여동,35.9137401998145,128.727913722398,10336,1671,1244,238,3102,1332,110,2639
대구광역시경찰청,대구광역시,동구,미곡동,35.9592182895256,128.682986543918,10336,1671,1244,238,3102,1332,110,2639
대구광역시경찰청,대구광역시,동구,미대동,35.9629967838868,128.672346026409,10336,1671,1244,238,3102,1332,110,2639
대구광역시경찰청,대구광역시,동구,방촌동,35.8800404543579,128.665254119185,10336,1671,1244,238,3102,1332,110,2639
대구광역시경찰청,대구광역시,동구,백안동,35.9544661718272,128.694611587761,10336,1671,1244,238,3102,1332,110,2639
대구광역시경찰청,대구광역시,동구,봉무동,35.9254563786381,128.644934245111,10336,1671,1244,238,3102,1332,110,2639
대구광역시경찰청,대구광역시,동구,부동,35.8908636705553,128.690871711668,10336,1671,1244,238,3102,1332,110,2639
대구광역시경찰청,대구광역시,동구,불로동,35.9112638211923,128.637138916656,10336,1671,1244,238,3102,1332,110,2639
대구광역시경찰청,대구광역시,동구,사복동,35.8694981075371,128.753080236639,10336,1671,1244,238,3102,1332,110,2639
대구광역시경찰청,대구광역시,동구,상매동,35.9163946388797,128.712462704785,10336,1671,1244,238,3102,1332,110,2639
대구광역시경찰청,대구광역시,동구,서호동,35.8647703953391,128.710487625315,10336,1671,1244,238,3102,1332,110,2639
대구광역시경찰청,대구광역시,동구,송정동,35.992895784586,128.625154542555,10336,1671,1244,238,3102,1332,110,2639
대구광역시경찰청,대구광역시,동구,숙천동,35.8855751210354,128.74880595319,10336,1671,1244,238,3102,1332,110,2639
대구광역시경찰청,대구광역시,동구,신기동,35.866878235873,128.704966532069,10336,1671,1244,238,3102,1332,110,2639
대구광역시경찰청,대구광역시,동구,신무동,36.0041454039137,128.672859871167,10336,1671,1244,238,3102,1332,110,2639
대구광역시경찰청,대구광역시,동구,신서동,35.8729369783141,128.727195348274,10336,1671,1244,238,3102,1332,110,2639
대구광역시경찰청,대구광역시,동구,신암동,35.8842737864276,128.616332122198,10336,1671,1244,238,3102,1332,110,2639
대구광역시경찰청,대구광역시,동구,신용동,35.9863811406822,128.651640052396,10336,1671,1244,238,3102,1332,110,2639
대구광역시경찰청,대구광역시,동구,신천동,35.8719700892442,128.626843791513,10336,1671,1244,238,3102,1332,110,2639
대구광역시경찰청,대구광역시,동구,신평동,35.8833748952232,128.679471016276,10336,1671,1244,238,3102,1332,110,2639
대구광역시경찰청,대구광역시,동구,용계동,35.8762436666167,128.68934295574,10336,1671,1244,238,3102,1332,110,2639
대구광역시경찰청,대구광역시,동구,용수동,35.9760863370909,128.676613180922,10336,1671,1244,238,3102,1332,110,2639
대구광역시경찰청,대구광역시,동구,율암동,35.8839970067429,128.703628202746,10336,1671,1244,238,3102,1332,110,2639
대구광역시경찰청,대구광역시,동구,율하동,35.8643519307826,128.692190221825,10336,1671,1244,238,3102,1332,110,2639
대구광역시경찰청,대구광역시,동구,입석동,35.900042746643,128.652936270186,10336,1671,1244,238,3102,1332,110,2639
대구광역시경찰청,대구광역시,동구,중대동,36.0017823006578,128.640929149449,10336,1671,1244,238,3102,1332,110,2639
대구광역시경찰청,대구광역시,동구,지묘동,35.9499824176018,128.642494683069,10336,1671,1244,238,3102,1332,110,2639
대구광역시경찰청,대구광역시,동구,지저동,35.8933913953701,128.638281363236,10336,1671,1244,238,3102,1332,110,2639
대구광역시경찰청,대구광역시,동구,진인동,35.9523024955821,128.715733379502,10336,1671,1244,238,3102,1332,110,2639
대구광역시경찰청,대구광역시,동구,평광동,35.933279155346,128.692306579091,10336,1671,1244,238,3102,1332,110,2639
대구광역시경찰청,대구광역시,동구,효목동,35.8816194653154,128.644837649626,10336,1671,1244,238,3102,1332,110,2639
대구광역시경찰청,대구광역시,북구,검단동,35.9134316582467,128.627218335816,10815,1581,1553,242,3334,1628,110,2367
대구광역시경찰청,대구광역시,북구,고성동1가,35.8783419803621,128.585682231533,10815,1581,1553,242,3334,1628,110,2367
대구광역시경찰청,대구광역시,북구,고성동2가,35.8800361417107,128.582128400277,10815,1581,1553,242,3334,1628,110,2367
대구광역시경찰청,대구광역시,북구,고성동3가,35.8816147228289,128.58760775366,10815,1581,1553,242,3334,1628,110,2367
대구광역시경찰청,대구광역시,북구,관음동,35.944243940444,128.547307377997,10815,1581,1553,242,3334,1628,110,2367
대구광역시경찰청,대구광역시,북구,구암동,35.9388896858902,128.56604087841,10815,1581,1553,242,3334,1628,110,2367
대구광역시경찰청,대구광역시,북구,국우동,35.947994862814,128.575396773359,10815,1581,1553,242,3334,1628,110,2367
대구광역시경찰청,대구광역시,북구,금호동,35.9112198561585,128.52696412093,10815,1581,1553,242,3334,1628,110,2367
대구광역시경찰청,대구광역시,북구,노곡동,35.9043791722133,128.560540113489,10815,1581,1553,242,3334,1628,110,2367
대구광역시경찰청,대구광역시,북구,노원동1가,35.8881742317474,128.579468655293,10815,1581,1553,242,3334,1628,110,2367
대구광역시경찰청,대구광역시,북구,노원동2가,35.8909686567833,128.574460955318,10815,1581,1553,242,3334,1628,110,2367
대구광역시경찰청,대구광역시,북구,노원동3가,35.8926627408683,128.564261537277,10815,1581,1553,242,3334,1628,110,2367
대구광역시경찰청,대구광역시,북구,대현동,35.8821476943226,128.605809327277,10815,1581,1553,242,3334,1628,110,2367
대구광역시경찰청,대구광역시,북구,도남동,35.9687232224488,128.591336772883,10815,1581,1553,242,3334,1628,110,2367
대구광역시경찰청,대구광역시,북구,동변동,35.9254399903659,128.608913487224,10815,1581,1553,242,3334,1628,110,2367
대구광역시경찰청,대구광역시,북구,동천동,35.9372187898208,128.558162654625,10815,1581,1553,242,3334,1628,110,2367
대구광역시경찰청,대구광역시,북구,동호동,35.9671498228859,128.567104363307,10815,1581,1553,242,3334,1628,110,2367
대구광역시경찰청,대구광역시,북구,매천동,35.9072053383485,128.539306198689,10815,1581,1553,242,3334,1628,110,2367
대구광역시경찰청,대구광역시,북구,복현동,35.8936143912751,128.618382558268,10815,1581,1553,242,3334,1628,110,2367
대구광역시경찰청,대구광역시,북구,사수동,35.8996543353405,128.512312485407,10815,1581,1553,242,3334,1628,110,2367
대구광역시경찰청,대구광역시,북구,산격동,35.8926339920658,128.594671874264,10815,1581,1553,242,3334,1628,110,2367
대구광역시경찰청,대구광역시,북구,서변동,35.9328995268225,128.594195031744,10815,1581,1553,242,3334,1628,110,2367
대구광역시경찰청,대구광역시,북구,연경동,35.9567429427196,128.615258465142,10815,1581,1553,242,3334,1628,110,2367
대구광역시경찰청,대구광역시,북구,읍내동,35.9458199920276,128.550591813611,10815,1581,1553,242,3334,1628,110,2367
대구광역시경찰청,대구광역시,북구,조야동,35.9144550124083,128.575635289984,10815,1581,1553,242,3334,1628,110,2367
대구광역시경찰청,대구광역시,북구,칠성동1가,35.8756080393593,128.604264495705,10815,1581,1553,242,3334,1628,110,2367
대구광역시경찰청,대구광역시,북구,칠성동2가,35.8779718720379,128.597832518637,10815,1581,1553,242,3334,1628,110,2367
대구광역시경찰청,대구광역시,북구,침산동,35.8903579121137,128.581164319124,10815,1581,1553,242,3334,1628,110,2367
대구광역시경찰청,대구광역시,북구,태전동,35.9240998152356,128.543249823001,10815,1581,1553,242,3334,1628,110,2367
대구광역시경찰청,대구광역시,북구,팔달동,35.8950649715332,128.536501680719,10815,1581,1553,242,3334,1628,110,2367
대구광역시경찰청,대구광역시,북구,학정동,35.9516875395389,128.567565795189,10815,1581,1553,242,3334,1628,110,2367
대구광역시경찰청,대구광역시,서구,내당동,35.8606854560362,128.560736898516,5954,982,1025,117,1594,797,49,1390
대구광역시경찰청,대구광역시,서구,비산동,35.8872751502313,128.548031933402,5954,982,1025,117,1594,797,49,1390
대구광역시경찰청,대구광역시,서구,상리동,35.8804514546528,128.526364362555,5954,982,1025,117,1594,797,49,1390
대구광역시경찰청,대구광역시,서구,원대동1가,35.8805847639949,128.578786427626,5954,982,1025,117,1594,797,49,1390
대구광역시경찰청,대구광역시,서구,원대동2가,35.8838526292786,128.580543313179,5954,982,1025,117,1594,797,49,1390
대구광역시경찰청,대구광역시,서구,원대동3가,35.88464736721,128.576298022567,5954,982,1025,117,1594,797,49,1390
대구광역시경찰청,대구광역시,서구,이현동,35.8744805073179,128.540333591375,5954,982,1025,117,1594,797,49,1390
대구광역시경찰청,대구광역시,서구,중리동,35.8634813608976,128.538482236892,5954,982,1025,117,1594,797,49,1390
대구광역시경찰청,대구광역시,서구,평리동,35.8756485454503,128.5634751646,5954,982,1025,117,1594,797,49,1390
대구광역시경찰청,대구광역시,수성구,가천동,35.8534793655941,128.685618787215,10735,1431,990,262,3917,1534,112,2489
대구광역시경찰청,대구광역시,수성구,고모동,35.8624404894429,128.67037664043,10735,1431,990,262,3917,1534,112,2489
대구광역시경찰청,대구광역시,수성구,노변동,35.8314728289966,128.696435914072,10735,1431,990,262,3917,1534,112,2489
대구광역시경찰청,대구광역시,수성구,대흥동,35.8103083725955,128.677590018818,10735,1431,990,262,3917,1534,112,2489
대구광역시경찰청,대구광역시,수성구,두산동,35.8294260861559,128.6206587993,10735,1431,990,262,3917,1534,112,2489
대구광역시경찰청,대구광역시,수성구,만촌동,35.8729577899757,128.646939337071,10735,1431,990,262,3917,1534,112,2489
대구광역시경찰청,대구광역시,수성구,매호동,35.8503785758524,128.709151243074,10735,1431,990,262,3917,1534,112,2489
대구광역시경찰청,대구광역시,수성구,범물동,35.8178791093646,128.645964449875,10735,1431,990,262,3917,1534,112,2489
대구광역시경찰청,대구광역시,수성구,범어동,35.8555358516494,128.622124414966,10735,1431,990,262,3917,1534,112,2489
대구광역시경찰청,대구광역시,수성구,사월동,35.8397795931,128.718870829886,10735,1431,990,262,3917,1534,112,2489
대구광역시경찰청,대구광역시,수성구,삼덕동,35.8272301190651,128.673829855948,10735,1431,990,262,3917,1534,112,2489
대구광역시경찰청,대구광역시,수성구,상동,35.8321136243905,128.615414999436,10735,1431,990,262,3917,1534,112,2489
대구광역시경찰청,대구광역시,수성구,성동,35.8489793123637,128.721318475549,10735,1431,990,262,3917,1534,112,2489
대구광역시경찰청,대구광역시,수성구,수성동1가,35.8573563472892,128.610591520883,10735,1431,990,262,3917,1534,112,2489
대구광역시경찰청,대구광역시,수성구,수성동2가,35.8526174943197,128.615069360439,10735,1431,990,262,3917,1534,112,2489
대구광역시경찰청,대구광역시,수성구,수성동3가,35.8579841514511,128.619393590123,10735,1431,990,262,3917,1534,112,2489
대구광역시경찰청,대구광역시,수성구,수성동4가,35.8622888877546,128.615044185307,10735,1431,990,262,3917,1534,112,2489
대구광역시경찰청,대구광역시,수성구,시지동,35.8431337434616,128.694630125483,10735,1431,990,262,3917,1534,112,2489
대구광역시경찰청,대구광역시,수성구,신매동,35.8386449773118,128.710479796844,10735,1431,990,262,3917,1534,112,2489
대구광역시경찰청,대구광역시,수성구,연호동,35.8438616562051,128.673559535937,10735,1431,990,262,3917,1534,112,2489
대구광역시경찰청,대구광역시,수성구,욱수동,35.8157306531,128.704668612237,10735,1431,990,262,3917,1534,112,2489
대구광역시경찰청,대구광역시,수성구,이천동,35.8391415684818,128.656518963884,10735,1431,990,262,3917,1534,112,2489
대구광역시경찰청,대구광역시,수성구,중동,35.8473943465577,128.615078532263,10735,1431,990,262,3917,1534,112,2489
대구광역시경찰청,대구광역시,수성구,지산동,35.826133871387,128.636441754136,10735,1431,990,262,3917,1534,112,2489
대구광역시경찰청,대구광역시,수성구,파동,35.8154748904578,128.61514418667,10735,1431,990,262,3917,1534,112,2489
대구광역시경찰청,대구광역시,수성구,황금동,35.84398924816,128.638149961102,10735,1431,990,262,3917,1534,112,2489
대구광역시경찰청,대구광역시,중구,계산동1가,35.8688212889845,128.586577471004,6358,1000,1188,286,1504,813,70,1497
대구광역시경찰청,대구광역시,중구,계산동2가,35.8675404186391,128.588035461325,6358,1000,1188,286,1504,813,70,1497
대구광역시경찰청,대구광역시,중구,공평동,35.8687847705398,128.598303436262,6358,1000,1188,286,1504,813,70,1497
대구광역시경찰청,대구광역시,중구,교동,35.8732543416388,128.599664275834,6358,1000,1188,286,1504,813,70,1497
대구광역시경찰청,대구광역시,중구,남산동,35.8593874161046,128.590445451725,6358,1000,1188,286,1504,813,70,1497
대구광역시경찰청,대구광역시,중구,남성로,35.8691912889829,128.58803740818,6358,1000,1188,286,1504,813,70,1497
대구광역시경찰청,대구광역시,중구,남일동,35.8689335780008,128.593886766902,6358,1000,1188,286,1504,813,70,1497
대구광역시경찰청,대구광역시,중구,달성동,35.8768650795239,128.580138728215,6358,1000,1188,286,1504,813,70,1497
대구광역시경찰청,대구광역시,중구,대봉동,35.8616784184071,128.604382212405,6358,1000,1188,286,1504,813,70,1497
대구광역시경찰청,대구광역시,중구,대신동,35.8656000853423,128.576350209281,6358,1000,1188,286,1504,813,70,1497
대구광역시경찰청,대구광역시,중구,대안동,35.8729868354141,128.591310719295,6358,1000,1188,286,1504,813,70,1497
대구광역시경찰청,대구광역시,중구,덕산동,35.8658794738768,128.593692744678,6358,1000,1188,286,1504,813,70,1497
대구광역시경찰청,대구광역시,중구,도원동,35.8762499234258,128.583603221135,6358,1000,1188,286,1504,813,70,1497
대구광역시경찰청,대구광역시,중구,동문동,35.8715276912168,128.599939566016,6358,1000,1188,286,1504,813,70,1497
대구광역시경찰청,대구광역시,중구,동산동,35.8676756506265,128.584619395149,6358,1000,1188,286,1504,813,70,1497
대구광역시경찰청,대구광역시,중구,동성로1가,35.8729304577252,128.595831334943,6358,1000,1188,286,1504,813,70,1497
대구광역시경찰청,대구광역시,중구,동성로2가,35.8699300621047,128.595664870862,6358,1000,1188,286,1504,813,70,1497
대구광역시경찰청,대구광역시,중구,동성로3가,35.8673419349861,128.59431101422,6358,1000,1188,286,1504,813,70,1497
대구광역시경찰청,대구광역시,중구,동인동1가,35.8719533481071,128.603969366691,6358,1000,1188,286,1504,813,70,1497
대구광역시경찰청,대구광역시,중구,동인동2가,35.8687028970171,128.604444119773,6358,1000,1188,286,1504,813,70,1497
대구광역시경찰청,대구광역시,중구,동인동3가,35.8717873205325,128.609643570754,6358,1000,1188,286,1504,813,70,1497
대구광역시경찰청,대구광역시,중구,동인동4가,35.8674120455348,128.612012836931,6358,1000,1188,286,1504,813,70,1497
대구광역시경찰청,대구광역시,중구,동일동,35.869470903176,128.592781536255,6358,1000,1188,286,1504,813,70,1497
대구광역시경찰청,대구광역시,중구,문화동,35.8711398969606,128.59738973059,6358,1000,1188,286,1504,813,70,1497
대구광역시경찰청,대구광역시,중구,봉산동,35.8619225445556,128.597966357221,6358,1000,1188,286,1504,813,70,1497
대구광역시경찰청,대구광역시,중구,북내동,35.8728075177877,128.589881080046,6358,1000,1188,286,1504,813,70,1497
대구광역시경찰청,대구광역시,중구,북성로1가,35.8743130037833,128.594867012731,6358,1000,1188,286,1504,813,70,1497
대구광역시경찰청,대구광역시,중구,북성로2가,35.8738228592672,128.58996780239,6358,1000,1188,286,1504,813,70,1497
대구광역시경찰청,대구광역시,중구,사일동,35.8710233592533,128.594495494286,6358,1000,1188,286,1504,813,70,1497
대구광역시경찰청,대구광역시,중구,삼덕동1가,35.8657369524839,128.598450353214,6358,1000,1188,286,1504,813,70,1497
대구광역시경찰청,대구광역시,중구,삼덕동2가,35.8650603191722,128.603241464298,6358,1000,1188,286,1504,813,70,1497
대구광역시경찰청,대구광역시,중구,삼덕동3가,35.8639721652056,128.607793907673,6358,1000,1188,286,1504,813,70,1497
대구광역시경찰청,대구광역시,중구,상덕동,35.8736317189339,128.59785163709,6358,1000,1188,286,1504,813,70,1497
대구광역시경찰청,대구광역시,중구,상서동,35.8703414386579,128.590194947482,6358,1000,1188,286,1504,813,70,1497
대구광역시경찰청,대구광역시,중구,서내동,35.8720492050164,128.589166193119,6358,1000,1188,286,1504,813,70,1497
대구광역시경찰청,대구광역시,중구,서문로1가,35.8712019438124,128.589180270945,6358,1000,1188,286,1504,813,70,1497
대구광역시경찰청,대구광역시,중구,서문로2가,35.8704795424921,128.58656625004,6358,1000,1188,286,1504,813,70,1497
대구광역시경찰청,대구광역시,중구,서성로1가,35.8721641790984,128.587286291807,6358,1000,1188,286,1504,813,70,1497
대구광역시경찰청,대구광역시,중구,서성로2가,35.8698934269613,128.587276420815,6358,1000,1188,286,1504,813,70,1497
대구광역시경찰청,대구광역시,중구,서야동,35.8730435986497,128.585656341533,6358,1000,1188,286,1504,813,70,1497
대구광역시경찰청,대구광역시,중구,수동,35.8690297509754,128.589349456448,6358,1000,1188,286,1504,813,70,1497
대구광역시경찰청,대구광역시,중구,수창동,35.8746910405715,128.585644888658,6358,1000,1188,286,1504,813,70,1497
대구광역시경찰청,대구광역시,중구,시장북로,35.8722383826178,128.58248262501,6358,1000,1188,286,1504,813,70,1497
대구광역시경찰청,대구광역시,중구,완전동,35.8723130799068,128.599158193414,6358,1000,1188,286,1504,813,70,1497
대구광역시경찰청,대구광역시,중구,용덕동,35.8738113356764,128.597084635775,6358,1000,1188,286,1504,813,70,1497
대구광역시경찰청,대구광역시,중구,인교동,35.8729395563212,128.583980201873,6358,1000,1188,286,1504,813,70,1497
대구광역시경찰청,대구광역시,중구,장관동,35.8686897180423,128.590529504324,6358,1000,1188,286,1504,813,70,1497
대구광역시경찰청,대구광역시,중구,전동,35.8705760977786,128.592887803548,6358,1000,1188,286,1504,813,70,1497
대구광역시경찰청,대구광역시,중구,종로1가,35.8701044013748,128.59176235755,6358,1000,1188,286,1504,813,70,1497
대구광역시경찰청,대구광역시,중구,종로2가,35.8680846145942,128.591854807772,6358,1000,1188,286,1504,813,70,1497
대구광역시경찰청,대구광역시,중구,태평로1가,35.8746852924858,128.596960457862,6358,1000,1188,286,1504,813,70,1497
대구광역시경찰청,대구광역시,중구,태평로2가,35.8754478473952,128.592467166482,6358,1000,1188,286,1504,813,70,1497
대구광역시경찰청,대구광역시,중구,태평로3가,35.8765993753498,128.586621863639,6358,1000,1188,286,1504,813,70,1497
대구광역시경찰청,대구광역시,중구,포정동,35.8720602733817,128.592412646284,6358,1000,1188,286,1504,813,70,1497
대구광역시경찰청,대구광역시,중구,하서동,35.870022906772,128.588116005703,6358,1000,1188,286,1504,813,70,1497
대구광역시경찰청,대구광역시,중구,향촌동,35.8731772055374,128.593807915603,6358,1000,1188,286,1504,813,70,1497
대구광역시경찰청,대구광역시,중구,화전동,35.8730996623103,128.595033125542,6358,1000,1188,286,1504,813,70,1497
인천광역시경찰청,인천광역시,강화군,강화읍,37.7483479287951,126.483733815019,1800,314,168,40,449,346,19,464
인천광역시경찰청,인천광역시,강화군,교동면,37.7845285796274,126.283014815298,1800,314,168,40,449,346,19,464
인천광역시경찰청,인천광역시,강화군,길상면,37.6406562660378,126.490997068792,1800,314,168,40,449,346,19,464
인천광역시경찰청,인천광역시,강화군,내가면,37.7193820844795,126.389827319378,1800,314,168,40,449,346,19,464
인천광역시경찰청,인천광역시,강화군,불은면,37.6865846022372,126.480343900914,1800,314,168,40,449,346,19,464
인천광역시경찰청,인천광역시,강화군,삼산면,37.7049474265361,126.32040974097,1800,314,168,40,449,346,19,464
인천광역시경찰청,인천광역시,강화군,서도면,37.6504198627877,126.239320129833,1800,314,168,40,449,346,19,464
인천광역시경찰청,인천광역시,강화군,선원면,37.7133449417265,126.48482509821,1800,314,168,40,449,346,19,464
인천광역시경찰청,인천광역시,강화군,송해면,37.7647980152118,126.463254769088,1800,314,168,40,449,346,19,464
인천광역시경찰청,인천광역시,강화군,양도면,37.6628523497572,126.422096586903,1800,314,168,40,449,346,19,464
인천광역시경찰청,인천광역시,강화군,양사면,37.7984227819949,126.408561523771,1800,314,168,40,449,346,19,464
인천광역시경찰청,인천광역시,강화군,하점면,37.7749161689117,126.411636420428,1800,314,168,40,449,346,19,464
인천광역시경찰청,인천광역시,강화군,화도면,37.6316748413931,126.419836724037,1800,314,168,40,449,346,19,464
인천광역시경찰청,인천광역시,계양구,갈현동,37.5773169489369,126.723880688201,7963,1163,825,217,2499,965,65,2229
인천광역시경찰청,인천광역시,계양구,계산동,37.5428607963106,126.724510217287,7963,1163,825,217,2499,965,65,2229
인천광역시경찰청,인천광역시,계양구,귤현동,37.5678793766951,126.741944726922,7963,1163,825,217,2499,965,65,2229
인천광역시경찰청,인천광역시,계양구,다남동,37.564429788885,126.722615295983,7963,1163,825,217,2499,965,65,2229
인천광역시경찰청,인천광역시,계양구,동양동,37.5589709760259,126.76107996894,7963,1163,825,217,2499,965,65,2229
인천광역시경찰청,인천광역시,계양구,둑실동,37.5746819164737,126.704315511328,7963,1163,825,217,2499,965,65,2229
인천광역시경찰청,인천광역시,계양구,목상동,37.5695577224305,126.711865455864,7963,1163,825,217,2499,965,65,2229
인천광역시경찰청,인천광역시,계양구,박촌동,37.5581059823774,126.743870756602,7963,1163,825,217,2499,965,65,2229
인천광역시경찰청,인천광역시,계양구,방축동,37.5553468386221,126.734758464304,7963,1163,825,217,2499,965,65,2229
인천광역시경찰청,인천광역시,계양구,병방동,37.5482215503967,126.747819992068,7963,1163,825,217,2499,965,65,2229
인천광역시경찰청,인천광역시,계양구,상야동,37.5733541196412,126.771846910605,7963,1163,825,217,2499,965,65,2229
인천광역시경찰청,인천광역시,계양구,서운동,37.5302218715553,126.752292867881,7963,1163,825,217,2499,965,65,2229
인천광역시경찰청,인천광역시,계양구,선주지동,37.5781273473067,126.747818789282,7963,1163,825,217,2499,965,65,2229
인천광역시경찰청,인천광역시,계양구,오류동,37.5851882297164,126.727076066333,7963,1163,825,217,2499,965,65,2229
인천광역시경찰청,인천광역시,계양구,용종동,37.540675935415,126.741676429816,7963,1163,825,217,2499,965,65,2229
인천광역시경찰청,인천광역시,계양구,이화동,37.5874873459744,126.739748483773,7963,1163,825,217,2499,965,65,2229
인천광역시경찰청,인천광역시,계양구,임학동,37.5483798675873,126.732949923189,7963,1163,825,217,2499,965,65,2229
인천광역시경찰청,인천광역시,계양구,작전동,37.5307998427734,126.729885541395,7963,1163,825,217,2499,965,65,2229
인천광역시경찰청,인천광역시,계양구,장기동,37.5763618168407,126.73645899083,7963,1163,825,217,2499,965,65,2229
인천광역시경찰청,인천광역시,계양구,평동,37.5824222311681,126.773992947939,7963,1163,825,217,2499,965,65,2229
인천광역시경찰청,인천광역시,계양구,하야동,37.5799946255954,126.786394548594,7963,1163,825,217,2499,965,65,2229
인천광역시경찰청,인천광역시,계양구,효성동,37.5324085170087,126.712126095433,7963,1163,825,217,2499,965,65,2229
인천광역시경찰청,인천광역시,남동구,간석동,37.4586752910068,126.705351572816,15488,2234,1242,458,4957,2060,260,4277
인천광역시경찰청,인천광역시,남동구,고잔동,37.3948569954357,126.69630508548,15488,2234,1242,458,4957,2060,260,4277
인천광역시경찰청,인천광역시,남동구,구월동,37.4493320894429,126.713525152911,15488,2234,1242,458,4957,2060,260,4277
인천광역시경찰청,인천광역시,남동구,남촌동,37.4292314211436,126.714650246045,15488,2234,1242,458,4957,2060,260,4277
인천광역시경찰청,인천광역시,남동구,논현동,37.4059832797152,126.729150577399,15488,2234,1242,458,4957,2060,260,4277
인천광역시경찰청,인천광역시,남동구,도림동,37.4177046735257,126.728001310114,15488,2234,1242,458,4957,2060,260,4277
인천광역시경찰청,인천광역시,남동구,만수동,37.4488855477954,126.732119636521,15488,2234,1242,458,4957,2060,260,4277
인천광역시경찰청,인천광역시,남동구,서창동,37.4328373664367,126.750535160559,15488,2234,1242,458,4957,2060,260,4277
인천광역시경찰청,인천광역시,남동구,수산동,37.4360708083707,126.729507720893,15488,2234,1242,458,4957,2060,260,4277
인천광역시경찰청,인천광역시,남동구,운연동,37.4381257818049,126.763421771259,15488,2234,1242,458,4957,2060,260,4277
인천광역시경찰청,인천광역시,남동구,장수동,37.4571231075949,126.753040520037,15488,2234,1242,458,4957,2060,260,4277
인천광역시경찰청,인천광역시,동구,금곡동,37.4727945498272,126.64101698646,1237,206,206,37,321,145,13,309
인천광역시경찰청,인천광역시,동구,만석동,37.4832593369187,126.625508844154,1237,206,206,37,321,145,13,309
인천광역시경찰청,인천광역시,동구,송림동,37.4762265463571,126.64015041084,1237,206,206,37,321,145,13,309
인천광역시경찰청,인천광역시,동구,송현동,37.4889408638872,126.641120648772,1237,206,206,37,321,145,13,309
인천광역시경찰청,인천광역시,동구,창영동,37.4710253298738,126.639949255761,1237,206,206,37,321,145,13,309
인천광역시경찰청,인천광역시,동구,화수동,37.48435499929,126.630098353638,1237,206,206,37,321,145,13,309
인천광역시경찰청,인천광역시,동구,화평동,37.4790236691568,126.630934125633,1237,206,206,37,321,145,13,309
인천광역시경찰청,인천광역시,미추홀구,관교동,37.4431273039606,126.696742918767,15339,2428,1444,450,4794,1904,300,4019
인천광역시경찰청,인천광역시,미추홀구,도화동,37.4704037020948,126.66382722965,15339,2428,1444,450,4794,1904,300,4019
인천광역시경찰청,인천광역시,미추홀구,문학동,37.4367196637247,126.685840004885,15339,2428,1444,450,4794,1904,300,4019
인천광역시경찰청,인천광역시,미추홀구,숭의동,37.4639861204445,126.6505721129,15339,2428,1444,450,4794,1904,300,4019
인천광역시경찰청,인천광역시,미추홀구,용현동,37.4514021746601,126.648591852703,15339,2428,1444,450,4794,1904,300,4019
인천광역시경찰청,인천광역시,미추홀구,주안동,37.4583425223071,126.685315551042,15339,2428,1444,450,4794,1904,300,4019
인천광역시경찰청,인천광역시,미추홀구,학익동,37.4410179859399,126.654380831267,15339,2428,1444,450,4794,1904,300,4019
인천광역시경찰청,인천광역시,부평구,갈산동,37.5176032533047,126.727295254355,15875,2728,2143,511,4515,1768,222,3988
인천광역시경찰청,인천광역시,부평구,구산동,37.4707907888381,126.751878673426,15875,2728,2143,511,4515,1768,222,3988
인천광역시경찰청,인천광역시,부평구,부개동,37.4848429355418,126.736902911522,15875,2728,2143,511,4515,1768,222,3988
인천광역시경찰청,인천광역시,부평구,부평동,37.4910355141783,126.723090470976,15875,2728,2143,511,4515,1768,222,3988
인천광역시경찰청,인천광역시,부평구,산곡동,37.4978724390987,126.703817982723,15875,2728,2143,511,4515,1768,222,3988
인천광역시경찰청,인천광역시,부평구,삼산동,37.5171021494127,126.740015740398,15875,2728,2143,511,4515,1768,222,3988
인천광역시경찰청,인천광역시,부평구,십정동,37.4760762809563,126.699910983781,15875,2728,2143,511,4515,1768,222,3988
인천광역시경찰청,인천광역시,부평구,일신동,37.4845910113843,126.746966677023,15875,2728,2143,511,4515,1768,222,3988
인천광역시경찰청,인천광역시,부평구,청천동,37.5174754318654,126.709948306142,15875,2728,2143,511,4515,1768,222,3988
인천광역시경찰청,인천광역시,서구,가정동,37.5232288067733,126.674522669542,16771,2145,1356,510,5711,2211,180,4658
인천광역시경찰청,인천광역시,서구,가좌동,37.4939783807824,126.673098188916,16771,2145,1356,510,5711,2211,180,4658
인천광역시경찰청,인천광역시,서구,검암동,37.5642859120746,126.6734114725,16771,2145,1356,510,5711,2211,180,4658
인천광역시경찰청,인천광역시,서구,경서동,37.5561823274357,126.651337176951,16771,2145,1356,510,5711,2211,180,4658
인천광역시경찰청,인천광역시,서구,공촌동,37.5498393058779,126.699864464232,16771,2145,1356,510,5711,2211,180,4658
인천광역시경찰청,인천광역시,서구,금곡동,37.613763739671,126.640861415782,16771,2145,1356,510,5711,2211,180,4658
인천광역시경찰청,인천광역시,서구,당하동,37.5921117368325,126.674585246871,16771,2145,1356,510,5711,2211,180,4658
인천광역시경찰청,인천광역시,서구,대곡동,37.6231788392197,126.668509703115,16771,2145,1356,510,5711,2211,180,4658
인천광역시경찰청,인천광역시,서구,마전동,37.5953744773207,126.673701407057,16771,2145,1356,510,5711,2211,180,4658
인천광역시경찰청,인천광역시,서구,백석동,37.5784473189524,126.672625099561,16771,2145,1356,510,5711,2211,180,4658
인천광역시경찰청,인천광역시,서구,불로동,37.61215063367,126.688288338704,16771,2145,1356,510,5711,2211,180,4658
인천광역시경찰청,인천광역시,서구,석남동,37.5110804950594,126.674801640164,16771,2145,1356,510,5711,2211,180,4658
인천광역시경찰청,인천광역시,서구,시천동,37.5709198281969,126.691810867543,16771,2145,1356,510,5711,2211,180,4658
인천광역시경찰청,인천광역시,서구,신현동,37.5183433123232,126.667308939306,16771,2145,1356,510,5711,2211,180,4658
인천광역시경찰청,인천광역시,서구,심곡동,37.5406173997724,126.683562499805,16771,2145,1356,510,5711,2211,180,4658
인천광역시경찰청,인천광역시,서구,연희동,37.548974969966,126.678203978634,16771,2145,1356,510,5711,2211,180,4658
인천광역시경찰청,인천광역시,서구,오류동,37.5947475773332,126.619592696141,16771,2145,1356,510,5711,2211,180,4658
인천광역시경찰청,인천광역시,서구,왕길동,37.5912216682019,126.650666521601,16771,2145,1356,510,5711,2211,180,4658
인천광역시경찰청,인천광역시,서구,원당동,37.5951276899196,126.70165291632,16771,2145,1356,510,5711,2211,180,4658
인천광역시경찰청,인천광역시,서구,원창동,37.5114914857686,126.640053562099,16771,2145,1356,510,5711,2211,180,4658
인천광역시경찰청,인천광역시,서구,청라동,37.5360210477793,126.630970210614,16771,2145,1356,510,5711,2211,180,4658
인천광역시경찰청,인천광역시,연수구,동춘동,37.4096123478585,126.670826553603,9903,1375,1185,236,3314,1026,112,2655
인천광역시경찰청,인천광역시,연수구,선학동,37.4224482590648,126.701385903384,9903,1375,1185,236,3314,1026,112,2655
인천광역시경찰청,인천광역시,연수구,송도동,37.3910698289609,126.652089783488,9903,1375,1185,236,3314,1026,112,2655
인천광역시경찰청,인천광역시,연수구,연수동,37.42221249729,126.681481155615,9903,1375,1185,236,3314,1026,112,2655
인천광역시경찰청,인천광역시,연수구,옥련동,37.4274077931914,126.655166478511,9903,1375,1185,236,3314,1026,112,2655
인천광역시경찰청,인천광역시,연수구,청학동,37.4250030076557,126.666158794496,9903,1375,1185,236,3314,1026,112,2655
인천광역시경찰청,인천광역시,옹진군,대청면,37.8252535468268,124.712308819935,418,65,15,14,86,88,7,143
인천광역시경찰청,인천광역시,옹진군,덕적면,37.2276332114677,126.144705565589,418,65,15,14,86,88,7,143
인천광역시경찰청,인천광역시,옹진군,백령면,37.9743612082617,124.718710475438,418,65,15,14,86,88,7,143
인천광역시경찰청,인천광역시,옹진군,북도면,37.5329794642507,126.429069369524,418,65,15,14,86,88,7,143
인천광역시경찰청,인천광역시,옹진군,연평면,37.6651915483657,125.702047674071,418,65,15,14,86,88,7,143
인천광역시경찰청,인천광역시,옹진군,영흥면,37.2559012375492,126.483321517933,418,65,15,14,86,88,7,143
인천광역시경찰청,인천광역시,옹진군,자월면,37.2546232671261,126.307202843874,418,65,15,14,86,88,7,143
인천광역시경찰청,인천광역시,중구,경동,37.4719999726785,126.634586161031,7858,948,791,196,2613,1104,157,2049
인천광역시경찰청,인천광역시,중구,관동1가,37.4737783312896,126.621350714559,7858,948,791,196,2613,1104,157,2049
인천광역시경찰청,인천광역시,중구,관동2가,37.4728117358066,126.62338141097,7858,948,791,196,2613,1104,157,2049
인천광역시경찰청,인천광역시,중구,관동3가,37.4719695079718,126.624864288216,7858,948,791,196,2613,1104,157,2049
인천광역시경찰청,인천광역시,중구,남북동,37.4530644703658,126.410654282755,7858,948,791,196,2613,1104,157,2049
인천광역시경찰청,인천광역시,중구,내동,37.4727066611058,126.627754629171,7858,948,791,196,2613,1104,157,2049
인천광역시경찰청,인천광역시,중구,답동,37.4703689164196,126.629303625267,7858,948,791,196,2613,1104,157,2049
인천광역시경찰청,인천광역시,중구,덕교동,37.4368990249211,126.422771894891,7858,948,791,196,2613,1104,157,2049
인천광역시경찰청,인천광역시,중구,도원동,37.4680782719059,126.637928653864,7858,948,791,196,2613,1104,157,2049
인천광역시경찰청,인천광역시,중구,무의동,37.379555947382,126.422172947152,7858,948,791,196,2613,1104,157,2049
인천광역시경찰청,인천광역시,중구,북성동1가,37.4700788377632,126.603237142771,7858,948,791,196,2613,1104,157,2049
인천광역시경찰청,인천광역시,중구,북성동2가,37.4762011833895,126.618286057207,7858,948,791,196,2613,1104,157,2049
인천광역시경찰청,인천광역시,중구,북성동3가,37.4759090905699,126.620471720144,7858,948,791,196,2613,1104,157,2049
인천광역시경찰청,인천광역시,중구,사동,37.4690521321642,126.625457644242,7858,948,791,196,2613,1104,157,2049
인천광역시경찰청,인천광역시,중구,선린동,37.4743546580742,126.619009926458,7858,948,791,196,2613,1104,157,2049
인천광역시경찰청,인천광역시,중구,선화동,37.4657534000454,126.636664803948,7858,948,791,196,2613,1104,157,2049
인천광역시경찰청,인천광역시,중구,송월동1가,37.479872641337,126.622450551262,7858,948,791,196,2613,1104,157,2049
인천광역시경찰청,인천광역시,중구,송월동2가,37.4792312517427,126.619120838258,7858,948,791,196,2613,1104,157,2049
인천광역시경찰청,인천광역시,중구,송월동3가,37.478036878308,126.620913182874,7858,948,791,196,2613,1104,157,2049
인천광역시경찰청,인천광역시,중구,송학동1가,37.4746353359853,126.622241752895,7858,948,791,196,2613,1104,157,2049
인천광역시경찰청,인천광역시,중구,송학동2가,37.4742832525264,126.624852724082,7858,948,791,196,2613,1104,157,2049
인천광역시경찰청,인천광역시,중구,송학동3가,37.4739203050829,126.626324184048,7858,948,791,196,2613,1104,157,2049
인천광역시경찰청,인천광역시,중구,신생동,37.4661870360408,126.628917337531,7858,948,791,196,2613,1104,157,2049
인천광역시경찰청,인천광역시,중구,신포동,37.4711133457113,126.626505465171,7858,948,791,196,2613,1104,157,2049
인천광역시경찰청,인천광역시,중구,신흥동1가,37.4673299004564,126.631344304425,7858,948,791,196,2613,1104,157,2049
인천광역시경찰청,인천광역시,중구,신흥동2가,37.4678276242243,126.63494559242,7858,948,791,196,2613,1104,157,2049
인천광역시경찰청,인천광역시,중구,신흥동3가,37.4368100767036,126.62420369814,7858,948,791,196,2613,1104,157,2049
인천광역시경찰청,인천광역시,중구,용동,37.4730768457611,126.630872929772,7858,948,791,196,2613,1104,157,2049
인천광역시경찰청,인천광역시,중구,운남동,37.4891707175438,126.527232917984,7858,948,791,196,2613,1104,157,2049
인천광역시경찰청,인천광역시,중구,운북동,37.5163948890032,126.515577959441,7858,948,791,196,2613,1104,157,2049
인천광역시경찰청,인천광역시,중구,운서동,37.493329881789,126.48834389365,7858,948,791,196,2613,1104,157,2049
인천광역시경찰청,인천광역시,중구,유동,37.4702312969995,126.637217395454,7858,948,791,196,2613,1104,157,2049
인천광역시경찰청,인천광역시,중구,율목동,37.4703767738304,126.632975267383,7858,948,791,196,2613,1104,157,2049
인천광역시경찰청,인천광역시,중구,을왕동,37.4479934956556,126.384466787896,7858,948,791,196,2613,1104,157,2049
인천광역시경찰청,인천광역시,중구,인현동,37.4751843175387,126.6305912411,7858,948,791,196,2613,1104,157,2049
인천광역시경찰청,인천광역시,중구,전동,37.4774585807635,126.626048801298,7858,948,791,196,2613,1104,157,2049
인천광역시경찰청,인천광역시,중구,중산동,37.4957821842546,126.564237014514,7858,948,791,196,2613,1104,157,2049
인천광역시경찰청,인천광역시,중구,중앙동1가,37.4734437780927,126.620420878993,7858,948,791,196,2613,1104,157,2049
인천광역시경찰청,인천광역시,중구,중앙동2가,37.4726985908494,126.621808352877,7858,948,791,196,2613,1104,157,2049
인천광역시경찰청,인천광역시,중구,중앙동3가,37.4720779963466,126.622715854906,7858,948,791,196,2613,1104,157,2049
인천광역시경찰청,인천광역시,중구,중앙동4가,37.4713899703634,126.623953773945,7858,948,791,196,2613,1104,157,2049
인천광역시경찰청,인천광역시,중구,항동1가,37.4738895700235,126.616728685193,7858,948,791,196,2613,1104,157,2049
인천광역시경찰청,인천광역시,중구,항동2가,37.4721437009875,126.617370663113,7858,948,791,196,2613,1104,157,2049
인천광역시경찰청,인천광역시,중구,항동3가,37.4721389508227,126.619247267091,7858,948,791,196,2613,1104,157,2049
인천광역시경찰청,인천광역시,중구,항동4가,37.4714757823907,126.620358481626,7858,948,791,196,2613,1104,157,2049
인천광역시경찰청,인천광역시,중구,항동5가,37.4707948731774,126.621560201942,7858,948,791,196,2613,1104,157,2049
인천광역시경찰청,인천광역시,중구,항동6가,37.4701139082377,126.622748335453,7858,948,791,196,2613,1104,157,2049
인천광역시경찰청,인천광역시,중구,항동7가,37.4535438176281,126.619757459082,7858,948,791,196,2613,1104,157,2049
인천광역시경찰청,인천광역시,중구,해안동1가,37.4727469636343,126.620035518099,7858,948,791,196,2613,1104,157,2049
인천광역시경찰청,인천광역시,중구,해안동2가,37.472084222729,126.621282388868,7858,948,791,196,2613,1104,157,2049
인천광역시경찰청,인천광역시,중구,해안동3가,37.4714095004422,126.622167551021,7858,948,791,196,2613,1104,157,2049
인천광역시경찰청,인천광역시,중구,해안동4가,37.4705959032363,126.62358244365,7858,948,791,196,2613,1104,157,2049
