agency,station,unit_name,unit_label,kind,address,sido,sigungu,lat,lon,catchment,total,violent,theft,sexual,fraud,traffic,night,other
서울특별시경찰청,서울중부,을지,을지지구대,지구대,서울특별시 중구 퇴계로49길 13,서울특별시,중구,37.5660118254225,126.980508795796,"소공동, 을지로1가",9919,1396,1410,279,2628,717,72,3417
서울특별시경찰청,서울중부,광희,광희지구대,지구대,서울특별시 중구 퇴계로 375-1,서울특별시,중구,37.5652239855073,127.006451724415,"광희동1가, 광희동2가, 방산동, 쌍림동, 을지로5가, 을지로6가, 을지로7가",9919,1396,1410,279,2628,717,72,3417
서울특별시경찰청,서울중부,약수,약수지구대,지구대,서울특별시 중구 동호로 5길 15,서울특별시,중구,37.5638077703601,126.997555182293,"묵정동, 예관동, 오장동, 을지로4가, 인현동2가, 주교동, 충무로4가, 충무로5가",9919,1396,1410,279,2628,717,72,3417
서울특별시경찰청,서울중부,신당,신당파출소,파출소,"서울특별시 중구 다산로 248 (신당동, 신당파출소)",서울특별시,중구,37.5620157313145,127.014442188261,"무학동, 신당동, 황학동, 흥인동",9919,1396,1410,279,2628,717,72,3417
서울특별시경찰청,서울중부,장충,장충파출소,파출소,서울특별시 중구 동호로 261,서울특별시,중구,37.560654080316,127.007325089464,"장충동1가, 장충동2가",9919,1396,1410,279,2628,717,72,3417
서울특별시경찰청,서울중부,충무,충무파출소,파출소,서울특별시 중구 퇴계로 178,서울특별시,중구,37.5614350253016,126.982162451405,"남대문로3가, 남산동1가, 남산동2가, 북창동, 충무로1가, 회현동2가, 회현동3가",9919,1396,1410,279,2628,717,72,3417
서울특별시경찰청,서울중부,을지로3가,을지로3가파출소,파출소,서울특별시 중구 충무로56-1,서울특별시,중구,37.5664564985185,126.992696980394,"남학동, 산림동, 수표동, 을지로3가, 인현동1가, 입정동, 저동2가, 초동",9919,1396,1410,279,2628,717,72,3417
서울특별시경찰청,서울종로,종로2가,종로2가지구대,지구대,서울특별시 종로구 종로17길 4,서울특별시,종로구,37.570889038138,126.988250180457,"경운동, 관철동, 관훈동, 권농동, 낙원동, 돈의동, 묘동, 운니동",10015,1375,1180,337,3242,715,78,3088
서울특별시경찰청,서울종로,관수,관수파출소,파출소,서울특별시 종로구 삼일대로15길 19 1층(임시파출소),서울특별시,종로구,37.5690620186847,126.99046001346,"관수동, 봉익동, 장사동, 종로3가",10015,1375,1180,337,3242,715,78,3088
서울특별시경찰청,서울종로,세검정,세검정파출소,파출소,서울특별시 종로구 세검정로 226,서울특별시,종로구,37.5735042429813,126.978989954189,"사간동, 송현동, 수송동, 안국동, 재동, 중학동",10015,1375,1180,337,3242,715,78,3088
서울특별시경찰청,서울종로,평창,평창파출소,파출소,서울특별시 종로구 평창문화로 46,서울특별시,종로구,37.6063916960376,126.968357810931,"구기동, 신영동, 평창동, 홍지동",10015,1375,1180,337,3242,715,78,3088
서울특별시경찰청,서울종로,삼청,삼청파출소,파출소,서울특별시 종로구 삼청로 75-2 (팔판동),서울특별시,종로구,37.584997782564,126.981758302922,"가회동, 계동, 삼청동, 소격동, 와룡동, 원서동, 팔판동, 화동",10015,1375,1180,337,3242,715,78,3088
서울특별시경찰청,서울종로,통의,통의파출소,파출소,서울특별시 종로구 효자로 9,서울특별시,종로구,37.5780584194585,126.972852824323,"세종로, 적선동, 창성동, 체부동, 통의동, 통인동, 효자동",10015,1375,1180,337,3242,715,78,3088
서울특별시경찰청,서울종로,청운,청운파출소,파출소,서울특별시 종로구 자하문로 92-1,서울특별시,종로구,37.5891974378629,126.969329763593,"궁정동, 부암동, 청운동",10015,1375,1180,337,3242,715,78,3088
서울특별시경찰청,서울종로,옥인,옥인파출소,파출소,서울특별시 종로구 자하문로17길 24,서울특별시,종로구,37.5835230926996,126.963385995622,"누상동, 신교동, 옥인동",10015,1375,1180,337,3242,715,78,3088
서울특별시경찰청,서울종로,교남,교남파출소,파출소,서울특별시 종로구 송월길 152,서울특별시,종로구,37.5683831622413,126.964634002163,"교남동, 교북동, 송월동, 평동, 행촌동, 홍파동",10015,1375,1180,337,3242,715,78,3088
서울특별시경찰청,서울종로,세종로,세종로파출소,파출소,서울특별시 중구 세종대로 141,서울특별시,중구,37.5638077703601,126.997555182293,,9919,1396,1410,279,2628,717,72,3417
서울특별시경찰청,서울종로,신문로,신문로파출소,파출소,서울특별시 종로구 경희궁길 6-3,서울특별시,종로구,37.5701731498046,126.973901614207,"내수동, 당주동, 도렴동, 신문로1가, 신문로2가",10015,1375,1180,337,3242,715,78,3088
서울특별시경찰청,서울종로,사직,사직파출소,파출소,서울특별시 종로구 사직로9가길 6 1층,서울특별시,종로구,37.5761869658796,126.968846056089,"내자동, 누하동, 무악동, 사직동, 필운동",10015,1375,1180,337,3242,715,78,3088
서울특별시경찰청,서울종로,청진,청진파출소,파출소,서울특별시 종로구 우정국로 45-3 1층(임시파출소),서울특별시,종로구,37.5714393638425,126.98015420508,"견지동, 공평동, 서린동, 종로1가, 청진동",10015,1375,1180,337,3242,715,78,3088
서울특별시경찰청,서울남대문,태평로,태평로파출소,파출소,서울특별시 중구 다동길 11,서울특별시,중구,37.5677087157565,126.977234843742,"무교동, 정동, 태평로1가",9919,1396,1410,279,2628,717,72,3417
서울특별시경찰청,서울남대문,서울역,서울역파출소,파출소,서울특별시 중구 통일로 15,서울특별시,중구,37.5638077703601,126.997555182293,,9919,1396,1410,279,2628,717,72,3417
서울특별시경찰청,서울남대문,명동,명동파출소,파출소,서울특별시 중구 명동길 30 명동파출소,서울특별시,중구,37.5642861263306,126.984638297227,"남대문로2가, 남산동3가, 명동1가, 명동2가, 을지로2가, 저동1가, 주자동, 충무로2가",9919,1396,1410,279,2628,717,72,3417
서울특별시경찰청,서울남대문,남대문,남대문파출소,파출소,서울특별시 중구 남대문시장4길 28-16,서울특별시,중구,37.5678610341137,126.982862710392,"남대문로1가, 다동, 삼각동, 수하동, 장교동",9919,1396,1410,279,2628,717,72,3417
서울특별시경찰청,서울남대문,중림,중림파출소,파출소,서울특별시 중구 중림로 36,서울특별시,중구,37.5591682266788,126.966186646494,"만리동1가, 만리동2가, 봉래동2가, 의주로2가, 중림동",9919,1396,1410,279,2628,717,72,3417
서울특별시경찰청,서울남대문,회현,회현파출소,파출소,서울특별시 중구 퇴계로6길 3-15,서울특별시,중구,37.5555892070291,126.981204133005,"남창동, 예장동, 회현동1가",9919,1396,1410,279,2628,717,72,3417
서울특별시경찰청,서울남대문,서소문,서소문파출소,파출소,서울특별시 중구 서소문로 131-1 서소문파출소,서울특별시,중구,37.5631129454112,126.97389954989,"남대문로4가, 남대문로5가, 봉래동1가, 서소문동, 순화동, 의주로1가, 충정로1가, 태평로2가",9919,1396,1410,279,2628,717,72,3417
서울특별시경찰청,서울서대문,충정로,충정로지구대,지구대,서울특별시 서대문구 독립문로 25-1,서울특별시,서대문구,37.564851103114,126.964119536636,"냉천동, 미근동, 북아현동, 영천동, 옥천동, 천연동, 충정로2가, 충정로3가",7453,905,1012,261,2504,631,72,2068
서울특별시경찰청,서울서대문,신촌,신촌지구대,지구대,서울특별시 서대문구 신촌역로 22,서울특별시,서대문구,37.5651616940519,126.93927687604,"대신동, 대현동, 신촌동, 창천동",7453,905,1012,261,2504,631,72,2068
서울특별시경찰청,서울서대문,홍은,홍은파출소,파출소,서울특별시 서대문구 세검정로1길 112,서울특별시,서대문구,37.5908908122789,126.933218715152,홍은동,7453,905,1012,261,2504,631,72,2068
서울특별시경찰청,서울서대문,연희,연희파출소,파출소,서울특별시 서대문구 연희로25길 73,서울특별시,서대문구,37.573910010416,126.935230751932,"봉원동, 연희동",7453,905,1012,261,2504,631,72,2068
서울특별시경찰청,서울서대문,남가좌,남가좌파출소,파출소,서울특별시 서대문구 가재울로4길 51,서울특별시,서대문구,37.5755473825403,126.919548350676,남가좌동,7453,905,1012,261,2504,631,72,2068
서울특별시경찰청,서울서대문,북가좌,북가좌파출소,파출소,서울특별시 서대문구 응암로1길 13,서울특별시,서대문구,37.5780815956199,126.91039845202,북가좌동,7453,905,1012,261,2504,631,72,2068
서울특별시경찰청,서울서대문,홍제,홍제파출소,파출소,서울특별시 서대문구 통일로 441-1,서울특별시,서대문구,37.5858458009441,126.948725215733,홍제동,7453,905,1012,261,2504,631,72,2068
서울특별시경찰청,서울서대문,홍은2,홍은2파출소,파출소,서울특별시 서대문구 연희로 298,서울특별시,서대문구,37.579161863979,126.9368156604,,7453,905,1012,261,2504,631,72,2068
서울특별시경찰청,서울혜화,혜화,혜화파출소,파출소,서울특별시 종로구 창경궁로 279,서울특별시,종로구,37.5868624440018,127.00060686405,"동숭동, 명륜2가, 명륜4가, 혜화동",10015,1375,1180,337,3242,715,78,3088
서울특별시경찰청,서울혜화,대학로,대학로파출소,파출소,서울특별시 종로구 이화장2길 33,서울특별시,종로구,37.5735042429813,126.978989954189,,10015,1375,1180,337,3242,715,78,3088
서울특별시경찰청,서울혜화,명륜,명륜파출소,파출소,서울특별시 종로구 성균관로 78,서울특별시,종로구,37.589107692137,126.997468304522,"명륜1가, 명륜3가",10015,1375,1180,337,3242,715,78,3088
서울특별시경찰청,서울혜화,창신,창신파출소,파출소,서울특별시 종로구 지봉로13길 20-12,서울특별시,종로구,37.5752245135613,127.012828195947,"숭인동, 창신동",10015,1375,1180,337,3242,715,78,3088
서울특별시경찰청,서울혜화,동묘,동묘파출소,파출소,서울특별시 종로구 종로58가길 19 동묘파출소,서울특별시,종로구,37.5735042429813,126.978989954189,,10015,1375,1180,337,3242,715,78,3088
서울특별시경찰청,서울혜화,종로5가,종로5가파출소,파출소,서울특별시 종로구 동호로 407,서울특별시,종로구,37.5706048556462,127.003527196401,"예지동, 종로4가, 종로5가, 종로6가",10015,1375,1180,337,3242,715,78,3088
서울특별시경찰청,서울혜화,효제,효제파출소,파출소,서울특별시 종로구 종로41나길 24-6,서울특별시,종로구,37.5725942661178,127.003056381131,"연건동, 연지동, 원남동, 이화동, 인의동, 충신동, 효제동",10015,1375,1180,337,3242,715,78,3088
서울특별시경찰청,서울용산,원효,원효지구대,지구대,서울특별시 용산구 백범로 329,서울특별시,용산구,37.539613202648,126.967064466585,"갈월동, 남영동, 도원동, 동자동, 문배동, 산천동, 서계동, 신계동",10736,1961,1072,390,2802,978,201,3332
서울특별시경찰청,서울용산,용중,용중지구대,지구대,"서울특별시 용산구 후암로16나길 17, 용중지구대",서울특별시,용산구,37.5324310391314,126.990582345331,용산동4가,10736,1961,1072,390,2802,978,201,3332
서울특별시경찰청,서울용산,이태원,이태원파출소,파출소,서울특별시 용산구 이태원로 184,서울특별시,용산구,37.5402662116136,126.991527297365,"용산동2가, 이태원동",10736,1961,1072,390,2802,978,201,3332
서울특별시경찰청,서울용산,한남,한남파출소,파출소,"서울특별시 용산구 대사관로34길 53, 한남파출소",서울특별시,용산구,37.53462985578,127.000552132438,한남동,10736,1961,1072,390,2802,978,201,3332
서울특별시경찰청,서울용산,보광,보광파출소,파출소,"서울특별시 용산구 보광로 25-1, 보광파출소",서울특별시,용산구,37.526272167319,127.000171956489,"동빙고동, 보광동, 서빙고동, 주성동",10736,1961,1072,390,2802,978,201,3332
서울특별시경찰청,서울용산,삼각지,삼각지파출소,파출소,서울특별시 용산구 한강대로198-2,서울특별시,용산구,37.5324310391314,126.990582345331,,10736,1961,1072,390,2802,978,201,3332
서울특별시경찰청,서울용산,한강로,한강로지구대,지구대,서울특별시 용산구 서빙고로67,서울특별시,용산구,37.5339780623764,126.973054361529,"용산동1가, 용산동3가, 용산동5가, 용산동6가, 이촌동, 한강로1가, 한강로2가, 한강로3가",10736,1961,1072,390,2802,978,201,3332
서울특별시경찰청,서울성북,돈암,돈암지구대,지구대,서울특별시 성북구 아리랑로5길 54,서울특별시,성북구,37.5962791991149,127.00991034218,"돈암동, 동선동5가, 동소문동4가, 동소문동6가, 동소문동7가",9158,1157,884,271,3299,933,59,2555
서울특별시경찰청,서울성북,안암,안암지구대,지구대,서울특별시 성북구 지봉로21길 45,서울특별시,성북구,37.5883885968467,127.02135842744,"동선동2가, 보문동1가, 보문동2가, 보문동4가, 보문동5가, 보문동6가, 보문동7가, 안암동1가",9158,1157,884,271,3299,933,59,2555
서울특별시경찰청,서울성북,길음,길음지구대,지구대,서울특별시 성북구 삼양로13길 51 길음지구대,서울특별시,성북구,37.6076658267475,127.023343590916,길음동,9158,1157,884,271,3299,933,59,2555
서울특별시경찰청,서울성북,정릉,정릉파출소,파출소,서울특별시 성북구 솔샘로 111,서울특별시,성북구,37.6185808255471,126.995482832879,정릉동,9158,1157,884,271,3299,933,59,2555
서울특별시경찰청,서울성북,정릉2,정릉2파출소,파출소,서울특별시 성북구 정릉로26길 6 정릉2파출소,서울특별시,성북구,37.5893588153919,127.016702905651,"동선동1가, 동선동3가, 동선동4가, 동소문동3가, 동소문동5가, 보문동3가, 삼선동2가, 삼선동3가",9158,1157,884,271,3299,933,59,2555
서울특별시경찰청,서울성북,성북,성북파출소,파출소,서울특별시 성북구 성북로 94 성북파출소,서울특별시,성북구,37.591046609396,127.003274531869,"동소문동1가, 동소문동2가, 삼선동1가, 성북동, 성북동1가",9158,1157,884,271,3299,933,59,2555
서울특별시경찰청,서울동대문,용신,용신지구대,지구대,서울특별시 동대문구 청계천로549,서울특별시,동대문구,37.5745229817122,127.039657001091,"답십리동, 신설동, 용두동",10817,1481,1618,250,3327,1265,127,2749
서울특별시경찰청,서울동대문,청량리,청량리파출소,파출소,서울특별시 동대문구 약령시로21가길 15,서울특별시,동대문구,37.5862511095438,127.047289719403,"전농동, 청량리동",10817,1481,1618,250,3327,1265,127,2749
서울특별시경찰청,서울동대문,제기,제기파출소,파출소,서울특별시 동대문구 약령시로 17길 59-11,서울특별시,동대문구,37.5831154639893,127.037818414722,제기동,10817,1481,1618,250,3327,1265,127,2749
서울특별시경찰청,서울동대문,전농1,전농1파출소,파출소,서울특별시 동대문구 서울시립대로 56,서울특별시,동대문구,37.5745229817122,127.039657001091,,10817,1481,1618,250,3327,1265,127,2749
서울특별시경찰청,서울동대문,전농2,전농2파출소,파출소,서울특별시 동대문구 전농로38다길 21,서울특별시,동대문구,37.5745229817122,127.039657001091,,10817,1481,1618,250,3327,1265,127,2749
서울특별시경찰청,서울동대문,장안1,장안1파출소,파출소,서울특별시 동대문구 한천로20길 9,서울특별시,동대문구,37.5745229817122,127.039657001091,,10817,1481,1618,250,3327,1265,127,2749
서울특별시경찰청,서울동대문,장안2,장안2파출소,파출소,서울특별시 동대문구 답십리로 69길 100,서울특별시,동대문구,37.5745229817122,127.039657001091,,10817,1481,1618,250,3327,1265,127,2749
서울특별시경찰청,서울동대문,이문,이문지구대,지구대,서울특별시 동대문구 한천로 402,서울특별시,동대문구,37.6004055110663,127.066373060068,이문동,10817,1481,1618,250,3327,1265,127,2749
서울특별시경찰청,서울동대문,휘경,휘경파출소,파출소,서울특별시 동대문구 한천로 266,서울특별시,동대문구,37.5908553624268,127.065730507228,"장안동, 휘경동",10817,1481,1618,250,3327,1265,127,2749
서울특별시경찰청,서울동대문,회기,회기파출소,파출소,서울특별시 동대문구 회기로18길 2,서울특별시,동대문구,37.5907885967282,127.05537245757,회기동,10817,1481,1618,250,3327,1265,127,2749
서울특별시경찰청,서울마포,서강,서강지구대,지구대,"서울특별시 마포구 독막로22길 8(창전동, 서강지구대)",서울특별시,마포구,37.5492736432042,126.92977041133,"구수동, 노고산동, 당인동, 상수동, 신수동, 신정동, 창전동, 하중동",13488,1926,1469,778,3680,1402,147,4086
서울특별시경찰청,서울마포,공덕,공덕지구대,지구대,서울특별시 마포구 마포대로 195-1,서울특별시,마포구,37.550174347382,126.960034513244,"공덕동, 신공덕동, 아현동",13488,1926,1469,778,3680,1402,147,4086
서울특별시경찰청,서울마포,월드컵,월드컵지구대,지구대,서울특별시 마포구 월드컵북로 30길 24,서울특별시,마포구,37.5662141900954,126.901955141101,"성산동, 중동",13488,1926,1469,778,3680,1402,147,4086
서울특별시경찰청,서울마포,홍익,홍익지구대,지구대,서울특별시 마포구 양화로11길 63,서울특별시,마포구,37.5662141900954,126.901955141101,,13488,1926,1469,778,3680,1402,147,4086
서울특별시경찰청,서울마포,용강,용강지구대,지구대,서울특별시 마포구 토정로31길 35,서울특별시,마포구,37.5422744939978,126.942776042667,"대흥동, 도화동, 마포동, 염리동, 용강동, 토정동, 현석동",13488,1926,1469,778,3680,1402,147,4086
서울특별시경찰청,서울마포,상암,상암파출소,파출소,서울특별시 마포구 매봉산로 76,서울특별시,마포구,37.5783209050878,126.894689433213,상암동,13488,1926,1469,778,3680,1402,147,4086
서울특별시경찰청,서울마포,망원,망원파출소,파출소,서울특별시 마포구 망원로2길 63,서울특별시,마포구,37.5567856576915,126.901347294861,"망원동, 서교동, 합정동",13488,1926,1469,778,3680,1402,147,4086
서울특별시경찰청,서울마포,연남,연남파출소,파출소,서울특별시 마포구 연남로 4,서울특별시,마포구,37.5644776141887,126.922023205508,"동교동, 연남동",13488,1926,1469,778,3680,1402,147,4086
서울특별시경찰청,서울영등포,중앙,중앙지구대,지구대,서울특별시 영등포구 영등포로46길 14,서울특별시,영등포구,37.5263671784802,126.896278443882,"당산동1가, 당산동2가, 당산동3가, 당산동4가, 당산동5가, 영등포동2가, 영등포동5가, 영등포동6가",15467,2089,1790,475,5043,1683,190,4197
서울특별시경찰청,서울영등포,여의도,여의도지구대,지구대,서울특별시 영등포구 여의공원로 120 여의도지구대,서울특별시,영등포구,37.5267849150832,126.930167091136,여의도동,15467,2089,1790,475,5043,1683,190,4197
서울특별시경찰청,서울영등포,문래,문래지구대,지구대,서울특별시 영등포구 경인로 759,서울특별시,영등포구,37.5122797138519,126.896981114579,"도림동, 문래동1가, 문래동2가, 문래동3가, 문래동4가, 문래동5가, 영등포동, 영등포동3가",15467,2089,1790,475,5043,1683,190,4197
서울특별시경찰청,서울영등포,신풍,신풍지구대,지구대,서울특별시 영등포구 대방천로 195(신길동 3741-23),서울특별시,영등포구,37.5041663202169,126.91406973946,"신길동, 영등포동1가",15467,2089,1790,475,5043,1683,190,4197
서울특별시경찰청,서울영등포,신길,신길지구대,지구대,서울특별시 영등포구 노량진로 11,서울특별시,영등포구,37.5041663202169,126.91406973946,,15467,2089,1790,475,5043,1683,190,4197
서울특별시경찰청,서울영등포,양평,양평파출소,파출소,서울특별시 영등포구 선유로 95,서울특별시,영등포구,37.5282170949853,126.885713864668,"문래동6가, 양평동, 양평동1가, 양평동2가, 양평동3가",15467,2089,1790,475,5043,1683,190,4197
서울특별시경찰청,서울영등포,당산,당산지구대,지구대,서울특별시 영등포구 당산로 221,서울특별시,영등포구,37.5402584246454,126.902165652703,"당산동, 당산동6가, 양평동4가, 양평동5가, 양평동6가, 양화동",15467,2089,1790,475,5043,1683,190,4197
서울특별시경찰청,서울영등포,대림,대림지구대,지구대,서울특별시 영등포구 대림로23길 16-1,서울특별시,영등포구,37.4925087229048,126.902006335554,대림동,15467,2089,1790,475,5043,1683,190,4197
서울특별시경찰청,서울영등포,대림3,대림3파출소,파출소,서울특별시 영등포구 가마산로 334,서울특별시,영등포구,37.5263671784802,126.896278443882,,15467,2089,1790,475,5043,1683,190,4197
서울특별시경찰청,서울영등포,영등포역,영등포역파출소,파출소,서울특별시 영등포구 영신로20길 11,서울특별시,영등포구,37.5263671784802,126.896278443882,,15467,2089,1790,475,5043,1683,190,4197
서울특별시경찰청,서울성동,한양,한양지구대,지구대,서울특별시 성동구 사근동길 5,서울특별시,성동구,37.563427205337,127.036930141185,"도선동, 마장동, 사근동, 하왕십리동, 홍익동",8798,1047,968,237,3320,768,107,2351
서울특별시경찰청,서울성동,성수,성수지구대,지구대,서울특별시 성동구 광나루로2길 35 성수지구대,서울특별시,성동구,37.5417253860377,127.043351028535,"성수동1가, 성수동2가",8798,1047,968,237,3320,768,107,2351
서울특별시경찰청,서울성동,서울숲,서울숲지구대,지구대,서울특별시 성동구 성덕정길 77-2,서울특별시,성동구,37.563427205337,127.036930141185,,8798,1047,968,237,3320,768,107,2351
서울특별시경찰청,서울성동,왕십리,왕십리파출소,파출소,서울특별시 성동구 마장로 205,서울특별시,성동구,37.5684327095864,127.024784739728,상왕십리동,8798,1047,968,237,3320,768,107,2351
서울특별시경찰청,서울성동,행당,행당파출소,파출소,서울특별시 성동구 행당로 89,서울특별시,성동구,37.5583059078881,127.037031736958,행당동,8798,1047,968,237,3320,768,107,2351
서울특별시경찰청,서울성동,옥수,옥수파출소,파출소,서울특별시 성동구 독서당로 211,서울특별시,성동구,37.5435886378545,127.013438338877,"금호동4가, 옥수동",8798,1047,968,237,3320,768,107,2351
서울특별시경찰청,서울성동,금호,금호파출소,파출소,서울특별시 성동구 금호로11길 2-1,서울특별시,성동구,37.554885724907,127.02279294328,"금호동1가, 금호동2가, 금호동3가",8798,1047,968,237,3320,768,107,2351
서울특별시경찰청,서울성동,응봉,응봉파출소,파출소,서울특별시 성동구 독서당로 373 응봉파출소,서울특별시,성동구,37.5531604882762,127.033416807797,응봉동,8798,1047,968,237,3320,768,107,2351
서울특별시경찰청,서울성동,용답,용답파출소,파출소,서울특별시 성동구 용답중앙길 49 용답파출소,서울특별시,성동구,37.5640758244217,127.055579052769,"송정동, 용답동",8798,1047,968,237,3320,768,107,2351
서울특별시경찰청,서울동작,사당,사당지구대,지구대,서울특별시 동작구 사당로28길 44,서울특별시,동작구,37.483932674151,126.9731356614,사당동,9014,1196,1091,311,2951,828,277,2360
서울특별시경찰청,서울동작,노량진,노량진지구대,지구대,서울특별시 동작구 등용로12나길 2,서울특별시,동작구,37.510705811037,126.940393261193,노량진동,9014,1196,1091,311,2951,828,277,2360
서울특별시경찰청,서울동작,상도,상도지구대,지구대,서울특별시 동작구 등용로 24,서울특별시,동작구,37.50324263284,126.94974984805,"본동, 상도1동, 상도동",9014,1196,1091,311,2951,828,277,2360
서울특별시경찰청,서울동작,남성,남성지구대,지구대,서울특별시 동작구 사당로17나길 4,서울특별시,동작구,37.5124820423519,126.93931505634,,9014,1196,1091,311,2951,828,277,2360
서울특별시경찰청,서울동작,흑석,흑석지구대,지구대,서울특별시 동작구 흑석로13길 13,서울특별시,동작구,37.505775015354,126.966590753167,"동작동, 흑석동",9014,1196,1091,311,2951,828,277,2360
서울특별시경찰청,서울동작,신대방,신대방지구대,지구대,서울특별시 동작구 신대방1다길 24,서울특별시,동작구,37.4930124961568,126.914941920386,신대방동,9014,1196,1091,311,2951,828,277,2360
서울특별시경찰청,서울동작,대방,대방파출소,파출소,서울특별시 동작구 여의대방로 130,서울특별시,동작구,37.508164261,126.926343500008,대방동,9014,1196,1091,311,2951,828,277,2360
서울특별시경찰청,서울광진,광나루,광나루지구대,지구대,서울특별시 광진구 아차산로 567,서울특별시,광진구,37.5385583136667,127.082385189457,,9803,1318,1321,406,2866,899,124,2869
서울특별시경찰청,서울광진,화양,화양지구대,지구대,서울특별시 광진구 능동로17길 39 화양지구대,서울특별시,광진구,37.5464762611364,127.071367614735,"군자동, 능동, 화양동",9803,1318,1321,406,2866,899,124,2869
서울특별시경찰청,서울광진,중곡1,중곡1파출소,파출소,서울특별시 광진구 능동로 385,서울특별시,광진구,37.5385583136667,127.082385189457,,9803,1318,1321,406,2866,899,124,2869
서울특별시경찰청,서울광진,중곡2,중곡2파출소,파출소,서울특별시 광진구 능동로 346,서울특별시,광진구,37.5385583136667,127.082385189457,,9803,1318,1321,406,2866,899,124,2869
서울특별시경찰청,서울광진,중곡3,중곡3파출소,파출소,서울특별시 광진구 동일로76가길 28,서울특별시,광진구,37.5385583136667,127.082385189457,,9803,1318,1321,406,2866,899,124,2869
서울특별시경찰청,서울광진,중곡4,중곡4파출소,파출소,서울특별시 광진구 용마산로24길 7,서울특별시,광진구,37.5385583136667,127.082385189457,,9803,1318,1321,406,2866,899,124,2869
서울특별시경찰청,서울광진,자양,자양파출소,파출소,서울특별시 광진구 뚝섬로36길 9,서울특별시,광진구,37.5311077958689,127.073018338792,자양동,9803,1318,1321,406,2866,899,124,2869
서울특별시경찰청,서울광진,자양1,자양1파출소,파출소,서울특별시 광진구 자양번영로 80,서울특별시,광진구,37.5385583136667,127.082385189457,,9803,1318,1321,406,2866,899,124,2869
서울특별시경찰청,서울광진,자양4,자양4파출소,파출소,서울특별시 광진구 뚝섬로22가길 43번지 자양4파출소,서울특별시,광진구,37.5385583136667,127.082385189457,,9803,1318,1321,406,2866,899,124,2869
서울특별시경찰청,서울광진,구의,구의파출소,파출소,서울특별시 광진구 광나루로 43길 26 구의파출소,서울특별시,광진구,37.5502741239803,127.093135225891,"광장동, 구의동, 중곡동",9803,1318,1321,406,2866,899,124,2869
서울특별시경찰청,서울서부,응암,응암지구대,지구대,서울특별시 은평구 은평로 171,서울특별시,은평구,37.5963272964127,126.924109745075,응암동,10708,1579,1520,289,3370,968,78,2904
서울특별시경찰청,서울서부,신사,신사지구대,지구대,서울특별시 은평구 은평터널로5길 6호,서울특별시,은평구,37.5949214743515,126.908475948726,"수색동, 신사동, 증산동",10708,1579,1520,289,3370,968,78,2904
서울특별시경찰청,서울서부,녹번,녹번파출소,파출소,서울특별시 은평구 진흥로 진흥로200,서울특별시,은평구,37.6022161609652,126.929919982801,녹번동,10708,1579,1520,289,3370,968,78,2904
서울특별시경찰청,서울서부,응암3,응암3파출소,파출소,서울특별시 은평구 응암로 208,서울특별시,은평구,37.6028174370823,126.928940981464,,10708,1579,1520,289,3370,968,78,2904
서울특별시경찰청,서울서부,역촌,역촌파출소,파출소,서울특별시 은평구 연서로 61,서울특별시,은평구,37.6043976551681,126.915123289569,"구산동, 역촌동",10708,1579,1520,289,3370,968,78,2904
서울특별시경찰청,서울강북,미아,미아지구대,지구대,서울특별시 강북구 도봉로 127,서울특별시,강북구,37.6270831294022,127.027060776679,미아동,8620,1179,968,253,2724,747,90,2659
서울특별시경찰청,서울강북,솔샘,솔샘지구대,지구대,서울특별시 강북구 오현로 4,서울특별시,강북구,37.6397513275882,127.025538071854,"수유동, 우이동",8620,1179,968,253,2724,747,90,2659
서울특별시경찰청,서울강북,수유1,수유1파출소,파출소,서울특별시 강북구 삼양로 305,서울특별시,강북구,37.6397513275882,127.025538071854,,8620,1179,968,253,2724,747,90,2659
서울특별시경찰청,서울강북,수유2,수유2파출소,파출소,서울특별시 강북구 삼각산로 115,서울특별시,강북구,37.6397513275882,127.025538071854,,8620,1179,968,253,2724,747,90,2659
서울특별시경찰청,서울강북,수유3,수유3파출소,파출소,서울특별시 강북구 한천로150길 76,서울특별시,강북구,37.6397513275882,127.025538071854,,8620,1179,968,253,2724,747,90,2659
서울특별시경찰청,서울강북,인수,인수파출소,파출소,서울특별시 강북구 인수봉로 227,서울특별시,강북구,37.6397513275882,127.025538071854,,8620,1179,968,253,2724,747,90,2659
서울특별시경찰청,서울강북,번동,번동파출소,파출소,서울특별시 강북구 한천로 969,서울특별시,강북구,37.6241057350225,127.04133717608,번동,8620,1179,968,253,2724,747,90,2659
서울특별시경찰청,서울강북,번3,번3파출소,파출소,서울특별시 강북구 월계로 227,서울특별시,강북구,37.6397513275882,127.025538071854,,8620,1179,968,253,2724,747,90,2659
서울특별시경찰청,서울강북,삼양,삼양파출소,파출소,서울특별시 강북구 삼양로 239-1,서울특별시,강북구,37.6397513275882,127.025538071854,,8620,1179,968,253,2724,747,90,2659
서울특별시경찰청,서울금천,금천,금천파출소,파출소,서울특별시 금천구 시흥대로57길 45,서울특별시,금천구,37.4568411485785,126.895456780023,시흥동,8965,1006,887,227,3482,817,81,2465
서울특별시경찰청,서울금천,문성,문성지구대,지구대,서울특별시 금천구 독산로 76길 20,서울특별시,금천구,37.4568411485785,126.895456780023,,8965,1006,887,227,3482,817,81,2465
서울특별시경찰청,서울금천,백산,백산지구대,지구대,서울특별시 금천구 탑골로2길 37 백산지구대,서울특별시,금천구,37.4568411485785,126.895456780023,,8965,1006,887,227,3482,817,81,2465
서울특별시경찰청,서울금천,가산,가산파출소,파출소,서울특별시 금천구 벚꽃로56길 174,서울특별시,금천구,37.4768763179226,126.891779471155,가산동,8965,1006,887,227,3482,817,81,2465
서울특별시경찰청,서울금천,독산,독산파출소,파출소,서울특별시 금천구 벚꽃로10길 89,서울특별시,금천구,37.4681432491736,126.899392976389,독산동,8965,1006,887,227,3482,817,81,2465
서울특별시경찰청,서울중랑,망우,망우지구대,지구대,서울특별시 중랑구 망우로 391,서울특별시,중랑구,37.5955130359785,127.103962394815,망우동,10744,1596,1439,268,3296,1051,95,2999
서울특별시경찰청,서울중랑,중화,중화지구대,지구대,서울특별시 중랑구 중랑천로 146,서울특별시,중랑구,37.5994618167452,127.077320262185,중화동,10744,1596,1439,268,3296,1051,95,2999
서울특별시경찰청,서울중랑,용마,용마지구대,지구대,서울특별시 중랑구 동일로 566,서울특별시,중랑구,37.6065432383919,127.092820287004,"묵동, 신내동",10744,1596,1439,268,3296,1051,95,2999
서울특별시경찰청,서울중랑,봉화,봉화지구대,지구대,서울특별시 중랑구 신내로 177,서울특별시,중랑구,37.6065432383919,127.092820287004,,10744,1596,1439,268,3296,1051,95,2999
서울특별시경찰청,서울중랑,면목본동,면목본동파출소,파출소,서울특별시 중랑구 상봉로 27,서울특별시,중랑구,37.6065432383919,127.092820287004,,10744,1596,1439,268,3296,1051,95,2999
서울특별시경찰청,서울중랑,면목삼팔,면목삼팔파출소,파출소,서울특별시 중랑구 사가정로41길 45 (면목3.8파출소),서울특별시,중랑구,37.6065432383919,127.092820287004,,10744,1596,1439,268,3296,1051,95,2999
서울특별시경찰청,서울중랑,상봉,상봉파출소,파출소,서울특별시 중랑구 중랑천로 69 상봉파출소,서울특별시,중랑구,37.596768819552,127.088754299651,"면목동, 상봉동",10744,1596,1439,268,3296,1051,95,2999
서울특별시경찰청,서울중랑,먹골,먹골파출소,파출소,서울특별시 중랑구 숙선옹주로7길 1,서울특별시,중랑구,37.6065432383919,127.092820287004,,10744,1596,1439,268,3296,1051,95,2999
서울특별시경찰청,서울강남,역삼,역삼지구대,지구대,서울특별시 강남구 언주로108길 20,서울특별시,강남구,37.4953666908089,127.03306536185,역삼동,31705,3377,2094,1026,12388,2991,943,8886
서울특별시경찰청,서울강남,논현1,논현1파출소,파출소,서울특별시 강남구 학동로 169,서울특별시,강남구,37.5173319258532,127.047377408384,삼성동,31705,3377,2094,1026,12388,2991,943,8886
서울특별시경찰청,서울강남,논현2,논현2파출소,파출소,서울특별시 강남구 학동로 227,서울특별시,강남구,37.5173319258532,127.047377408384,,31705,3377,2094,1026,12388,2991,943,8886
서울특별시경찰청,서울강남,삼성1,삼성1파출소,파출소,서울특별시 강남구 영동대로112길 4,서울특별시,강남구,37.5173319258532,127.047377408384,,31705,3377,2094,1026,12388,2991,943,8886
서울특별시경찰청,서울강남,삼성2,삼성2파출소,파출소,서울특별시 강남구 선릉로 626,서울특별시,강남구,37.5173319258532,127.047377408384,,31705,3377,2094,1026,12388,2991,943,8886
서울특별시경찰청,서울강남,청담,청담파출소,파출소,서울특별시 강남구 학동로95길 19,서울특별시,강남구,37.5250293348774,127.049233039691,청담동,31705,3377,2094,1026,12388,2991,943,8886
서울특별시경찰청,서울강남,신사,신사파출소,파출소,서울특별시 강남구 도산대로 143,서울특별시,강남구,37.5239850298543,127.02277448907,"논현동, 신사동",31705,3377,2094,1026,12388,2991,943,8886
서울특별시경찰청,서울강남,압구정,압구정파출소,파출소,서울특별시 강남구 압구정로 311,서울특별시,강남구,37.5306686414269,127.030809170421,압구정동,31705,3377,2094,1026,12388,2991,943,8886
서울특별시경찰청,서울관악,당곡,당곡지구대,지구대,서울특별시 관악구 남부순환로191길 12 당곡지구대,서울특별시,관악구,37.4783683761333,126.951561853868,봉천동,16539,2185,1967,633,5659,1125,213,4757
서울특별시경찰청,서울관악,낙성대,낙성대지구대,지구대,"서울특별시 관악구 봉천로 540, 낙성대지구대",서울특별시,관악구,37.4783683761333,126.951561853868,,16539,2185,1967,633,5659,1125,213,4757
서울특별시경찰청,서울관악,신림,신림지구대,지구대,서울특별시 관악구 남부순환로188길 12 신림지구대,서울특별시,관악구,37.4874127684412,126.927123713685,신림동,16539,2185,1967,633,5659,1125,213,4757
서울특별시경찰청,서울관악,관악산,관악산지구대,지구대,서울특별시 관악구 신림로 178 관악산지구대,서울특별시,관악구,37.4783683761333,126.951561853868,,16539,2185,1967,633,5659,1125,213,4757
서울특별시경찰청,서울관악,구암,구암지구대,지구대,서울특별시 관악구 은천로 93,서울특별시,관악구,37.4783683761333,126.951561853868,,16539,2185,1967,633,5659,1125,213,4757
서울특별시경찰청,서울관악,남현,남현파출소,파출소,서울특별시 관악구 남현1가길 29 남현파출소,서울특별시,관악구,37.474566758872,126.977846469625,남현동,16539,2185,1967,633,5659,1125,213,4757
서울특별시경찰청,서울관악,난우,난우파출소,파출소,서울특별시 관악구 난곡로64 난우파출소,서울특별시,관악구,37.4783683761333,126.951561853868,,16539,2185,1967,633,5659,1125,213,4757
서울특별시경찰청,서울관악,미성,미성파출소,파출소,서울특별시 관악구 난곡로64가길 31,서울특별시,관악구,37.4783683761333,126.951561853868,,16539,2185,1967,633,5659,1125,213,4757
서울특별시경찰청,서울관악,신사,신사지구대,지구대,서울특별시 관악구 신사로 106,서울특별시,관악구,37.4783683761333,126.951561853868,,16539,2185,1967,633,5659,1125,213,4757
서울특별시경찰청,서울강서,화곡,화곡지구대,지구대,서울특별시 강서구 화곡로 308,서울특별시,강서구,37.5362848031695,126.848952280488,화곡동,15073,2072,1671,527,4926,1374,208,4295
서울특별시경찰청,서울강서,공항,공항지구대,지구대,서울특별시 강서구 방화동로 5,서울특별시,강서구,37.5588726032733,126.810109136838,"공항동, 과해동, 방화동, 오곡동, 오쇠동",15073,2072,1671,527,4926,1374,208,4295
서울특별시경찰청,서울강서,까치산,까치산지구대,지구대,서울특별시 강서구 강서로7길 39,서울특별시,강서구,37.5509646154244,126.849533759514,,15073,2072,1671,527,4926,1374,208,4295
서울특별시경찰청,서울강서,가양,가양지구대,지구대,서울특별시 강서구 화곡로65길 63,서울특별시,강서구,37.5693673262879,126.84732341674,"가양동, 등촌동",15073,2072,1671,527,4926,1374,208,4295
서울특별시경찰청,서울강서,곰달래,곰달래지구대,지구대,서울특별시 강서구 곰달래로59길 12,서울특별시,강서구,37.5509646154244,126.849533759514,,15073,2072,1671,527,4926,1374,208,4295
서울특별시경찰청,서울강서,방화3,방화3파출소,파출소,서울특별시 강서구 금낭화로26길 16,서울특별시,강서구,37.5509646154244,126.849533759514,,15073,2072,1671,527,4926,1374,208,4295
서울특별시경찰청,서울강서,염창,염창지구대,지구대,서울특별시 강서구 양천로67길 101,서울특별시,강서구,37.5537362431352,126.870985348962,염창동,15073,2072,1671,527,4926,1374,208,4295
서울특별시경찰청,서울강서,등촌2,등촌2파출소,파출소,서울특별시 강서구 등촌로 167,서울특별시,강서구,37.5509646154244,126.849533759514,,15073,2072,1671,527,4926,1374,208,4295
서울특별시경찰청,서울강서,발산,발산지구대,지구대,서울특별시 강서구 수명로2길 46,서울특별시,강서구,37.5543737621718,126.83326640676,"내발산동, 외발산동",15073,2072,1671,527,4926,1374,208,4295
서울특별시경찰청,서울강서,화곡3,화곡3파출소,파출소,서울특별시 강서구 강서로45다길 71,서울특별시,강서구,37.5509646154244,126.849533759514,,15073,2072,1671,527,4926,1374,208,4295
서울특별시경찰청,서울강서,마곡,마곡지구대,지구대,서울특별시 강서구 마곡중앙5로 32,서울특별시,강서구,37.5747859514344,126.830205192607,"개화동, 마곡동",15073,2072,1671,527,4926,1374,208,4295
서울특별시경찰청,서울강동,천호,천호지구대,지구대,"서울특별시 강동구 구천면로 141, 천호지구대",서울특별시,강동구,37.542221863425,127.12866892591,천호동,11267,1531,1662,321,3351,1028,103,3271
서울특별시경찰청,서울강동,길동,길동지구대,지구대,서울특별시 강동구 양재대로96길 35,서울특별시,강동구,37.5344859624471,127.142712345548,길동,11267,1531,1662,321,3351,1028,103,3271
서울특별시경찰청,서울강동,성내,성내지구대,지구대,서울특별시 강동구 성내로 55 (성내동),서울특별시,강동구,37.5292748071427,127.130026914568,성내동,11267,1531,1662,321,3351,1028,103,3271
서울특별시경찰청,서울강동,암사,암사지구대,지구대,서울특별시 강동구 고덕로 137 암사지구대,서울특별시,강동구,37.5591140475276,127.13168588897,암사동,11267,1531,1662,321,3351,1028,103,3271
서울특별시경찰청,서울강동,둔촌,둔촌파출소,파출소,서울특별시 강동구 양재대로 1340 (둔촌동),서울특별시,강동구,37.527188288761,127.142354524933,둔촌동,11267,1531,1662,321,3351,1028,103,3271
서울특별시경찰청,서울강동,명일,명일파출소,파출소,서울특별시 강동구 동남로 895 명일파출소,서울특별시,강동구,37.5494403330957,127.150304746486,명일동,11267,1531,1662,321,3351,1028,103,3271
서울특별시경찰청,서울강동,강일,강일파출소,파출소,서울특별시 강동구 아리수로91길 20,서울특별시,강동구,37.564944692054,127.173919661642,강일동,11267,1531,1662,321,3351,1028,103,3271
서울특별시경찰청,서울강동,고덕,고덕파출소,파출소,서울특별시 강동구 고덕로 61길61,서울특별시,강동구,37.5641661222506,127.155939319817,고덕동,11267,1531,1662,321,3351,1028,103,3271
서울특별시경찰청,서울강동,상일,상일파출소,파출소,서울특별시 강동구 고덕로 80길 7,서울특별시,강동구,37.5505837474646,127.168300419218,상일동,11267,1531,1662,321,3351,1028,103,3271
서울특별시경찰청,서울종암,석관,석관파출소,파출소,서울특별시 성북구 화랑로32가길 20 석관파출소,서울특별시,성북구,37.6129860183722,127.0614007785,석관동,9158,1157,884,271,3299,933,59,2555
서울특별시경찰청,서울종암,장위,장위지구대,지구대,서울특별시 성북구 장월로174 장위지구대,서울특별시,성북구,37.6170568426304,127.04956549458,장위동,9158,1157,884,271,3299,933,59,2555
서울특별시경찰청,서울종암,월곡,월곡지구대,지구대,서울특별시 성북구 종암로32길 5 월곡지구대,서울특별시,성북구,37.6069133345459,127.045527017386,"상월곡동, 하월곡동",9158,1157,884,271,3299,933,59,2555
서울특별시경찰청,서울종암,종암,종암파출소,파출소,서울특별시 성북구 종암로23길 52,서울특별시,성북구,37.5990602270307,127.035212918853,종암동,9158,1157,884,271,3299,933,59,2555
서울특별시경찰청,서울구로,신구로,신구로지구대,지구대,서울특별시 구로구 새말로 26 신구로지구대,서울특별시,구로구,37.4954330863648,126.88750531451,"구로동, 신도림동",11726,1628,1572,341,3802,900,145,3338
서울특별시경찰청,서울구로,오류,오류지구대,지구대,서울특별시 구로구 고척로1길 34 오류지구대,서울특별시,구로구,37.4889461307052,126.835492478188,"궁동, 오류동, 온수동, 항동",11726,1628,1572,341,3802,900,145,3338
서울특별시경찰청,서울구로,구일,구일지구대,지구대,서울특별시 구로구 도림로 63 구일지구대,서울특별시,구로구,37.4954330863648,126.88750531451,,11726,1628,1572,341,3802,900,145,3338
서울특별시경찰청,서울구로,고척,고척지구대,지구대,서울특별시 구로구 중앙로 15길 30 고척지구대,서울특별시,구로구,37.5013977406623,126.863557123957,고척동,11726,1628,1572,341,3802,900,145,3338
서울특별시경찰청,서울구로,개봉,개봉지구대,지구대,서울특별시 구로구 개봉로18길 5 개봉지구대,서울특별시,구로구,37.4930115322775,126.857746551058,개봉동,11726,1628,1572,341,3802,900,145,3338
서울특별시경찰청,서울구로,구로3,구로3파출소,파출소,서울특별시 구로구 디지털로31길 86 구로3파출소,서울특별시,구로구,37.4954330863648,126.88750531451,,11726,1628,1572,341,3802,900,145,3338
서울특별시경찰청,서울구로,가리봉,가리봉파출소,파출소,서울특별시 구로구 남부순환로 1275 가리봉파출소,서울특별시,구로구,37.4825327471338,126.889718085071,가리봉동,11726,1628,1572,341,3802,900,145,3338
서울특별시경찰청,서울구로,천왕,천왕파출소,파출소,서울특별시 구로구 오리로 1102-8,서울특별시,구로구,37.4802774110978,126.83999317372,천왕동,11726,1628,1572,341,3802,900,145,3338
서울특별시경찰청,서울서초,반포,반포지구대,지구대,서울특별시 서초구 신반포로190,서울특별시,서초구,37.5051446767402,127.013359062646,"반포동, 방배동, 잠원동",17238,1835,1587,557,5838,1787,240,5394
서울특별시경찰청,서울서초,내곡,내곡파출소,파출소,서울특별시 서초구 헌릉로 226,서울특별시,서초구,37.4582463131039,127.076916934729,"내곡동, 신원동, 염곡동, 원지동",17238,1835,1587,557,5838,1787,240,5394
서울특별시경찰청,서울양천,목1,목1지구대,지구대,서울특별시 양천구 목동동로 373,서울특별시,양천구,37.5169884752609,126.866501409661,"목동, 신월동, 신정동",9869,1378,1513,188,2988,861,92,2849
서울특별시경찰청,서울양천,목2,목2지구대,지구대,서울특별시 양천구 등촌로 166,서울특별시,양천구,37.5169884752609,126.866501409661,,9869,1378,1513,188,2988,861,92,2849
서울특별시경찰청,서울양천,신정1,신정1지구대,지구대,서울특별시 양천구 중앙로32길 65,서울특별시,양천구,37.5169884752609,126.866501409661,,9869,1378,1513,188,2988,861,92,2849
서울특별시경찰청,서울양천,신정2,신정2지구대,지구대,서울특별시 양천구 목동로17길 5,서울특별시,양천구,37.5169884752609,126.866501409661,,9869,1378,1513,188,2988,861,92,2849
서울특별시경찰청,서울양천,신월2,신월2지구대,지구대,서울특별시 양천구 지양로 55,서울특별시,양천구,37.5169884752609,126.866501409661,,9869,1378,1513,188,2988,861,92,2849
서울특별시경찰청,서울양천,신월1,신월1파출소,파출소,서울특별시 양천구 남부순환로59길 8,서울특별시,양천구,37.5169884752609,126.866501409661,,9869,1378,1513,188,2988,861,92,2849
서울특별시경찰청,서울양천,신정3,신정3파출소,파출소,서울특별시 양천구 중앙로 205,서울특별시,양천구,37.5169884752609,126.866501409661,,9869,1378,1513,188,2988,861,92,2849
서울특별시경찰청,서울양천,신월5,신월5파출소,파출소,서울특별시 양천구 남부순환로31길 37,서울특별시,양천구,37.5169884752609,126.866501409661,,9869,1378,1513,188,2988,861,92,2849
서울특별시경찰청,서울송파,방이,방이지구대,지구대,서울특별시 송파구 양재대로71길 5-6,서울특별시,송파구,37.5110126423951,127.123923689605,방이동,18321,2364,2500,559,6365,1767,194,4572
서울특별시경찰청,서울송파,잠실,잠실지구대,지구대,서울특별시 송파구 올림픽로 101,서울특별시,송파구,37.5119564733933,127.088282780728,잠실동,18321,2364,2500,559,6365,1767,194,4572
서울특별시경찰청,서울송파,삼전,삼전지구대,지구대,서울특별시 송파구 백제고분로 238,서울특별시,송파구,37.5027233386059,127.092519707191,삼전동,18321,2364,2500,559,6365,1767,194,4572
서울특별시경찰청,서울송파,가락,가락지구대,지구대,서울특별시 송파구 중대로 179,서울특별시,송파구,37.496542166563,127.105729381413,"가락동, 석촌동",18321,2364,2500,559,6365,1767,194,4572
서울특별시경찰청,서울송파,문정,문정지구대,지구대,서울특별시 송파구 충민로2길 18,서울특별시,송파구,37.4847415034154,127.118267660547,"문정동, 장지동",18321,2364,2500,559,6365,1767,194,4572
서울특별시경찰청,서울송파,마천,마천파출소,파출소,서울특별시 송파구 마천로 41길 8,서울특별시,송파구,37.4960258496319,127.149903613069,마천동,18321,2364,2500,559,6365,1767,194,4572
서울특별시경찰청,서울송파,거여,거여파출소,파출소,서울특별시 송파구 새말로15길 9,서울특별시,송파구,37.4969242257406,127.143310298223,거여동,18321,2364,2500,559,6365,1767,194,4572
서울특별시경찰청,서울송파,풍납,풍납파출소,파출소,서울특별시 송파구 풍성로 42,서울특별시,송파구,37.5380588825242,127.122225970875,풍납동,18321,2364,2500,559,6365,1767,194,4572
서울특별시경찰청,서울송파,오금,오금파출소,파출소,서울특별시 송파구 마천로8길 17,서울특별시,송파구,37.5029748269765,127.128103930329,오금동,18321,2364,2500,559,6365,1767,194,4572
서울특별시경찰청,서울송파,신천,신천파출소,파출소,서울특별시 송파구 올림픽로35길 12,서울특별시,송파구,37.5182926381798,127.101366591012,신천동,18321,2364,2500,559,6365,1767,194,4572
서울특별시경찰청,서울송파,위례,위례파출소,파출소,서울특별시 송파구 위례순환로 369,서울특별시,송파구,37.51458371944,127.10591770866,송파동,18321,2364,2500,559,6365,1767,194,4572
서울특별시경찰청,서울노원,당현,당현지구대,지구대,서울특별시 노원구 노원로17길 64번지,서울특별시,노원구,37.6543617567057,127.056430475216,"상계동, 중계동, 하계동",10005,1453,1506,318,2756,918,102,2952
서울특별시경찰청,서울노원,월계,월계지구대,지구대,서울특별시 노원구 월계로55길 58,서울특별시,노원구,37.6199191869585,127.062987742987,"공릉동, 월계동",10005,1453,1506,318,2756,918,102,2952
서울특별시경찰청,서울노원,화랑,화랑지구대,지구대,서울특별시 노원구 동일로 1034,서울특별시,노원구,37.6543617567057,127.056430475216,,10005,1453,1506,318,2756,918,102,2952
서울특별시경찰청,서울노원,노원역,노원역지구대,지구대,서울특별시 노원구 노원로431,서울특별시,노원구,37.6543617567057,127.056430475216,,10005,1453,1506,318,2756,918,102,2952
서울특별시경찰청,서울노원,불암,불암지구대,지구대,서울특별시 노원구 한글비석로 277,서울특별시,노원구,37.6543617567057,127.056430475216,,10005,1453,1506,318,2756,918,102,2952
서울특별시경찰청,서울노원,마들,마들지구대,지구대,서울특별시 노원구 한글비석로 489 마들지구대,서울특별시,노원구,37.6543617567057,127.056430475216,,10005,1453,1506,318,2756,918,102,2952
서울특별시경찰청,서울노원,당고개,당고개파출소,파출소,서울특별시 노원구 수락산로2길 77,서울특별시,노원구,37.6543617567057,127.056430475216,,10005,1453,1506,318,2756,918,102,2952
서울특별시경찰청,서울노원,상계1,상계1파출소,파출소,서울특별시 노원구 동일로 1693,서울특별시,노원구,37.6543617567057,127.056430475216,,10005,1453,1506,318,2756,918,102,2952
서울특별시경찰청,서울방배,남태령,남태령지구대,지구대,서울특별시 서초구 동작대로 34,서울특별시,서초구,37.4835888228545,127.032689317952,"서초동, 양재동, 우면동",17238,1835,1587,557,5838,1787,240,5394
서울특별시경찰청,서울방배,서래,서래파출소,파출소,서울특별시 서초구 신반포로 16길 15-14,서울특별시,서초구,37.4835888228545,127.032689317952,,17238,1835,1587,557,5838,1787,240,5394
서울특별시경찰청,서울방배,이수,이수파출소,파출소,서울특별시 서초구 동광로19길 38,서울특별시,서초구,37.4835888228545,127.032689317952,,17238,1835,1587,557,5838,1787,240,5394
서울특별시경찰청,서울방배,방배1,방배1파출소,파출소,서울특별시 서초구 효령로 31길 64,서울특별시,서초구,37.4835888228545,127.032689317952,,17238,1835,1587,557,5838,1787,240,5394
서울특별시경찰청,서울은평,불광,불광지구대,지구대,서울특별시 은평구 연서로 290,서울특별시,은평구,37.6176523268171,126.937059476367,불광동,10708,1579,1520,289,3370,968,78,2904
서울특별시경찰청,서울은평,연신내,연신내지구대,지구대,서울특별시 은평구 갈현로 195,서울특별시,은평구,37.6028174370823,126.928940981464,,10708,1579,1520,289,3370,968,78,2904
서울특별시경찰청,서울은평,진관,진관파출소,파출소,서울특별시 은평구 진관3로 38 진관파출소,서울특별시,은평구,37.6349668825062,126.92106591289,진관동,10708,1579,1520,289,3370,968,78,2904
서울특별시경찰청,서울은평,대조,대조파출소,파출소,서울특별시 은평구 진흥로13길3-33 (대조동),서울특별시,은평구,37.6141899645266,126.920825111083,"갈현동, 대조동",10708,1579,1520,289,3370,968,78,2904
서울특별시경찰청,서울도봉,창동,창동지구대,지구대,서울특별시 도봉구 노해로 392,서울특별시,도봉구,37.6522582058481,127.045432300312,창동,6356,870,800,156,2077,461,52,1940
서울특별시경찰청,서울도봉,신창,신창파출소,파출소,서울특별시 도봉구 도봉로104길 49-5,서울특별시,도봉구,37.6686914100284,127.04721049936,,6356,870,800,156,2077,461,52,1940
서울특별시경찰청,서울도봉,방학,방학파출소,파출소,서울특별시 도봉구 도봉로145길 45 방학파출소,서울특별시,도봉구,37.665897548954,127.026875382235,"도봉동, 방학동",6356,870,800,156,2077,461,52,1940
서울특별시경찰청,서울도봉,신방학,신방학파출소,파출소,서울특별시 도봉구 시루봉로5길 10,서울특별시,도봉구,37.6686914100284,127.04721049936,,6356,870,800,156,2077,461,52,1940
서울특별시경찰청,서울도봉,도봉1,도봉1파출소,파출소,서울특별시 도봉구 도봉로169나길 4 (도봉동),서울특별시,도봉구,37.6686914100284,127.04721049936,,6356,870,800,156,2077,461,52,1940
서울특별시경찰청,서울도봉,도봉2,도봉2파출소,파출소,서울특별시 도봉구 도봉로 180나길 33,서울특별시,도봉구,37.6686914100284,127.04721049936,,6356,870,800,156,2077,461,52,1940
서울특별시경찰청,서울도봉,쌍문,쌍문파출소,파출소,서울특별시 도봉구 방학로3길 132,서울특별시,도봉구,37.6513191127048,127.029190894368,쌍문동,6356,870,800,156,2077,461,52,1940
서울특별시경찰청,서울도봉,숭미,숭미파출소,파출소,서울특별시 도봉구 노해로 139 숭미파출소,서울특별시,도봉구,37.6686914100284,127.04721049936,,6356,870,800,156,2077,461,52,1940
서울특별시경찰청,서울수서,도곡,도곡지구대,지구대,서울특별시 강남구 언주로 426,서울특별시,강남구,37.4909537197218,127.038482017226,도곡동,31705,3377,2094,1026,12388,2991,943,8886
서울특별시경찰청,서울수서,대치,대치지구대,지구대,서울특별시 강남구 삼성로 203,서울특별시,강남구,37.4932421505467,127.056693501258,대치동,31705,3377,2094,1026,12388,2991,943,8886
서울특별시경찰청,서울수서,수서,수서파출소,파출소,서울특별시 강남구 밤고개로1길 48,서울특별시,강남구,37.4888878594165,127.105003972121,"세곡동, 수서동, 율현동",31705,3377,2094,1026,12388,2991,943,8886
서울특별시경찰청,서울수서,대왕,대왕파출소,파출소,서울특별시 강남구 헌릉로 623,서울특별시,강남구,37.5173319258532,127.047377408384,,31705,3377,2094,1026,12388,2991,943,8886
서울특별시경찰청,서울수서,일원,일원지구대,지구대,서울특별시 강남구 일원로3길 35,서울특별시,강남구,37.4795654903151,127.080430036811,"일원동, 자곡동",31705,3377,2094,1026,12388,2991,943,8886
서울특별시경찰청,서울수서,개포,개포지구대,지구대,서울특별시 강남구 개포로 261,서울특별시,강남구,37.4819251305595,127.057440206035,개포동,31705,3377,2094,1026,12388,2991,943,8886
부산광역시경찰청,부산중부,남포,남포지구대,지구대,부산광역시 중구 해관로 19,부산광역시,중구,35.0974184009101,129.034658826808,"광복동1가, 광복동2가, 남포동1가, 남포동2가, 남포동4가, 남포동5가, 동광동1가, 동광동2가",3517,650,574,74,1036,307,22,854
부산광역시경찰청,부산중부,영주,영주파출소,파출소,부산광역시 중구 동영로 77,부산광역시,중구,35.1118639237961,129.03199111519,"대창동2가, 영주동",3517,650,574,74,1036,307,22,854
부산광역시경찰청,부산중부,부평,부평파출소,파출소,부산광역시 중구 보수대로44번길 27,부산광역시,중구,35.1021533411539,129.027227791575,"광복동3가, 남포동3가, 남포동6가, 대청동3가, 부평동1가, 부평동2가, 부평동3가, 부평동4가",3517,650,574,74,1036,307,22,854
부산광역시경찰청,부산중부,보수,보수파출소,파출소,부산광역시 중구 흑교로 77,부산광역시,중구,35.1074151266678,129.025783364202,"보수동1가, 보수동2가, 보수동3가",3517,650,574,74,1036,307,22,854
부산광역시경찰청,부산중부,대청,대청파출소,파출소,부산광역시 중구 중구로 103-1,부산광역시,중구,35.1050924911827,129.03274412158,"대창동1가, 대청동1가, 대청동2가, 대청동4가, 동광동3가, 동광동4가, 동광동5가, 중앙동2가",3517,650,574,74,1036,307,22,854
부산광역시경찰청,부산동래,내성,내성지구대,지구대,부산광역시 동래구 동래로 109,부산광역시,동래구,35.1963015621029,129.093857800257,"명장동, 안락동",7797,1118,1264,164,2425,721,142,1963
부산광역시경찰청,부산동래,충렬,충렬지구대,지구대,부산광역시 동래구 반송로 207,부산광역시,동래구,35.1963015621029,129.093857800257,,7797,1118,1264,164,2425,721,142,1963
부산광역시경찰청,부산동래,온천,온천지구대,지구대,부산광역시 동래구 우장춘로 16,부산광역시,동래구,35.2118823526351,129.066706270938,"명륜동, 온천동",7797,1118,1264,164,2425,721,142,1963
부산광역시경찰청,부산동래,사직,사직지구대,지구대,부산광역시 동래구 중앙대로1277번길 41,부산광역시,동래구,35.1989699840999,129.055523395593,사직동,7797,1118,1264,164,2425,721,142,1963
부산광역시경찰청,부산동래,온천1,온천1파출소,파출소,부산광역시 동래구 금강로151번길 9,부산광역시,동래구,35.1963015621029,129.093857800257,,7797,1118,1264,164,2425,721,142,1963
부산광역시경찰청,부산동래,낙민,낙민파출소,파출소,부산광역시 동래구 온천천로 359,부산광역시,동래구,35.1965209826522,129.092216709084,"낙민동, 복천동, 수안동, 칠산동",7797,1118,1264,164,2425,721,142,1963
부산광역시경찰청,부산영도,동삼,동삼지구대,지구대,부산광역시 영도구 태종로 618 동삼지구대,부산광역시,영도구,35.0777484249153,129.071639310245,동삼동,2871,491,443,52,812,288,31,754
부산광역시경찰청,부산영도,영선,영선지구대,지구대,부산광역시 영도구 남항시장길 328,부산광역시,영도구,35.0909863292586,129.043520252277,"봉래동2가, 봉래동3가, 봉래동4가, 봉래동5가, 신선동1가, 신선동2가, 신선동3가, 영선동1가",2871,491,443,52,812,288,31,754
부산광역시경찰청,부산영도,청학,청학파출소,파출소,부산광역시 영도구 태종로 395,부산광역시,영도구,35.0921902835616,129.063943764121,청학동,2871,491,443,52,812,288,31,754
부산광역시경찰청,부산영도,대교,대교파출소,파출소,부산광역시 영도구 태종로 81(대교동2가),부산광역시,영도구,35.0924257351993,129.038315245311,"남항동1가, 남항동2가, 남항동3가, 대교동1가, 대교동2가, 대평동1가, 대평동2가, 봉래동1가",2871,491,443,52,812,288,31,754
부산광역시경찰청,부산동부,초량,초량지구대,지구대,부산광역시 동구 초량상로 65번길2,부산광역시,동구,35.1213355196694,129.033586449747,초량동,4359,737,567,94,1333,483,72,1073
부산광역시경찰청,부산동부,수성,수성지구대,지구대,부산광역시 동구 망양로 811,부산광역시,동구,35.129266800067,129.045305770374,수정동,4359,737,567,94,1333,483,72,1073
부산광역시경찰청,부산동부,자성대,자성대파출소,파출소,부산광역시 동구 부산진성공원로 15,부산광역시,동구,35.129266800067,129.045305770374,,4359,737,567,94,1333,483,72,1073
부산광역시경찰청,부산동부,좌천,좌천파출소,파출소,부산광역시 동구 중앙대로 491-4,부산광역시,동구,35.1314104550705,129.049211885,"범일동, 좌천동",4359,737,567,94,1333,483,72,1073
부산광역시경찰청,부산동부,범곡,범곡파출소,파출소,부산광역시 동구 범상로 10-1,부산광역시,동구,35.129266800067,129.045305770374,,4359,737,567,94,1333,483,72,1073
부산광역시경찰청,부산진,양정,양정지구대,지구대,부산광역시 부산진구 동평로 342,부산광역시,부산진구,35.1710811495463,129.07432099535,양정동,17497,2871,2678,506,5286,1537,284,4335
부산광역시경찰청,부산진,부전,부전지구대,지구대,부산광역시 부산진구 부전로 185,부산광역시,부산진구,35.1561936023553,129.058076204432,"범천동, 부전동",17497,2871,2678,506,5286,1537,284,4335
부산광역시경찰청,부산진,서면,서면지구대,지구대,부산광역시 부산진구 신암로 56,부산광역시,부산진구,35.1628554465167,129.053165443787,"범전동, 연지동",17497,2871,2678,506,5286,1537,284,4335
부산광역시경찰청,부산진,당감,당감지구대,지구대,부산광역시 부산진구 당감로 17-1,부산광역시,부산진구,35.1728246466468,129.01807631278,당감동,17497,2871,2678,506,5286,1537,284,4335
부산광역시경찰청,부산진,성지,성지지구대,지구대,부산광역시 부산진구 성지로113번길 27,부산광역시,부산진구,35.1628554465167,129.053165443787,,17497,2871,2678,506,5286,1537,284,4335
부산광역시경찰청,부산진,가야,가야지구대,지구대,부산광역시 부산진구 가야공원로 10,부산광역시,부산진구,35.1479801623861,129.032581642818,가야동,17497,2871,2678,506,5286,1537,284,4335
부산광역시경찰청,부산진,부암,부암지구대,지구대,부산광역시 부산진구 신천대로 283,부산광역시,부산진구,35.1785361380042,129.030694924367,"부암동, 초읍동",17497,2871,2678,506,5286,1537,284,4335
부산광역시경찰청,부산진,범천1,범천1파출소,파출소,부산광역시 부산진구 중앙번영로 24-1,부산광역시,부산진구,35.1628554465167,129.053165443787,,17497,2871,2678,506,5286,1537,284,4335
부산광역시경찰청,부산진,전포,전포파출소,파출소,부산광역시 부산진구 전포대로 165,부산광역시,부산진구,35.157256269615,129.071226616738,전포동,17497,2871,2678,506,5286,1537,284,4335
부산광역시경찰청,부산진,개금,개금파출소,파출소,부산광역시 부산진구 백양대로208번길 137,부산광역시,부산진구,35.1606615344224,129.017916186161,개금동,17497,2871,2678,506,5286,1537,284,4335
부산광역시경찰청,부산서부,송도,송도지구대,지구대,부산광역시 서구 충무대로 84,부산광역시,서구,35.0979235209887,129.024298440459,"토성동1가, 토성동4가, 토성동5가",3642,477,662,58,1179,358,37,871
부산광역시경찰청,부산서부,구덕,구덕지구대,지구대,부산광역시 서구 보수대로 258-5,부산광역시,서구,35.0979235209887,129.024298440459,,3642,477,662,58,1179,358,37,871
부산광역시경찰청,부산서부,충무,충무지구대,지구대,부산광역시 서구 임시수도기념로 36,부산광역시,서구,35.0959614220744,129.024798164577,"남부민동, 암남동, 충무동1가, 충무동2가, 충무동3가",3642,477,662,58,1179,358,37,871
부산광역시경찰청,부산서부,아미,아미파출소,파출소,부산광역시 서구 해돋이로 267,부산광역시,서구,35.0993919013628,129.019036333767,"동대신동1가, 동대신동2가, 동대신동3가, 부민동1가, 부민동2가, 부민동3가, 부용동1가, 부용동2가",3642,477,662,58,1179,358,37,871
부산광역시경찰청,부산남부,문현,문현지구대,지구대,부산광역시 남구 전포대로 20번길 47,부산광역시,남구,35.1433269924834,129.072124227665,문현동,8674,1044,862,306,3193,681,79,2509
부산광역시경찰청,부산남부,용호,용호지구대,지구대,부산광역시 남구 분포로 1,부산광역시,남구,35.1139656623746,129.116007443618,용호동,8674,1044,862,306,3193,681,79,2509
부산광역시경찰청,부산남부,대연,대연지구대,지구대,부산광역시 남구 수영로 328,부산광역시,남구,35.1378939446187,129.09146973801,대연동,8674,1044,862,306,3193,681,79,2509
부산광역시경찰청,부산남부,못골,못골파출소,파출소,부산광역시 남구 진남로 46번길 37,부산광역시,남구,35.1365297909396,129.084242837166,,8674,1044,862,306,3193,681,79,2509
부산광역시경찰청,부산남부,우암,우암파출소,파출소,부산광역시 남구 우암로 170,부산광역시,남구,35.1250127857502,129.075854463096,우암동,8674,1044,862,306,3193,681,79,2509
부산광역시경찰청,부산남부,용당,용당파출소,파출소,부산광역시 남구 신선로 318,부산광역시,남구,35.1176498740348,129.095040714388,용당동,8674,1044,862,306,3193,681,79,2509
부산광역시경찰청,부산남부,감만,감만파출소,파출소,부산광역시 남구 우암로86,부산광역시,남구,35.1131135578819,129.080913164455,감만동,8674,1044,862,306,3193,681,79,2509
부산광역시경찰청,부산해운대,재송,재송지구대,지구대,부산광역시 해운대구 해운대로161번길 17,부산광역시,해운대구,35.1855603344596,129.127939014337,재송동,11861,1409,1674,278,3823,1180,139,3358
부산광역시경찰청,부산해운대,우동,우동지구대,지구대,부산광역시 해운대구 해운대로 398,부산광역시,해운대구,35.1727271517264,129.148399576019,우동,11861,1409,1674,278,3823,1180,139,3358
부산광역시경찰청,부산해운대,중동,중동지구대,지구대,부산광역시 해운대구 좌동순환로433번길 32,부산광역시,해운대구,35.1589578525344,129.1782523858,중동,11861,1409,1674,278,3823,1180,139,3358
부산광역시경찰청,부산해운대,좌동,좌동지구대,지구대,부산광역시 해운대구 좌동순환로 185,부산광역시,해운대구,35.1870826469031,129.174726496616,좌동,11861,1409,1674,278,3823,1180,139,3358
부산광역시경찰청,부산해운대,반여,반여지구대,지구대,부산광역시 해운대구 선수촌로21번길 64,부산광역시,해운대구,35.2061309543907,129.130232464088,반여동,11861,1409,1674,278,3823,1180,139,3358
부산광역시경찰청,부산해운대,송정,송정파출소,파출소,부산광역시 해운대구 송정중앙로8번길 65,부산광역시,해운대구,35.1836575939926,129.203669439395,송정동,11861,1409,1674,278,3823,1180,139,3358
부산광역시경찰청,부산해운대,반석,반석파출소,파출소,부산광역시 해운대구 아랫반송로 6,부산광역시,해운대구,35.1630666685425,129.16359608401,,11861,1409,1674,278,3823,1180,139,3358
부산광역시경찰청,부산해운대,반송,반송파출소,파출소,부산광역시 해운대구 신반송로 177,부산광역시,해운대구,35.2189368500509,129.154119351895,"반송동, 석대동",11861,1409,1674,278,3823,1180,139,3358
부산광역시경찰청,부산해운대,반여2·3,반여2·3파출소,파출소,부산광역시 해운대구 재반로 197,부산광역시,해운대구,35.1630666685425,129.16359608401,,11861,1409,1674,278,3823,1180,139,3358
부산광역시경찰청,부산사상,주례,주례지구대,지구대,부산광역시 사상구 주례로 141,부산광역시,사상구,35.1521705842909,129.006097664426,주례동,7011,1081,797,142,2403,913,114,1561
부산광역시경찰청,부산사상,학장,학장파출소,파출소,부산광역시 사상구 학감대로 123번길 4,부산광역시,사상구,35.1440995880535,128.987296537566,학장동,7011,1081,797,142,2403,913,114,1561
부산광역시경찰청,부산사상,감전,감전지구대,지구대,부산광역시 사상구 가야대로 39,부산광역시,사상구,35.1542462143787,128.979410354417,"감전동, 괘법동",7011,1081,797,142,2403,913,114,1561
부산광역시경찰청,부산사상,모라,모라파출소,파출소,부산광역시 사상구 모라로 110번길 101,부산광역시,사상구,35.1833146881081,129.003943217684,"덕포동, 모라동, 삼락동",7011,1081,797,142,2403,913,114,1561
부산광역시경찰청,부산사상,삼덕,삼덕파출소,파출소,부산광역시 사상구 삼덕로 73번길 48,부산광역시,사상구,35.1525491845594,128.991456532626,,7011,1081,797,142,2403,913,114,1561
부산광역시경찰청,부산사상,엄궁,엄궁파출소,파출소,부산광역시 사상구 낙동대로 740,부산광역시,사상구,35.1286945870537,128.972201277422,엄궁동,7011,1081,797,142,2403,913,114,1561
부산광역시경찰청,부산금정,부곡,부곡지구대,지구대,부산광역시 금정구 부곡로 136 (부곡동) 부곡지구대,부산광역시,금정구,35.2376380106209,129.096413857004,"금사동, 부곡동, 오륜동, 회동동",6289,863,878,181,1981,627,89,1670
부산광역시경찰청,부산금정,장전,장전지구대,지구대,부산광역시 금정구 금정로 49 (장전동) 장전지구대,부산광역시,금정구,35.2347159155634,129.072491624188,"금성동, 장전동",6289,863,878,181,1981,627,89,1670
부산광역시경찰청,부산금정,범어,범어지구대,지구대,부산광역시 금정구 팔송로39길 56 (남산동) 범어지구대,부산광역시,금정구,35.2427770500592,129.092104076105,"구서동, 남산동, 노포동, 두구동, 서동, 선동, 청룡동",6289,863,878,181,1981,627,89,1670
부산광역시경찰청,부산금정,서금,서금지구대,지구대,부산광역시 금정구 반송로 482-1 (금사동) 서금지구대,부산광역시,금정구,35.2427770500592,129.092104076105,,6289,863,878,181,1981,627,89,1670
부산광역시경찰청,부산금정,팔송,팔송파출소,파출소,부산광역시 금정구 중앙대로 2106 (청룡동) 팔송파출소,부산광역시,금정구,35.2427770500592,129.092104076105,,6289,863,878,181,1981,627,89,1670
부산광역시경찰청,부산사하,괴정,괴정지구대,지구대,부산광역시 사하구 낙동대로 264,부산광역시,사하구,35.1037002076552,128.995052763432,괴정동,7787,1229,952,179,2498,770,121,2038
부산광역시경찰청,부산사하,하단,하단지구대,지구대,부산광역시 사하구 하신중앙로 316,부산광역시,사하구,35.1148094646082,128.952594462617,하단동,7787,1229,952,179,2498,770,121,2038
부산광역시경찰청,부산사하,감천,감천지구대,지구대,부산광역시 사하구 감천로103,부산광역시,사하구,35.0924617954664,129.006993225079,감천동,7787,1229,952,179,2498,770,121,2038
부산광역시경찰청,부산사하,다대,다대지구대,지구대,부산광역시 사하구 다송로 46,부산광역시,사하구,35.060278219962,128.967656104235,다대동,7787,1229,952,179,2498,770,121,2038
부산광역시경찰청,부산사하,신평,신평파출소,파출소,부산광역시 사하구 하신중앙로 171,부산광역시,사하구,35.0916245823035,128.96525131852,"당리동, 신평동",7787,1229,952,179,2498,770,121,2038
부산광역시경찰청,부산사하,장림,장림파출소,파출소,부산광역시 사하구 다대로 239,부산광역시,사하구,35.0742973837696,128.970527123964,"구평동, 장림동",7787,1229,952,179,2498,770,121,2038
부산광역시경찰청,부산연제,토곡,토곡지구대,지구대,부산광역시 연제구 과정로164번길 16,부산광역시,연제구,35.176211194352,129.079745921308,,7585,1091,833,237,2309,620,270,2225
부산광역시경찰청,부산연제,연일,연일지구대,지구대,부산광역시 연제구 반송로 18,부산광역시,연제구,35.176211194352,129.079745921308,,7585,1091,833,237,2309,620,270,2225
부산광역시경찰청,부산연제,거제,거제지구대,지구대,부산광역시 연제구 금용로 17,부산광역시,연제구,35.1892144284113,129.071677580761,거제동,7585,1091,833,237,2309,620,270,2225
부산광역시경찰청,부산연제,연산,연산파출소,파출소,부산광역시 연제구 연수로 207-1,부산광역시,연제구,35.1825602536423,129.085536368166,연산동,7585,1091,833,237,2309,620,270,2225
부산광역시경찰청,부산강서,가락,가락파출소,파출소,부산광역시 강서구 가락대로 1465,부산광역시,강서구,35.2121979518668,128.980570557383,대저2동,5172,632,446,96,1640,847,44,1467
부산광역시경찰청,부산강서,강동,강동파출소,파출소,부산광역시 강서구 제도로 1191,부산광역시,강서구,35.2145168459059,128.935271405931,"강동동, 봉림동, 식만동, 죽동동, 죽림동",5172,632,446,96,1640,847,44,1467
부산광역시경찰청,부산강서,대저,대저파출소,파출소,부산광역시 강서구 대저로 284,부산광역시,강서구,35.2154530980837,128.97681509437,대저1동,5172,632,446,96,1640,847,44,1467
부산광역시경찰청,부산강서,공항,공항파출소,파출소,부산광역시 강서구 공항진입로 39,부산광역시,강서구,35.2121979518668,128.980570557383,,5172,632,446,96,1640,847,44,1467
부산광역시경찰청,부산강서,녹산,녹산파출소,파출소,부산광역시 강서구 낙동남로604번길 2-17,부산광역시,강서구,35.119139642914,128.882378803698,"녹산동, 범방동, 생곡동",5172,632,446,96,1640,847,44,1467
부산광역시경찰청,부산강서,신호,신호파출소,파출소,부산광역시 강서구 녹산산단335로 12-22,부산광역시,강서구,35.0905268830916,128.878751702628,"눌차동, 대항동, 동선동, 성북동, 송정동, 신호동, 천성동, 화전동",5172,632,446,96,1640,847,44,1467
부산광역시경찰청,부산강서,명지,명지지구대,지구대,부산광역시 강서구 명지국제2로28번길 13,부산광역시,강서구,35.1082274493664,128.926450851828,명지동,5172,632,446,96,1640,847,44,1467
부산광역시경찰청,부산강서,가덕도,가덕도파출소,파출소,부산광역시 강서구 동선길 134,부산광역시,강서구,35.2121979518668,128.980570557383,,5172,632,446,96,1640,847,44,1467
부산광역시경찰청,부산강서,지사,지사파출소,파출소,부산광역시 강서구 과학산단2로20번길 7-20,부산광역시,강서구,35.1437260956391,128.823584206032,"구랑동, 미음동, 지사동",5172,632,446,96,1640,847,44,1467
부산광역시경찰청,부산북부,덕천,덕천지구대,지구대,부산광역시 북구 금곡대로 66-8,부산광역시,북구,35.2131838661402,129.014529045675,덕천동,7322,906,1137,119,2730,598,95,1737
부산광역시경찰청,부산북부,구포,구포지구대,지구대,부산광역시 북구 시랑로79번길 3,부산광역시,북구,35.1981560740703,129.008888072412,구포동,7322,906,1137,119,2730,598,95,1737
부산광역시경찰청,부산북부,만덕,만덕지구대,지구대,부산광역시 북구 은행나무로36번가길 24,부산광역시,북구,35.2145376863012,129.038728928443,만덕동,7322,906,1137,119,2730,598,95,1737
부산광역시경찰청,부산북부,화명,화명지구대,지구대,부산광역시 북구 용당로 6,부산광역시,북구,35.2357636793339,129.013861621487,화명동,7322,906,1137,119,2730,598,95,1737
부산광역시경찰청,부산북부,금곡,금곡파출소,파출소,부산광역시 북구 금곡대로 462,부산광역시,북구,35.2500842483244,129.012818480406,금곡동,7322,906,1137,119,2730,598,95,1737
부산광역시경찰청,부산기장,기장,기장지구대,지구대,부산광역시 기장군 기장읍 차성동로 94-6,부산광역시,기장군,35.2387136286813,129.215860749696,기장읍,5392,664,448,117,1732,828,59,1544
부산광역시경찰청,부산기장,일광,일광파출소,파출소,부산광역시 기장군 일광면 일광로 77-15,부산광역시,기장군,35.2639537045623,129.23224176821,일광면,5392,664,448,117,1732,828,59,1544
부산광역시경찰청,부산기장,장안,장안파출소,파출소,부산광역시 기장군 장안읍 해맞이로 5,부산광역시,기장군,35.313927337956,129.244027911756,장안읍,5392,664,448,117,1732,828,59,1544
부산광역시경찰청,부산기장,정관,정관지구대,지구대,부산광역시 기장군 정관읍 용수로 17,부산광역시,기장군,35.3255215005655,129.18029849757,정관읍,5392,664,448,117,1732,828,59,1544
부산광역시경찰청,부산기장,철마,철마파출소,파출소,부산광역시 기장군 철마면 철마로 473,부산광역시,기장군,35.2753211363779,129.149739538284,철마면,5392,664,448,117,1732,828,59,1544
부산광역시경찰청,부산수영,광남,광남지구대,지구대,부산광역시 수영구 수영로554번길 52,부산광역시,수영구,35.1455382251689,129.113133962139,"광안동, 남천동, 망미동, 민락동, 수영동",5598,1019,795,166,1253,776,53,1536
부산광역시경찰청,부산수영,광민,광민지구대,지구대,부산광역시 수영구 광안해변로295번길 22,부산광역시,수영구,35.1455382251689,129.113133962139,,5598,1019,795,166,1253,776,53,1536
부산광역시경찰청,부산수영,망미1,망미1파출소,파출소,부산광역시 수영구 망미로8번길 74,부산광역시,수영구,35.1455382251689,129.113133962139,,5598,1019,795,166,1253,776,53,1536
부산광역시경찰청,부산수영,수영망미2,수영망미2파출소,파출소,부산광역시 수영구 수영성로 36-1 (수영동),부산광역시,수영구,35.1455382251689,129.113133962139,,5598,1019,795,166,1253,776,53,1536
대구광역시경찰청,대구중부,서문,서문지구대,지구대,대구광역시 중구 국채보상로 99길 12,대구광역시,중구,35.8712019438124,128.589180270945,"계산동1가, 계산동2가, 남성로, 남일동, 달성동, 대신동, 대안동, 덕산동",6358,1000,1188,286,1504,813,70,1497
대구광역시경찰청,대구중부,동덕,동덕지구대,지구대,대구광역시 중구 국채보상로 140길 16,대구광역시,중구,35.8693892533552,128.606220516052,"공평동, 교동, 대봉동, 동문동, 동인동1가, 동인동2가, 동인동3가, 동인동4가",6358,1000,1188,286,1504,813,70,1497
대구광역시경찰청,대구중부,남산,남산지구대,지구대,대구광역시 중구 달구벌대로 2048,대구광역시,중구,35.8593874161046,128.590445451725,"남산동, 봉산동",6358,1000,1188,286,1504,813,70,1497
대구광역시경찰청,대구중부,중앙,중앙파출소,파출소,대구광역시 중구 중앙대로 81길 88,대구광역시,중구,35.8693892533552,128.606220516052,,6358,1000,1188,286,1504,813,70,1497
대구광역시경찰청,대구동부,큰고개,큰고개지구대,지구대,대구광역시 동구 큰고개로36,대구광역시,동구,35.8866236166113,128.635524099685,"각산동, 검사동, 괴전동, 금강동, 내곡동, 내동, 능성동, 대림동",10336,1671,1244,238,3102,1332,110,2639
대구광역시경찰청,대구동부,동촌,동촌지구대,지구대,대구광역시 동구 해동로 184,대구광역시,동구,35.8866236166113,128.635524099685,,10336,1671,1244,238,3102,1332,110,2639
대구광역시경찰청,대구동부,안심,안심지구대,지구대,대구광역시 동구 반야월로 219,대구광역시,동구,35.8866236166113,128.635524099685,,10336,1671,1244,238,3102,1332,110,2639
대구광역시경찰청,대구동부,남신암,남신암지구대,지구대,대구광역시 동구 대현로 126,대구광역시,동구,35.8866236166113,128.635524099685,,10336,1671,1244,238,3102,1332,110,2639
대구광역시경찰청,대구동부,동대구,동대구지구대,지구대,대구광역시 동구 동대구로85길 53,대구광역시,동구,35.8866236166113,128.635524099685,,10336,1671,1244,238,3102,1332,110,2639
대구광역시경찰청,대구동부,팔공,팔공파출소,파출소,대구광역시 동구 팔공로 197길 47,대구광역시,동구,35.8866236166113,128.635524099685,,10336,1671,1244,238,3102,1332,110,2639
대구광역시경찰청,대구동부,공산,공산파출소,파출소,대구광역시 동구 파계로 546,대구광역시,동구,35.8866236166113,128.635524099685,,10336,1671,1244,238,3102,1332,110,2639
대구광역시경찰청,대구동부,봉무불로,봉무불로파출소,파출소,대구광역시 동구 위남로9,대구광역시,동구,35.8866236166113,128.635524099685,,10336,1671,1244,238,3102,1332,110,2639
대구광역시경찰청,대구서부,평산,평산지구대,지구대,대구광역시 서구 달서로26길 1,대구광역시,서구,35.871667578513,128.559154246787,"내당동, 원대동1가, 원대동2가, 원대동3가, 평리동",5954,982,1025,117,1594,797,49,1390
대구광역시경찰청,대구서부,서도,서도지구대,지구대,대구광역시 서구 국채보상로 260,대구광역시,서구,35.871667578513,128.559154246787,,5954,982,1025,117,1594,797,49,1390
대구광역시경찰청,대구서부,이현,이현지구대,지구대,대구광역시 서구 국채보상로 117,대구광역시,서구,35.8744805073179,128.540333591375,"비산동, 상리동, 이현동, 중리동",5954,982,1025,117,1594,797,49,1390
대구광역시경찰청,대구서부,비원,비원지구대,지구대,대구광역시 서구 고성로 83,대구광역시,서구,35.871667578513,128.559154246787,,5954,982,1025,117,1594,797,49,1390
대구광역시경찰청,대구서부,내당4동,내당4동파출소,파출소,대구광역시 서구 달구벌대로 1737,대구광역시,서구,35.871667578513,128.559154246787,,5954,982,1025,117,1594,797,49,1390
대구광역시경찰청,대구남부,봉천,봉천지구대,지구대,대구광역시 남구 봉덕로 87,대구광역시,남구,35.8460409913891,128.597678619113,"봉덕동, 이천동",5113,773,682,121,1557,692,57,1231
대구광역시경찰청,대구남부,동대명,동대명지구대,지구대,대구광역시 남구 양지로 100,대구광역시,남구,35.8460409913891,128.597678619113,,5113,773,682,121,1557,692,57,1231
대구광역시경찰청,대구남부,서대명,서대명파출소,파출소,대구광역시 남구 대명남로 177,대구광역시,남구,35.8460409913891,128.597678619113,,5113,773,682,121,1557,692,57,1231
대구광역시경찰청,대구남부,대명,대명파출소,파출소,대구광역시 남구 두류공원로 113,대구광역시,남구,35.8400474627363,128.568889686389,대명동,5113,773,682,121,1557,692,57,1231
대구광역시경찰청,대구남부,남대명,남대명파출소,파출소,대구광역시 남구 대명남로 55,대구광역시,남구,35.8460409913891,128.597678619113,,5113,773,682,121,1557,692,57,1231
대구광역시경찰청,대구북부,노원,노원지구대,지구대,대구광역시 북구 오봉로 122,대구광역시,북구,35.8881742317474,128.579468655293,"노곡동, 노원동1가, 노원동2가, 노원동3가, 조야동, 침산동, 팔달동",10815,1581,1553,242,3334,1628,110,2367
대구광역시경찰청,대구북부,복현,복현지구대,지구대,대구광역시 북구 경진로1길 50,대구광역시,북구,35.8936143912751,128.618382558268,"검단동, 동변동, 복현동",10815,1581,1553,242,3334,1628,110,2367
대구광역시경찰청,대구북부,고성,고성지구대,지구대,대구광역시 북구 침산로 24,대구광역시,북구,35.8783419803621,128.585682231533,"고성동1가, 고성동2가, 고성동3가, 칠성동1가, 칠성동2가",10815,1581,1553,242,3334,1628,110,2367
대구광역시경찰청,대구북부,산격,산격지구대,지구대,대구광역시 북구 연암로 114,대구광역시,북구,35.8926339920658,128.594671874264,"대현동, 산격동",10815,1581,1553,242,3334,1628,110,2367
대구광역시경찰청,대구수성,고산,고산지구대,지구대,대구광역시 수성구 고산로 150,대구광역시,수성구,35.8581745018633,128.630635463648,,10735,1431,990,262,3917,1534,112,2489
대구광역시경찰청,대구수성,황금,황금지구대,지구대,대구광역시 수성구 청수로 245,대구광역시,수성구,35.84398924816,128.638149961102,"노변동, 사월동, 시지동, 신매동, 연호동, 이천동, 황금동",10735,1431,990,262,3917,1534,112,2489
대구광역시경찰청,대구수성,만촌,만촌지구대,지구대,대구광역시 수성구 무열로 111,대구광역시,수성구,35.8729577899757,128.646939337071,"가천동, 고모동, 만촌동, 매호동, 성동",10735,1431,990,262,3917,1534,112,2489
대구광역시경찰청,대구수성,상동,상동지구대,지구대,대구광역시 수성구 들안로 54,대구광역시,수성구,35.8321136243905,128.615414999436,"두산동, 상동",10735,1431,990,262,3917,1534,112,2489
대구광역시경찰청,대구수성,지산,지산지구대,지구대,대구광역시 수성구 지범로 155,대구광역시,수성구,35.826133871387,128.636441754136,"대흥동, 범물동, 삼덕동, 욱수동, 지산동",10735,1431,990,262,3917,1534,112,2489
대구광역시경찰청,대구수성,범어,범어지구대,지구대,대구광역시 수성구 동대구로 313,대구광역시,수성구,35.8555358516494,128.622124414966,"범어동, 수성동1가, 수성동2가, 수성동3가, 수성동4가, 중동",10735,1431,990,262,3917,1534,112,2489
대구광역시경찰청,대구수성,파동,파동파출소,파출소,대구광역시 수성구 파동로 2길 30,대구광역시,수성구,35.8154748904578,128.61514418667,파동,10735,1431,990,262,3917,1534,112,2489
대구광역시경찰청,대구달서,월배,월배지구대,지구대,대구광역시 달서구 월배로 108,대구광역시,달서구,35.8298871998368,128.532774031817,"본동, 장동",15127,2194,1965,365,4550,2335,216,3502
대구광역시경찰청,대구달서,상인,상인지구대,지구대,대구광역시 달서구 상인서로 36,대구광역시,달서구,35.8140108485551,128.545280592943,상인동,15127,2194,1965,365,4550,2335,216,3502
대구광역시경찰청,대구달서,송현,송현지구대,지구대,대구광역시 달서구 학산로 184,대구광역시,달서구,35.8293738401133,128.553382094845,송현동,15127,2194,1965,365,4550,2335,216,3502
대구광역시경찰청,대구달서,월성,월성파출소,파출소,대구광역시 달서구 월성로 69,대구광역시,달서구,35.8195928330291,128.522529469033,"대천동, 월성동, 월암동, 유천동, 진천동",15127,2194,1965,365,4550,2335,216,3502
대구광역시경찰청,대구달서,대곡,대곡파출소,파출소,대구광역시 달서구 갈밭로 51,대구광역시,달서구,35.7993344944605,128.526810802352,"대곡동, 도원동",15127,2194,1965,365,4550,2335,216,3502
대구광역시경찰청,대구성서,신당,신당지구대,지구대,대구광역시 달서구 선원로 62,대구광역시,달서구,35.8589615482179,128.498821737463,"갈산동, 신당동, 이곡동, 파호동, 호림동, 호산동",15127,2194,1965,365,4550,2335,216,3502
대구광역시경찰청,대구성서,죽전,죽전파출소,파출소,대구광역시 달서구 용산로 212,대구광역시,달서구,35.8557902191326,128.539803629301,죽전동,15127,2194,1965,365,4550,2335,216,3502
대구광역시경찰청,대구성서,성당,성당파출소,파출소,대구광역시 달서구 구마로39길 83-16,대구광역시,달서구,35.8429586241896,128.549551926913,"본리동, 성당동",15127,2194,1965,365,4550,2335,216,3502
대구광역시경찰청,대구성서,두류3동,두류3동파출소,파출소,대구광역시 달서구 야외음악당로 202,대구광역시,달서구,35.8298871998368,128.532774031817,,15127,2194,1965,365,4550,2335,216,3502
대구광역시경찰청,대구성서,성서,성서파출소,파출소,대구광역시 달서구 달구벌대로 1327,대구광역시,달서구,35.8298871998368,128.532774031817,,15127,2194,1965,365,4550,2335,216,3502
대구광역시경찰청,대구성서,용산,용산파출소,파출소,대구광역시 달서구 선원로 276,대구광역시,달서구,35.8565964722084,128.531153884197,용산동,15127,2194,1965,365,4550,2335,216,3502
대구광역시경찰청,대구성서,두류,두류파출소,파출소,대구광역시 달서구 야외음악당로 280,대구광역시,달서구,35.8537184722864,128.555402199963,두류동,15127,2194,1965,365,4550,2335,216,3502
대구광역시경찰청,대구성서,감삼,감삼파출소,파출소,대구광역시 달서구 달구벌대로 1606,대구광역시,달서구,35.8510162146677,128.542168596711,"감삼동, 장기동",15127,2194,1965,365,4550,2335,216,3502
대구광역시경찰청,대구달성,가창,가창파출소,파출소,대구광역시 달성군 가창면 가창로 1076,대구광역시,달성군,35.8027049070586,128.622823693029,가창면,5761,789,912,122,1444,1128,49,1317
대구광역시경찰청,대구달성,공단,공단파출소,파출소,대구광역시 달성군 논공읍 논공중앙로33길 7,대구광역시,달성군,35.7743377407013,128.419898296813,논공읍,5761,789,912,122,1444,1128,49,1317
대구광역시경찰청,대구달성,논공,논공파출소,파출소,대구광역시 달성군 논공읍 비슬로 1788,대구광역시,달성군,35.7743377407013,128.419898296813,,5761,789,912,122,1444,1128,49,1317
대구광역시경찰청,대구달성,구지,구지파출소,파출소,대구광역시 달성군 구지면 창리로11길 51,대구광역시,달성군,35.6587967490842,128.41359613327,구지면,5761,789,912,122,1444,1128,49,1317
대구광역시경찰청,대구달성,화남,화남파출소,파출소,대구광역시 달성군 화원읍 비슬로 2480,대구광역시,달성군,35.8038038285711,128.500510378829,화원읍,5761,789,912,122,1444,1128,49,1317
대구광역시경찰청,대구달성,화원,화원파출소,파출소,대구광역시 달성군 화원읍 명천로 100,대구광역시,달성군,35.8038038285711,128.500510378829,,5761,789,912,122,1444,1128,49,1317
대구광역시경찰청,대구달성,옥포,옥포파출소,파출소,대구광역시 달성군 옥포읍 비슬로 2294,대구광역시,달성군,35.7896007557197,128.463726101613,옥포읍,5761,789,912,122,1444,1128,49,1317
대구광역시경찰청,대구달성,다사,다사지구대,지구대,대구광역시 달성군 다사읍 세천로 100,대구광역시,달성군,35.8722148474929,128.494266152885,다사읍,5761,789,912,122,1444,1128,49,1317
대구광역시경찰청,대구달성,현풍,현풍파출소,파출소,대구광역시 달성군 현풍읍 현풍중앙로 70,대구광역시,달성군,35.6974640247088,128.447655933061,현풍읍,5761,789,912,122,1444,1128,49,1317
대구광역시경찰청,대구달성,유가,유가파출소,파출소,대구광역시 달성군 유가읍 테크노상업로 99,대구광역시,달성군,35.6820085155638,128.485391163307,유가읍,5761,789,912,122,1444,1128,49,1317
대구광역시경찰청,대구달성,하빈,하빈파출소,파출소,대구광역시 달성군 하빈면 달구벌대로 55길 58-4,대구광역시,달성군,35.9009239874901,128.445522157,하빈면,5761,789,912,122,1444,1128,49,1317
대구광역시경찰청,대구강북,동천,동천지구대,지구대,대구광역시 북구 구암로 157,대구광역시,북구,35.9372187898208,128.558162654625,"관음동, 구암동, 국우동, 금호동, 도남동, 동천동, 동호동, 매천동",10815,1581,1553,242,3334,1628,110,2367
대구광역시경찰청,대구강북,강북,강북지구대,지구대,대구광역시 북구 동암로 171,대구광역시,북구,35.8856706679539,128.582904911877,,10815,1581,1553,242,3334,1628,110,2367
대구광역시경찰청,대구강북,무태,무태파출소,파출소,대구광역시 북구 서변로 62,대구광역시,북구,35.8856706679539,128.582904911877,,10815,1581,1553,242,3334,1628,110,2367
대구광역시경찰청,대구강북,관문,관문파출소,파출소,대구광역시 북구 한강로 103,대구광역시,북구,35.8856706679539,128.582904911877,,10815,1581,1553,242,3334,1628,110,2367
대구광역시경찰청,대구군위,부계,부계파출소,파출소,대구광역시 군위군 부계면 창평길 29,대구광역시,군위군,36.2429130850542,128.572814786608,,542,79,93,7,109,143,2,109
대구광역시경찰청,대구군위,의흥,의흥파출소,파출소,대구광역시 군위군 의흥면 읍내6길 7,대구광역시,군위군,36.2429130850542,128.572814786608,,542,79,93,7,109,143,2,109
대구광역시경찰청,대구군위,중앙,중앙파출소,파출소,대구광역시 군위군 군위읍 중앙길 73,대구광역시,군위군,36.2429130850542,128.572814786608,,542,79,93,7,109,143,2,109
대구광역시경찰청,대구군위,효령,효령파출소,파출소,대구광역시 군위군 효령면 치산효령로 2383,대구광역시,군위군,36.2429130850542,128.572814786608,,542,79,93,7,109,143,2,109
인천광역시경찰청,인천중부,신흥,신흥지구대,지구대,인천광역시 중구 서해대로 399,인천광역시,중구,37.4673299004564,126.631344304425,"경동, 답동, 도원동, 사동, 선화동, 신생동, 신흥동1가, 신흥동2가",7858,948,791,196,2613,1104,157,2049
인천광역시경찰청,인천중부,송림,송림지구대,지구대,인천광역시 동구 송림로 46-1,인천광역시,동구,37.4762265463571,126.64015041084,"만석동, 송림동, 화평동",1237,206,206,37,321,145,13,309
인천광역시경찰청,인천중부,하인천,하인천지구대,지구대,인천광역시 중구 제물량로 266,인천광역시,중구,37.4736605302972,126.621704022591,"관동1가, 관동2가, 관동3가, 남북동, 내동, 덕교동, 무의동, 북성동1가",7858,948,791,196,2613,1104,157,2049
인천광역시경찰청,인천중부,공항,공항지구대,지구대,인천광역시 중구 흰바위로27번길 12,인천광역시,중구,37.4736605302972,126.621704022591,,7858,948,791,196,2613,1104,157,2049
인천광역시경찰청,인천중부,연안,연안파출소,파출소,인천광역시 중구 연안부두로 22,인천광역시,중구,37.4736605302972,126.621704022591,,7858,948,791,196,2613,1104,157,2049
인천광역시경찰청,인천중부,영흥,영흥파출소,파출소,인천광역시 옹진군 영흥면 영흥북로 29,인천광역시,옹진군,37.2559012375492,126.483321517933,영흥면,418,65,15,14,86,88,7,143
인천광역시경찰청,인천중부,북도,북도파출소,파출소,인천광역시 옹진군 시도로 61번길 91,인천광역시,옹진군,37.5329794642507,126.429069369524,북도면,418,65,15,14,86,88,7,143
인천광역시경찰청,인천중부,대청,대청파출소,파출소,인천광역시 옹진군 대청로 7번길 9,인천광역시,옹진군,37.8252535468268,124.712308819935,대청면,418,65,15,14,86,88,7,143
인천광역시경찰청,인천중부,연평,연평파출소,파출소,인천광역시 옹진군 연평면 연평로137번길 5,인천광역시,옹진군,37.6651915483657,125.702047674071,연평면,418,65,15,14,86,88,7,143
인천광역시경찰청,인천중부,백령,백령파출소,파출소,인천광역시 옹진군 백령면 백령로278번길 57,인천광역시,옹진군,37.9743612082617,124.718710475438,백령면,418,65,15,14,86,88,7,143
인천광역시경찰청,인천중부,덕적,덕적파출소,파출소,인천광역시 옹진군 덕적면 덕적북로 117번길,인천광역시,옹진군,37.2276332114677,126.144705565589,"덕적면, 자월면",418,65,15,14,86,88,7,143
인천광역시경찰청,인천중부,용유,용유파출소,파출소,인천광역시 중구 마시란로 314-20,인천광역시,중구,37.4736605302972,126.621704022591,,7858,948,791,196,2613,1104,157,2049
인천광역시경찰청,인천중부,송현,송현파출소,파출소,인천광역시 동구 수문통로 77,인천광역시,동구,37.4889408638872,126.641120648772,"송현동, 화수동",1237,206,206,37,321,145,13,309
인천광역시경찰청,인천중부,동인천,동인천파출소,파출소,인천광역시 중구 참외전로 119,인천광역시,중구,37.4736605302972,126.621704022591,,7858,948,791,196,2613,1104,157,2049
인천광역시경찰청,인천중부,서흥,서흥파출소,파출소,인천광역시 동구 샛골로 195,인천광역시,동구,37.4738609917963,126.643281922795,"금곡동, 창영동",1237,206,206,37,321,145,13,309
인천광역시경찰청,인천중부,영종,영종지구대,지구대,인천광역시 중구 하늘달빛로 118,인천광역시,중구,37.4736605302972,126.621704022591,,7858,948,791,196,2613,1104,157,2049
인천광역시경찰청,인천남동,만수,만수지구대,지구대,인천광역시 남동구 만수서로 68,인천광역시,남동구,37.4488855477954,126.732119636521,"간석동, 만수동, 장수동",15488,2234,1242,458,4957,2060,260,4277
인천광역시경찰청,인천남동,구월3,구월3파출소,파출소,인천광역시 남동구 문화서로49번길 16,인천광역시,남동구,37.4473487903571,126.73148773974,"고잔동, 구월동, 남촌동, 논현동, 도림동, 서창동, 수산동, 운연동",15488,2234,1242,458,4957,2060,260,4277
인천광역시경찰청,인천부평,철마,철마지구대,지구대,인천광역시 부평구 마장로251,인천광역시,부평구,37.5070416636403,126.721864167603,"구산동, 부개동, 부평동, 산곡동, 십정동, 일신동",15875,2728,2143,511,4515,1768,222,3988
인천광역시경찰청,인천부평,동암,동암지구대,지구대,인천광역시 부평구 배곶로 50,인천광역시,부평구,37.5070416636403,126.721864167603,,15875,2728,2143,511,4515,1768,222,3988
인천광역시경찰청,인천부평,역전,역전지구대,지구대,인천광역시 부평구 광장로 6,인천광역시,부평구,37.5070416636403,126.721864167603,,15875,2728,2143,511,4515,1768,222,3988
인천광역시경찰청,인천부평,백운,백운파출소,파출소,인천광역시 부평구 마장로 84,인천광역시,부평구,37.5070416636403,126.721864167603,,15875,2728,2143,511,4515,1768,222,3988
인천광역시경찰청,인천부평,청천,청천지구대,지구대,인천광역시 부평구 안남로 307,인천광역시,부평구,37.5174754318654,126.709948306142,청천동,15875,2728,2143,511,4515,1768,222,3988
인천광역시경찰청,인천부평,부평2,부평2파출소,파출소,인천광역시 부평구 부영로 7,인천광역시,부평구,37.5070416636403,126.721864167603,,15875,2728,2143,511,4515,1768,222,3988
인천광역시경찰청,인천서부,검단,검단지구대,지구대,인천광역시 서구 완정로 181,인천광역시,서구,37.5454335160344,126.676028468221,"검암동, 경서동, 공촌동, 심곡동, 연희동",16771,2145,1356,510,5711,2211,180,4658
인천광역시경찰청,인천서부,서곶,서곶지구대,지구대,인천광역시 서구 승학로402번길,인천광역시,서구,37.5454335160344,126.676028468221,,16771,2145,1356,510,5711,2211,180,4658
인천광역시경찰청,인천서부,가좌,가좌지구대,지구대,인천광역시 서구 원적로 59,인천광역시,서구,37.4939783807824,126.673098188916,가좌동,16771,2145,1356,510,5711,2211,180,4658
인천광역시경찰청,인천서부,석남,석남지구대,지구대,인천광역시 서구 가정로294번길 23,인천광역시,서구,37.5110804950594,126.674801640164,석남동,16771,2145,1356,510,5711,2211,180,4658
인천광역시경찰청,인천서부,청라,청라지구대,지구대,인천광역시 서구 청라라임로 66,인천광역시,서구,37.5360210477793,126.630970210614,"원창동, 청라동",16771,2145,1356,510,5711,2211,180,4658
인천광역시경찰청,인천서부,가석,가석파출소,파출소,인천광역시 서구 서달로 121,인천광역시,서구,37.5454335160344,126.676028468221,,16771,2145,1356,510,5711,2211,180,4658
인천광역시경찰청,인천서부,불로,불로지구대,지구대,인천광역시 서구 검단로 755 번길 9,인천광역시,서구,37.61215063367,126.688288338704,"대곡동, 불로동, 원당동",16771,2145,1356,510,5711,2211,180,4658
인천광역시경찰청,인천서부,가정,가정지구대,지구대,인천광역시 서구 가정로406번길 25,인천광역시,서구,37.5232288067733,126.674522669542,"가정동, 신현동",16771,2145,1356,510,5711,2211,180,4658
인천광역시경찰청,인천서부,가정,가정지구대,지구대,인천광역시 서구 당하동 1097-3,인천광역시,서구,37.5921117368325,126.674585246871,"금곡동, 당하동, 마전동, 백석동, 시천동, 오류동, 왕길동",16771,2145,1356,510,5711,2211,180,4658
인천광역시경찰청,인천계양,계산,계산지구대,지구대,인천광역시 계양구 오조산로 43,인천광역시,계양구,37.5428607963106,126.724510217287,"계산동, 방축동, 임학동",7963,1163,825,217,2499,965,65,2229
인천광역시경찰청,인천계양,효성,효성지구대,지구대,인천광역시 계양구 안남로554번길 31,인천광역시,계양구,37.5324085170087,126.712126095433,효성동,7963,1163,825,217,2499,965,65,2229
인천광역시경찰청,인천계양,계양산,계양산지구대,지구대,인천광역시 계양구 계양산로 92,인천광역시,계양구,37.5375028862627,126.737709165274,"병방동, 서운동, 용종동, 작전동",7963,1163,825,217,2499,965,65,2229
인천광역시경찰청,인천계양,장기,장기파출소,파출소,인천광역시 계양구 장기서로 6,인천광역시,계양구,37.5763618168407,126.73645899083,"갈현동, 귤현동, 다남동, 동양동, 둑실동, 목상동, 박촌동, 상야동",7963,1163,825,217,2499,965,65,2229
인천광역시경찰청,인천계양,계산1,계산1파출소,파출소,인천광역시 계양구 계산천동로19번길 14,인천광역시,계양구,37.5375028862627,126.737709165274,,7963,1163,825,217,2499,965,65,2229
인천광역시경찰청,인천강화,송해,송해파출소,파출소,인천광역시 강화군 송해면 강화대로 691,인천광역시,강화군,37.7647980152118,126.463254769088,송해면,1800,314,168,40,449,346,19,464
인천광역시경찰청,인천강화,길상,길상파출소,파출소,인천광역시 강화군 길상면 온수길36번길 7,인천광역시,강화군,37.6406562660378,126.490997068792,길상면,1800,314,168,40,449,346,19,464
인천광역시경찰청,인천강화,삼산,삼산파출소,파출소,인천광역시 강화군 삼산면 삼산북로 465,인천광역시,강화군,37.7049474265361,126.32040974097,삼산면,1800,314,168,40,449,346,19,464
인천광역시경찰청,인천강화,교동,교동파출소,파출소,인천광역시 강화군 교동면 대룡안길54번길 14,인천광역시,강화군,37.7845285796274,126.283014815298,교동면,1800,314,168,40,449,346,19,464
인천광역시경찰청,인천강화,서도,서도파출소,파출소,인천광역시 강화군 서도면 주문도길 58,인천광역시,강화군,37.6504198627877,126.239320129833,서도면,1800,314,168,40,449,346,19,464
인천광역시경찰청,인천강화,불은,불은파출소,파출소,인천광역시 강화군 불은면 강화동로 558,인천광역시,강화군,37.6865846022372,126.480343900914,불은면,1800,314,168,40,449,346,19,464
인천광역시경찰청,인천강화,화도,화도파출소,파출소,인천광역시 강화군 화도면 마니산로732,인천광역시,강화군,37.6316748413931,126.419836724037,화도면,1800,314,168,40,449,346,19,464
인천광역시경찰청,인천강화,양도,양도파출소,파출소,인천광역시 강화군 양도면 강화남로 722,인천광역시,강화군,37.6628523497572,126.422096586903,양도면,1800,314,168,40,449,346,19,464
인천광역시경찰청,인천강화,내가,내가파출소,파출소,인천광역시 강화군 내가면 강화서로 243,인천광역시,강화군,37.7193820844795,126.389827319378,내가면,1800,314,168,40,449,346,19,464
인천광역시경찰청,인천강화,심도,심도지구대,지구대,인천광역시 강화군 강화읍 동문안길 17,인천광역시,강화군,37.7483479287951,126.483733815019,강화읍,1800,314,168,40,449,346,19,464
인천광역시경찰청,인천강화,선원,선원파출소,파출소,인천광역시 강화군 선원면 대문고개로 4,인천광역시,강화군,37.7133449417265,126.48482509821,선원면,1800,314,168,40,449,346,19,464
인천광역시경찰청,인천강화,양사,양사파출소,파출소,인천광역시 강화군 양사면 전망대로 1381-3,인천광역시,강화군,37.7984227819949,126.408561523771,양사면,1800,314,168,40,449,346,19,464
인천광역시경찰청,인천강화,하점,하점파출소,파출소,인천광역시 강화군 하점면 강화대로 1186,인천광역시,강화군,37.7749161689117,126.411636420428,하점면,1800,314,168,40,449,346,19,464
인천광역시경찰청,인천연수,연수,연수지구대,지구대,인천광역시 연수구 함박뫼로 11-8,인천광역시,연수구,37.42221249729,126.681481155615,연수동,9903,1375,1185,236,3314,1026,112,2655
인천광역시경찰청,인천연수,동춘,동춘지구대,지구대,인천광역시 연수구 먼우금로45번길 5,인천광역시,연수구,37.4096123478585,126.670826553603,"동춘동, 송도동",9903,1375,1185,236,3314,1026,112,2655
인천광역시경찰청,인천연수,송도국제도시,송도국제도시지구대,지구대,인천광역시 연수구 해돋이로 96,인천광역시,연수구,37.4101049829036,126.678274835103,,9903,1375,1185,236,3314,1026,112,2655
인천광역시경찰청,인천연수,송도국제도시2,송도국제도시2지구대,지구대,인천광역시 연수구 송도과학로51번길 70,인천광역시,연수구,37.4101049829036,126.678274835103,,9903,1375,1185,236,3314,1026,112,2655
인천광역시경찰청,인천연수,옥련,옥련지구대,지구대,인천광역시 연수구 비류대로 215,인천광역시,연수구,37.4274077931914,126.655166478511,"옥련동, 청학동",9903,1375,1185,236,3314,1026,112,2655
인천광역시경찰청,인천연수,선학,선학파출소,파출소,인천광역시 연수구 선학로 58,인천광역시,연수구,37.4224482590648,126.701385903384,선학동,9903,1375,1185,236,3314,1026,112,2655
인천광역시경찰청,인천삼산,갈산,갈산지구대,지구대,인천광역시 부평구 굴포로7번길 43,인천광역시,부평구,37.5176032533047,126.727295254355,"갈산동, 삼산동",15875,2728,2143,511,4515,1768,222,3988
인천광역시경찰청,인천삼산,부흥,부흥지구대,지구대,"인천광역시 부평구 부개로4, 부흥지구대",인천광역시,부평구,37.5070416636403,126.721864167603,,15875,2728,2143,511,4515,1768,222,3988
인천광역시경찰청,인천삼산,중앙,중앙지구대,지구대,인천광역시 부평구 주부토로 10,인천광역시,부평구,37.5070416636403,126.721864167603,,15875,2728,2143,511,4515,1768,222,3988
인천광역시경찰청,인천삼산,부개2,부개2파출소,파출소,인천광역시 부평구 충선로 49,인천광역시,부평구,37.5070416636403,126.721864167603,,15875,2728,2143,511,4515,1768,222,3988
광주광역시경찰청,광주광산,수완,수완지구대,지구대,광주광역시 광산구 수완로 63,광주광역시,광산구,35.1970391036917,126.825613247788,"산월동, 수완동, 신가동, 신창동, 오선동, 장덕동",12679,1828,1658,318,4167,1953,166,2589
광주광역시경찰청,광주광산,첨단,첨단지구대,지구대,광주광역시 광산구 첨단중앙로106번길 65-15,광주광역시,광산구,35.1395471867541,126.793633444381,"선암동, 송촌동",12679,1828,1658,318,4167,1953,166,2589
광주광역시경찰청,광주광산,우산,우산지구대,지구대,광주광역시 광산구 사암로 106번길 3,광주광역시,광산구,35.1602176406711,126.807055064903,우산동,12679,1828,1658,318,4167,1953,166,2589
광주광역시경찰청,광주광산,월곡,월곡지구대,지구대,광주광역시 광산구 사암로 390번길 13-16,광주광역시,광산구,35.1683775998942,126.812199295072,"운남동, 월곡동",12679,1828,1658,318,4167,1953,166,2589
광주광역시경찰청,광주광산,도산,도산지구대,지구대,광주광역시 광산구 상무대로 93,광주광역시,광산구,35.1294701758197,126.791648871202,"도산동, 도호동, 복룡동, 본덕동, 송대동, 연산동, 옥동, 요기동",12679,1828,1658,318,4167,1953,166,2589
광주광역시경찰청,광주광산,송정,송정파출소,파출소,광주광역시 광산구 신흥신기안길 31-6,광주광역시,광산구,35.1407205510962,126.798871243927,"소촌동, 송정동, 신촌동",12679,1828,1658,318,4167,1953,166,2589
광주광역시경찰청,광주광산,하남,하남파출소,파출소,광주광역시 광산구 고봉로 124,광주광역시,광산구,35.1795275298134,126.799913050978,"등임동, 산정동, 운수동, 장수동, 하남동, 흑석동",12679,1828,1658,318,4167,1953,166,2589
광주광역시경찰청,광주광산,비아,비아파출소,파출소,광주광역시 광산구 비아중앙로31번길 14,광주광역시,광산구,35.2220226740907,126.824316424928,"도천동, 비아동, 쌍암동, 안청동, 월계동, 진곡동",12679,1828,1658,318,4167,1953,166,2589
광주광역시경찰청,광주광산,평동,평동파출소,파출소,광주광역시 광산구 평동로 790-16,광주광역시,광산구,35.1497053521232,126.733499282853,"남산동, 도덕동, 동호동, 명도동, 명화동, 박호동, 북산동, 산수동",12679,1828,1658,318,4167,1953,166,2589
광주광역시경찰청,광주광산,동곡,동곡파출소,파출소,광주광역시 광산구 동곡로 155,광주광역시,광산구,35.1395471867541,126.793633444381,,12679,1828,1658,318,4167,1953,166,2589
광주광역시경찰청,광주광산,삼도,삼도파출소,파출소,광주광역시 광산구 삼도로 341-3,광주광역시,광산구,35.126254042478,126.690375686361,"내산동, 대산동, 덕림동, 동산동, 삼거동, 삼도동, 송학동, 신동",12679,1828,1658,318,4167,1953,166,2589
광주광역시경찰청,광주광산,본량,본량파출소,파출소,광주광역시 광산구 용진로 395,광주광역시,광산구,35.1395471867541,126.793633444381,,12679,1828,1658,318,4167,1953,166,2589
광주광역시경찰청,광주광산,임곡,임곡파출소,파출소,광주광역시 광산구 하림길 1,광주광역시,광산구,35.2196169520801,126.744786274005,"고룡동, 광산동, 동림동, 두정동, 사호동, 산막동, 선동, 신룡동",12679,1828,1658,318,4167,1953,166,2589
광주광역시경찰청,광주동부,금남,금남지구대,지구대,광주광역시 동구 예술길 31-5,광주광역시,동구,35.1476746841812,126.919002560571,"광산동, 궁동, 금남로1가, 금남로2가, 금남로3가, 금남로4가, 금남로5가, 금동",4051,674,560,103,1169,547,34,964
광주광역시경찰청,광주동부,학서,학서파출소,파출소,광주광역시 동구 양림로 119 번길 13,광주광역시,동구,35.1461666691507,126.923095112877,"남동, 내남동, 동명동, 선교동, 용산동, 월남동, 장동, 학동",4051,674,560,103,1169,547,34,964
광주광역시경찰청,광주동부,산수,산수파출소,파출소,광주광역시 동구 필문대로 157,광주광역시,동구,35.1573337131563,126.930710290842,"계림동, 산수동",4051,674,560,103,1169,547,34,964
광주광역시경찰청,광주동부,지원,지원파출소,파출소,광주광역시 동구 남문로 570,광주광역시,동구,35.1461666691507,126.923095112877,,4051,674,560,103,1169,547,34,964
광주광역시경찰청,광주동부,지산,지산파출소,파출소,광주광역시 동구 지호로 131,광주광역시,동구,35.1490062528137,126.932679546437,"서석동, 소태동, 용연동, 운림동, 지산동",4051,674,560,103,1169,547,34,964
광주광역시경찰청,광주서부,금호,금호지구대,지구대,광주광역시 서구 운천로 30,광주광역시,서구,35.1351932464321,126.857200855898,"금호동, 마륵동, 매월동, 벽진동, 서창동, 세하동, 용두동, 치평동",11343,1654,1246,286,3443,1887,150,2677
광주광역시경찰청,광주서부,상무,상무지구대,지구대,광주광역시 서구 상무연하로 106,광주광역시,서구,35.1520722691304,126.890187526298,양동,11343,1654,1246,286,3443,1887,150,2677
광주광역시경찰청,광주서부,화정,화정지구대,지구대,광주광역시 서구 화운로 160,광주광역시,서구,35.1423830362368,126.87744072229,"쌍촌동, 화정동",11343,1654,1246,286,3443,1887,150,2677
광주광역시경찰청,광주서부,농성,농성파출소,파출소,광주광역시 서구 화정로 316,광주광역시,서구,35.1567228379528,126.889693974748,"광천동, 농성동",11343,1654,1246,286,3443,1887,150,2677
광주광역시경찰청,광주서부,동천,동천파출소,파출소,광주광역시 서구 유림로98번길 6,광주광역시,서구,35.1708452673277,126.864739147323,"내방동, 덕흥동, 동천동, 유촌동",11343,1654,1246,286,3443,1887,150,2677
광주광역시경찰청,광주서부,염주,염주파출소,파출소,광주광역시 서구 염화로134번길 84,광주광역시,서구,35.1520722691304,126.890187526298,,11343,1654,1246,286,3443,1887,150,2677
광주광역시경찰청,광주서부,풍암,풍암파출소,파출소,광주광역시 서구 풍암1로 33,광주광역시,서구,35.1247500091829,126.878669562694,풍암동,11343,1654,1246,286,3443,1887,150,2677
광주광역시경찰청,광주남부,백운,백운지구대,지구대,광주광역시 남구 월산로 30,광주광역시,남구,35.1383219381902,126.903904454235,"백운동, 서동, 월산동",5046,702,759,109,1508,903,36,1029
광주광역시경찰청,광주남부,방림,방림지구대,지구대,광주광역시 남구 대남대로149번길 8,광주광역시,남구,35.1343700954567,126.918282790303,"방림동, 봉선동",5046,702,759,109,1508,903,36,1029
광주광역시경찰청,광주남부,효덕,효덕지구대,지구대,광주광역시 남구 화산로 27,광주광역시,남구,35.1329053877212,126.902449336508,노대동,5046,702,759,109,1508,903,36,1029
광주광역시경찰청,광주남부,양림,양림파출소,파출소,광주광역시 남구 천변좌로 410,광주광역시,남구,35.1405413718287,126.91644191882,"구동, 사동, 양림동",5046,702,759,109,1508,903,36,1029
광주광역시경찰청,광주남부,주월,주월파출소,파출소,광주광역시 남구 회재로1217번길 7,광주광역시,남구,35.1304016374551,126.892094989945,"구소동, 대지동, 덕남동, 도금동, 석정동, 송하동, 승촌동, 신장동",5046,702,759,109,1508,903,36,1029
광주광역시경찰청,광주남부,대촌,대촌파출소,파출소,광주광역시 남구 고싸움로 136,광주광역시,남구,35.1329053877212,126.902449336508,,5046,702,759,109,1508,903,36,1029
광주광역시경찰청,광주북부,우산,우산지구대,지구대,광주광역시 북구 중문로 63,광주광역시,북구,35.1703108996476,126.920934044974,"누문동, 북동, 우산동, 중흥동, 풍향동",12188,1449,1877,266,3961,2094,103,2438
광주광역시경찰청,광주북부,동운,동운지구대,지구대,광주광역시 북구 북문대로 240,광주광역시,북구,35.1741733740384,126.912012078919,"신안동, 유동",12188,1449,1877,266,3961,2094,103,2438
광주광역시경찰청,광주북부,두암,두암지구대,지구대,광주광역시 북구 군왕로 146,광주광역시,북구,35.171036945517,126.928937923171,"금곡동, 덕의동, 두암동, 청풍동, 충효동, 화암동",12188,1449,1877,266,3961,2094,103,2438
광주광역시경찰청,광주북부,용봉,용봉지구대,지구대,광주광역시 북구 문화소통로 78,광주광역시,북구,35.1804348657744,126.901189342065,"동림동, 매곡동, 오치동, 용봉동, 운암동, 임동",12188,1449,1877,266,3961,2094,103,2438
광주광역시경찰청,광주북부,일곡,일곡지구대,지구대,광주광역시 북구 설죽로 489,광주광역시,북구,35.2060372793789,126.897275132738,"대촌동, 본촌동, 삼각동, 생용동, 수곡동, 신용동, 양산동, 연제동",12188,1449,1877,266,3961,2094,103,2438
광주광역시경찰청,광주북부,문흥,문흥지구대,지구대,광주광역시 북구 대천로 146,광주광역시,북구,35.1868242042588,126.921629513828,"각화동, 망월동, 문흥동, 장등동",12188,1449,1877,266,3961,2094,103,2438
광주광역시경찰청,광주북부,역전,역전지구대,지구대,광주광역시 북구 태봉로 57,광주광역시,북구,35.1741733740384,126.912012078919,,12188,1449,1877,266,3961,2094,103,2438
광주광역시경찰청,광주북부,건국,건국지구대,지구대,광주광역시 북구 본촌마을길102번길 17,광주광역시,북구,35.1741733740384,126.912012078919,,12188,1449,1877,266,3961,2094,103,2438
광주광역시경찰청,광주북부,석곡,석곡파출소,파출소,광주광역시 북구 동문대로 642,광주광역시,북구,35.1741733740384,126.912012078919,,12188,1449,1877,266,3961,2094,103,2438
대전광역시경찰청,대전중부,남대전,남대전지구대,지구대,대전광역시 중구 보문로 162번길 22,대전광역시,중구,36.3257812272141,127.421339922096,"대사동, 대흥동, 문창동, 부사동, 석교동, 옥계동, 은행동",8582,1548,1172,216,2981,913,46,1706
대전광역시경찰청,대전중부,서대전,서대전지구대,지구대,대전광역시 중구 중앙로 14,대전광역시,중구,36.3257812272141,127.421339922096,,8582,1548,1172,216,2981,913,46,1706
대전광역시경찰청,대전중부,유등,유등지구대,지구대,대전광역시 중구 문화로 115-2,대전광역시,중구,36.3257812272141,127.421339922096,,8582,1548,1172,216,2981,913,46,1706
대전광역시경찰청,대전중부,문화,문화지구대,지구대,대전광역시 중구 보문산로 193,대전광역시,중구,36.3152626096338,127.406789549422,"구완동, 금동, 목달동, 무수동, 문화동, 사정동, 산성동, 안영동",8582,1548,1172,216,2981,913,46,1706
대전광역시경찰청,대전중부,선화,선화파출소,파출소,대전광역시 중구 우암로 14-1,대전광역시,중구,36.3305087346124,127.418794838885,"선화동, 용두동",8582,1548,1172,216,2981,913,46,1706
대전광역시경찰청,대전중부,중촌,중촌파출소,파출소,대전광역시 중구 대종로 661-1,대전광역시,중구,36.3389046180399,127.412423888246,"목동, 중촌동",8582,1548,1172,216,2981,913,46,1706
대전광역시경찰청,대전동부,용전,용전지구대,지구대,대전광역시 동구 동서대로1695번길 54,대전광역시,동구,36.3577370465832,127.432394996182,"마산동, 용전동, 직동, 추동, 홍도동, 효평동",7869,1274,1023,201,2635,879,50,1807
대전광역시경찰청,대전동부,대전역,대전역지구대,지구대,대전광역시 동구 역전시장길 7,대전광역시,동구,36.3117768357133,127.454807132217,"가오동, 구도동, 낭월동, 대별동, 대성동, 삼괴동, 상소동, 소호동",7869,1274,1023,201,2635,879,50,1807
대전광역시경찰청,대전동부,가양,가양지구대,지구대,대전광역시 동구 우암로 304,대전광역시,동구,36.347019755256,127.441416938884,"가양동, 대동, 삼성동, 성남동, 소제동, 신안동, 원동, 자양동",7869,1274,1023,201,2635,879,50,1807
대전광역시경찰청,대전동부,천동,천동파출소,파출소,대전광역시 동구 대전로 501,대전광역시,동구,36.3273525275511,127.493053112169,"내탑동, 비룡동, 사성동, 세천동, 신상동, 신촌동, 신하동, 오동",7869,1274,1023,201,2635,879,50,1807
대전광역시경찰청,대전동부,판암,판암파출소,파출소,대전광역시 동구 옥천로 403,대전광역시,동구,36.3173568237101,127.457667993794,"삼정동, 신흥동, 용운동, 인동, 판암동",7869,1274,1023,201,2635,879,50,1807
대전광역시경찰청,대전동부,산내,산내파출소,파출소,대전광역시 동구 산내로 1332,대전광역시,동구,36.3117768357133,127.454807132217,,7869,1274,1023,201,2635,879,50,1807
대전광역시경찰청,대전서부,도마,도마지구대,지구대,대전광역시 서구 계백로 1366,대전광역시,서구,36.3160391986021,127.38115530131,"도마동, 복수동",15910,2541,1873,466,5338,2017,158,3517
대전광역시경찰청,대전서부,내동,내동지구대,지구대,대전광역시 서구 갈마로 246,대전광역시,서구,36.3322111734858,127.377362575419,"가장동, 괴정동, 내동, 변동, 용문동",15910,2541,1873,466,5338,2017,158,3517
대전광역시경찰청,대전서부,구봉,구봉지구대,지구대,대전광역시 서구 관저로 65,대전광역시,서구,36.3554987200544,127.383789715873,만년동,15910,2541,1873,466,5338,2017,158,3517
대전광역시경찰청,대전서부,가수원,가수원지구대,지구대,대전광역시 서구 용소로40번길 7,대전광역시,서구,36.3035880722451,127.34943491264,"가수원동, 관저동, 괴곡동, 도안동, 매노동, 봉곡동, 산직동, 오동",15910,2541,1873,466,5338,2017,158,3517
대전광역시경찰청,대전대덕,신탄진,신탄진지구대,지구대,대전광역시 대덕구 대덕대로 1427,대전광역시,대덕구,36.4517152153313,127.429101079908,"갈전동, 덕암동, 목상동, 문평동, 미호동, 삼정동, 상서동, 석봉동",5141,818,546,126,1462,842,24,1323
대전광역시경찰청,대전대덕,중리,중리지구대,지구대,대전광역시 대덕구 한밭대로 1084,대전광역시,대덕구,36.3605737779523,127.426420863562,"대화동, 법동, 중리동",5141,818,546,126,1462,842,24,1323
대전광역시경찰청,대전대덕,송촌,송촌지구대,지구대,대전광역시 대덕구 동춘당로 63,대전광역시,대덕구,36.3657586658524,127.439967262996,"비래동, 송촌동, 신대동, 연축동, 읍내동, 장동",5141,818,546,126,1462,842,24,1323
대전광역시경찰청,대전대덕,회덕,회덕파출소,파출소,대전광역시 대덕구 대전로 1386,대전광역시,대덕구,36.3467051322814,127.415561890628,오정동,5141,818,546,126,1462,842,24,1323
대전광역시경찰청,대전둔산,둔산,둔산지구대,지구대,대전광역시 서구 둔산남로 9번길 21,대전광역시,서구,36.3525471565863,127.385816196595,"둔산동, 탄방동",15910,2541,1873,466,5338,2017,158,3517
대전광역시경찰청,대전둔산,갈마,갈마지구대,지구대,대전광역시 서구 신갈마로 211,대전광역시,서구,36.3526615199213,127.367840159016,갈마동,15910,2541,1873,466,5338,2017,158,3517
대전광역시경찰청,대전둔산,월평,월평지구대,지구대,대전광역시 서구 청사로 27-7,대전광역시,서구,36.3546931857663,127.357608933166,월평동,15910,2541,1873,466,5338,2017,158,3517
대전광역시경찰청,대전둔산,청사,청사지구대,지구대,대전광역시 서구 청사로 277,대전광역시,서구,36.3554987200544,127.383789715873,,15910,2541,1873,466,5338,2017,158,3517
대전광역시경찰청,대전유성,유성,유성지구대,지구대,대전광역시 유성구 문화원로 136,대전광역시,유성구,36.3622851114392,127.356257593324,"구성동, 궁동, 봉명동, 원신흥동",9639,1236,1064,255,3221,1547,50,2266
대전광역시경찰청,대전유성,도룡,도룡지구대,지구대,대전광역시 유성구 가정로 318,대전광역시,유성구,36.3753524482403,127.386307684878,"관평동, 도룡동, 문지동, 용산동, 원촌동, 전민동, 탑립동",9639,1236,1064,255,3221,1547,50,2266
대전광역시경찰청,대전유성,노은,노은지구대,지구대,대전광역시 유성구 은구비로 72,대전광역시,유성구,36.3682747209834,127.318452455186,"갑동, 노은동, 반석동, 안산동, 장대동, 지족동",9639,1236,1064,255,3221,1547,50,2266
대전광역시경찰청,대전유성,신성,신성지구대,지구대,대전광역시 유성구 신성로 71,대전광역시,유성구,36.3838680517777,127.349593151015,"가정동, 구룡동, 금고동, 금탄동, 대동, 덕진동, 둔곡동, 방현동",9639,1236,1064,255,3221,1547,50,2266
대전광역시경찰청,대전유성,복용,복용파출소,파출소,대전광역시 유성구 복용북로75번길 19,대전광역시,유성구,36.3449987256122,127.313157684658,"계산동, 구암동, 덕명동, 복용동, 상대동, 용계동, 학하동",9639,1236,1064,255,3221,1547,50,2266
대전광역시경찰청,대전유성,구즉,구즉지구대,지구대,대전광역시 유성구 구룡달전로 21,대전광역시,유성구,36.3622851114392,127.356257593324,,9639,1236,1064,255,3221,1547,50,2266
대전광역시경찰청,대전유성,진잠,진잠파출소,파출소,대전광역시 유성구 원내동 95,대전광역시,유성구,36.295099545558,127.316867870265,"교촌동, 대정동, 방동, 성북동, 세동, 송정동, 원내동",9639,1236,1064,255,3221,1547,50,2266
울산광역시경찰청,울산중부,태화,태화지구대,지구대,울산광역시 중구 종가5길 55,울산광역시,중구,35.5565421362362,129.30448179333,"교동, 다운동, 성남동, 우정동, 태화동",4781,696,530,136,1352,763,66,1238
울산광역시경찰청,울산중부,중앙,중앙지구대,지구대,울산광역시 중구 학산로 7,울산광역시,중구,35.5693352250354,129.332494084524,"동동, 복산동, 북정동, 서동, 약사동, 장현동",4781,696,530,136,1352,763,66,1238
울산광역시경찰청,울산중부,병영,병영지구대,지구대,울산광역시 중구 병영성7길 11,울산광역시,중구,35.5693352250354,129.332494084524,,4781,696,530,136,1352,763,66,1238
울산광역시경찰청,울산중부,반구,반구파출소,파출소,울산광역시 중구 반구정10길 4,울산광역시,중구,35.556405990254,129.341646169819,"남외동, 반구동, 옥교동, 학산동, 학성동",4781,696,530,136,1352,763,66,1238
울산광역시경찰청,울산중부,성안,성안파출소,파출소,울산광역시 중구 성안로 257,울산광역시,중구,35.5744154667147,129.30975841171,"성안동, 유곡동",4781,696,530,136,1352,763,66,1238
울산광역시경찰청,울산남부,신정,신정지구대,지구대,울산광역시 남구 돋질로 118,울산광역시,남구,35.5286908183997,129.306242049525,"달동, 두왕동, 신정동",11114,1662,955,311,3216,1657,121,3192
울산광역시경찰청,울산남부,삼산,삼산지구대,지구대,울산광역시 남구 번영로 217,울산광역시,남구,35.5444169723408,129.331864527424,삼산동,11114,1662,955,311,3216,1657,121,3192
울산광역시경찰청,울산남부,야음,야음지구대,지구대,울산광역시 남구 수암로 277,울산광역시,남구,35.5254718802474,129.334534550021,"고사동, 남화동, 매암동, 부곡동, 상개동, 선암동, 성암동, 야음동",11114,1662,955,311,3216,1657,121,3192
울산광역시경찰청,울산남부,옥동,옥동지구대,지구대,울산광역시 남구 대공원입구로21번길 16,울산광역시,남구,35.5352922152784,129.293859640172,옥동,11114,1662,955,311,3216,1657,121,3192
울산광역시경찰청,울산남부,무거,무거지구대,지구대,울산광역시 남구 신복로22번길 22,울산광역시,남구,35.5509734013774,129.26072152021,무거동,11114,1662,955,311,3216,1657,121,3192
울산광역시경찰청,울산남부,본동,본동파출소,파출소,울산광역시 남구 화합로194번길 17,울산광역시,남구,35.5438097037164,129.330091790832,,11114,1662,955,311,3216,1657,121,3192
울산광역시경찰청,울산동부,방어진,방어진지구대,지구대,울산광역시 동구 월봉12길 77,울산광역시,동구,35.5046358750471,129.416487775874,"방어동, 일산동, 화정동",4008,734,498,86,1023,717,33,917
울산광역시경찰청,울산동부,전하,전하지구대,지구대,울산광역시 동구 진성4길 20,울산광역시,동구,35.5168132616073,129.428561434484,전하동,4008,734,498,86,1023,717,33,917
울산광역시경찰청,울산동부,남목,남목파출소,파출소,울산광역시 동구 동해안로 54,울산광역시,동구,35.5046358750471,129.416487775874,,4008,734,498,86,1023,717,33,917
울산광역시경찰청,울산동부,서부,서부파출소,파출소,울산광역시 동구 서부로 74,울산광역시,동구,35.5315793607065,129.417811759965,"동부동, 미포동, 서부동, 주전동",4008,734,498,86,1023,717,33,917
울산광역시경찰청,울산북부,명촌,명촌지구대,지구대,울산광역시 북구 명촌21길14,울산광역시,북구,35.549649405633,129.362997911117,명촌동,4978,712,712,81,1111,1265,63,1034
울산광역시경찰청,울산북부,화봉,화봉파출소,파출소,울산광역시 북구 화봉로 83,울산광역시,북구,35.5978979647631,129.384251801541,"구유동, 당사동, 대안동, 매곡동, 무룡동, 산하동, 상안동, 송정동",4978,712,712,81,1111,1265,63,1034
울산광역시경찰청,울산북부,농소1,농소1파출소,파출소,울산광역시 북구 호계로 194,울산광역시,북구,35.5827469957224,129.361146675229,"가대동, 달천동, 시례동, 진장동",4978,712,712,81,1111,1265,63,1034
울산광역시경찰청,울산북부,농소2,농소2파출소,파출소,울산광역시 북구 호계로 391,울산광역시,북구,35.5827469957224,129.361146675229,,4978,712,712,81,1111,1265,63,1034
울산광역시경찰청,울산북부,농소3,농소3파출소,파출소,울산광역시 북구 아진로 74,울산광역시,북구,35.5827469957224,129.361146675229,,4978,712,712,81,1111,1265,63,1034
울산광역시경찰청,울산북부,강동,강동파출소,파출소,울산광역시 북구 산음12길 6,울산광역시,북구,35.5827469957224,129.361146675229,,4978,712,712,81,1111,1265,63,1034
울산광역시경찰청,울산북부,양정,양정파출소,파출소,울산광역시 북구 염포로 549,울산광역시,북구,35.5486505018826,129.385345633831,"양정동, 염포동, 효문동",4978,712,712,81,1111,1265,63,1034
울산광역시경찰청,울산울주,범서,범서파출소,파출소,울산광역시 울주군 범서읍 대리로 12,울산광역시,울주군,35.5686301683014,129.23058513398,범서읍,6029,761,507,123,2039,1209,40,1350
울산광역시경찰청,울산울주,언양,언양파출소,파출소,울산광역시 울주군 언양읍 남천둑길 7,울산광역시,울주군,35.5693479541566,129.125876719366,언양읍,6029,761,507,123,2039,1209,40,1350
울산광역시경찰청,울산울주,온양,온양파출소,파출소,울산광역시 울주군 온양읍 남창2길 30,울산광역시,울주군,35.4194264388709,129.280459268566,온양읍,6029,761,507,123,2039,1209,40,1350
울산광역시경찰청,울산울주,온산,온산파출소,파출소,울산광역시 울주군 온산읍 덕신로 229,울산광역시,울주군,35.4346213856846,129.314587084025,온산읍,6029,761,507,123,2039,1209,40,1350
울산광역시경찰청,울산울주,두동,두동파출소,파출소,울산광역시 울주군 두동면 대밀길 25,울산광역시,울주군,35.6542688430378,129.201164555037,"두동면, 두서면",6029,761,507,123,2039,1209,40,1350
울산광역시경찰청,울산울주,상북,상북파출소,파출소,울산광역시 울주군 상북면 상북로 294,울산광역시,울주군,35.5905343282687,129.091289767869,상북면,6029,761,507,123,2039,1209,40,1350
울산광역시경찰청,울산울주,삼남,삼남파출소,파출소,울산광역시 울주군 삼남면 중남로 47,울산광역시,울주군,35.5409868486272,129.108532992087,"삼남면, 삼동면",6029,761,507,123,2039,1209,40,1350
울산광역시경찰청,울산울주,청량,청량파출소,파출소,울산광역시 울주군 청량읍 온산로 767,울산광역시,울주군,35.4932938697927,129.269350570182,청량읍,6029,761,507,123,2039,1209,40,1350
울산광역시경찰청,울산울주,웅촌,웅촌파출소,파출소,울산광역시 울주군 웅촌면 곡천검단로 15,울산광역시,울주군,35.4612881859323,129.208324659127,웅촌면,6029,761,507,123,2039,1209,40,1350
울산광역시경찰청,울산울주,서생,서생파출소,파출소,울산광역시 울주군 서생면 해맞이로 867,울산광역시,울주군,35.3499614459395,129.325929218323,서생면,6029,761,507,123,2039,1209,40,1350
경기남부경찰청,수원장안,장안,장안지구대,지구대,경기도 수원시 장안구 송정로 113,경기도,수원시,37.2864846975778,127.012914341157,"서둔동, 평동, 송죽동, 이목동, 정자동, 파장동, 고등동, 매산로1가",40371,5270,5042,1278,13034,5690,782,9275
경기남부경찰청,수원장안,노송,노송지구대,지구대,경기도 수원시 장안구 이목로 58,경기도,수원시,37.2826740965805,127.020135072307,"곡반정동, 권선동, 대황교동, 세류동, 장지동, 평리동, 망포동, 매탄동",40371,5270,5042,1278,13034,5690,782,9275
경기남부경찰청,수원장안,연무,연무지구대,지구대,경기도 수원시 장안구 경수대로 758,경기도,수원시,37.2905417315217,127.021472428994,"이의동, 하동, 상광교동, 연무동, 영화동, 조원동, 하광교동",40371,5270,5042,1278,13034,5690,782,9275
경기남부경찰청,수원장안,율천,율천파출소,파출소,경기도 수원시 장안구 하률로 2,경기도,수원시,37.2826740965805,127.020135072307,,40371,5270,5042,1278,13034,5690,782,9275
경기남부경찰청,수원권선,호매실,호매실지구대,지구대,경기도 수원시 권선구 금곡동 금곡로 190,경기도,수원시,37.2727944144458,126.952325262645,"고색동, 구운동, 금곡동, 오목천동, 탑동, 호매실동, 천천동",40371,5270,5042,1278,13034,5690,782,9275
경기남부경찰청,수원권선,당수,당수파출소,파출소,경기도 수원시 권선구 당진로 32번길 28-4,경기도,수원시,37.2887192971881,126.940216969357,"당수동, 입북동, 율전동",40371,5270,5042,1278,13034,5690,782,9275
경기남부경찰청,안양동안,갈산,갈산지구대,지구대,경기도 안양시 동안구 흥안대로223번길 30-1,경기도,안양시,37.3867040506795,126.932510436351,,12683,1821,1596,388,3720,1889,117,3152
경기남부경찰청,안양동안,인덕원,인덕원지구대,지구대,경기도 안양시 동안구 동편로 190,경기도,안양시,37.3867040506795,126.932510436351,,12683,1821,1596,388,3720,1889,117,3152
경기남부경찰청,안양동안,비산,비산지구대,지구대,경기도 안양시 동안구 관악대로 125,경기도,안양시,37.3998702682227,126.933356967257,"관양동, 비산동",12683,1821,1596,388,3720,1889,117,3152
경기남부경찰청,안양동안,범계,범계지구대,지구대,경기도 안양시 동안구 경수대로508번길 17,경기도,안양시,37.3867040506795,126.932510436351,,12683,1821,1596,388,3720,1889,117,3152
경기남부경찰청,안양동안,평안,평안지구대,지구대,경기도 안양시 동안구 평촌대로217번길 57,경기도,안양시,37.3867040506795,126.932510436351,,12683,1821,1596,388,3720,1889,117,3152
경기남부경찰청,안양동안,호계,호계파출소,파출소,경기도 안양시 동안구 관평로138번길 43,경기도,안양시,37.3750923511743,126.957201177225,"평촌동, 호계동",12683,1821,1596,388,3720,1889,117,3152
경기남부경찰청,안양만안,명학,명학지구대,지구대,경기도 안양시 만안구 안양로170번길 20,경기도,안양시,37.3867040506795,126.932510436351,,12683,1821,1596,388,3720,1889,117,3152
경기남부경찰청,안양만안,안양,안양지구대,지구대,경기도 안양시 만안구 병목안로 56,경기도,안양시,37.3861273838989,126.915649986285,안양동,12683,1821,1596,388,3720,1889,117,3152
경기남부경찰청,안양만안,석수,석수지구대,지구대,경기도 안양시 만안구 경수대로 1161,경기도,안양시,37.4195876104533,126.91063733651,석수동,12683,1821,1596,388,3720,1889,117,3152
경기남부경찰청,안양만안,박달,박달지구대,지구대,경기도 안양시 만안구 양화로105번길 51 (임시청사),경기도,안양시,37.4035771458394,126.909124825885,박달동,12683,1821,1596,388,3720,1889,117,3152
경기남부경찰청,군포,군포,군포지구대,지구대,경기도 군포시 군포로 511,경기도,군포시,37.3616318289596,126.935205932727,당동,6274,778,876,139,2162,757,49,1513
경기남부경찰청,군포,산본,산본지구대,지구대,경기도 군포시 수리산로203번길 51,경기도,군포시,37.3733541681046,126.93856024766,산본동,6274,778,876,139,2162,757,49,1513
경기남부경찰청,군포,대야,대야파출소,파출소,경기도 군포시 대야1로 24번길 4,경기도,군포시,37.3291267066199,126.918408202119,"대야미동, 도마교동, 둔대동, 부곡동, 속달동",6274,778,876,139,2162,757,49,1513
경기남부경찰청,군포,금정,금정파출소,파출소,경기도 군포시 군포로 683번길 31,경기도,군포시,37.3653967180722,126.939356947385,"금정동, 당정동",6274,778,876,139,2162,757,49,1513
경기남부경찰청,군포,송부,송부파출소,파출소,경기도 군포시 번영로 6-4,경기도,군포시,37.3616318289596,126.935205932727,,6274,778,876,139,2162,757,49,1513
경기남부경찰청,성남중원,성호,성호지구대,지구대,경기도 성남시 중원구 산성대로 190-6,경기도,성남시,37.4305990144629,127.137231710025,"고등동, 둔전동, 수진동, 신촌동, 신흥동, 심곡동, 오야동, 태평동",28987,3885,3074,658,8728,4035,211,8396
경기남부경찰청,성남중원,금광,금광지구대,지구대,경기도 성남시 중원구 광명로323번길 26,경기도,성남시,37.4450553893093,127.162431497209,"단대동, 복정동, 산성동, 금광동, 중앙동",28987,3885,3074,658,8728,4035,211,8396
경기남부경찰청,성남중원,대원,대원파출소,파출소,경기도 성남시 중원구 둔촌대로 439,경기도,성남시,37.4333251526039,127.164335999581,"갈현동, 상대원동",28987,3885,3074,658,8728,4035,211,8396
경기남부경찰청,성남중원,상대원2,상대원2파출소,파출소,경기도 성남시 중원구 희망로 373,경기도,성남시,37.4305990144629,127.137231710025,,28987,3885,3074,658,8728,4035,211,8396
경기남부경찰청,성남중원,은행,은행파출소,파출소,경기도 성남시 중원구 은행로25번길 14,경기도,성남시,37.4521211053815,127.168879723867,"양지동, 창곡동, 은행동",28987,3885,3074,658,8728,4035,211,8396
경기남부경찰청,성남중원,도촌,도촌파출소,파출소,경기도 성남시 중원구 도촌북로 43,경기도,성남시,37.4164952365565,127.152785946633,"도촌동, 여수동",28987,3885,3074,658,8728,4035,211,8396
경기남부경찰청,분당,야탑,야탑지구대,지구대,경기도 성남시 분당구 야탑로 76,경기도,성남시,37.4120856880186,127.130167470751,"삼평동, 야탑동, 이매동, 금토동, 사송동, 상적동, 시흥동",28987,3885,3074,658,8728,4035,211,8396
경기남부경찰청,분당,서현,서현지구대,지구대,경기도 성남시 분당구 중앙공원로31번길 30,경기도,성남시,37.382810528148,127.126083586929,"백현동, 서현동, 율동",28987,3885,3074,658,8728,4035,211,8396
경기남부경찰청,분당,금곡,금곡지구대,지구대,경기도 성남시 분당구 성남대로171번길 12,경기도,성남시,37.3515853425122,127.10701559073,"금곡동, 대장동, 동원동, 석운동, 정자동",28987,3885,3074,658,8728,4035,211,8396
경기남부경찰청,분당,서판교,서판교파출소,파출소,경기도 성남시 분당구 운중로146번길 6,경기도,성남시,37.4305990144629,127.137231710025,,28987,3885,3074,658,8728,4035,211,8396
경기남부경찰청,분당,동판교,동판교파출소,파출소,경기도 성남시 분당구 동판교로266번길 24,경기도,성남시,37.4305990144629,127.137231710025,,28987,3885,3074,658,8728,4035,211,8396
경기남부경찰청,분당,수내,수내파출소,파출소,경기도 성남시 분당구 불정로 253,경기도,성남시,37.3754592998368,127.118005540215,"궁내동, 분당동, 수내동, 운중동, 판교동, 하산운동",28987,3885,3074,658,8728,4035,211,8396
경기남부경찰청,분당,구미,구미파출소,파출소,경기도 성남시 분당구 구미로 107,경기도,성남시,37.3402676009464,127.12270368209,구미동,28987,3885,3074,658,8728,4035,211,8396
경기남부경찰청,부천소사,송내,송내지구대,지구대,경기도 부천시 소사구 성주로 147,경기도,부천시,37.4839506166478,126.756068319829,송내동,26541,3903,3659,627,7752,3458,373,6769
경기남부경찰청,부천소사,소사,소사지구대,지구대,경기도 부천시 소사구 경인로 363,경기도,부천시,37.4858944080461,126.794618231381,"소사동, 심곡본동",26541,3903,3659,627,7752,3458,373,6769
경기남부경찰청,부천소사,범박,범박지구대,지구대,경기도 부천시 소사구 범안로 131,경기도,부천시,37.4705701165852,126.809717772683,"계수동, 괴안동, 범박동, 소사본동, 옥길동",26541,3903,3659,627,7752,3458,373,6769
경기남부경찰청,부천원미,중앙,중앙지구대,지구대,경기도 부천시 장말로 337,경기도,부천시,37.5035117792843,126.766038450927,,26541,3903,3659,627,7752,3458,373,6769
경기남부경찰청,부천원미,중동,중동지구대,지구대,경기도 부천시 석천로 203-16,경기도,부천시,37.500092215722,126.77003891891,중동,26541,3903,3659,627,7752,3458,373,6769
경기남부경찰청,부천원미,상동,상동지구대,지구대,경기도 부천시 상일로 99,경기도,부천시,37.4949021135949,126.760804751664,상동,26541,3903,3659,627,7752,3458,373,6769
경기남부경찰청,부천원미,계남,계남지구대,지구대,경기도 부천시 조마루로 252,경기도,부천시,37.5035117792843,126.766038450927,,26541,3903,3659,627,7752,3458,373,6769
경기남부경찰청,부천원미,원미,원미지구대,지구대,경기도 부천시 원미로 149번길 4,경기도,부천시,37.4945152063199,126.78847467442,"심곡동, 원미동, 춘의동",26541,3903,3659,627,7752,3458,373,6769
경기남부경찰청,부천원미,역곡,역곡지구대,지구대,경기도 부천시 부일로711번길 29,경기도,부천시,37.4892860499492,126.816680853404,역곡동,26541,3903,3659,627,7752,3458,373,6769
경기남부경찰청,부천원미,약대,약대지구대,지구대,경기도 부천시 중동로 388번길 6,경기도,부천시,37.5132817149293,126.771283379886,"삼정동, 약대동",26541,3903,3659,627,7752,3458,373,6769
경기남부경찰청,부천오정,내동,내동지구대,지구대,경기도 부천시 오정구 신흥로 411(삼정동),경기도,부천시,37.5208793946722,126.781020261773,"내동, 대장동, 도당동, 오정동",26541,3903,3659,627,7752,3458,373,6769
경기남부경찰청,부천오정,원종,원종지구대,지구대,경기도 부천시 오정구 소사로 778(원종동),경기도,부천시,37.5259638814999,126.805278275373,"여월동, 원종동, 작동",26541,3903,3659,627,7752,3458,373,6769
경기남부경찰청,부천오정,고강,고강파출소,파출소,경기도 부천시 오정구 역곡로 519(고강동),경기도,부천시,37.5295501272999,126.812115826118,고강동,26541,3903,3659,627,7752,3458,373,6769
경기남부경찰청,부천오정,성곡,성곡파출소,파출소,경기도 부천시 오정구 삼작로352번길 42(여월동),경기도,부천시,37.5035117792843,126.766038450927,,26541,3903,3659,627,7752,3458,373,6769
경기남부경찰청,광명,철산,철산지구대,지구대,경기도 광명시 철산로29번길 16(철산동),경기도,광명시,37.490749226867,126.867941213494,철산동,7241,1100,872,139,2172,868,73,2017
경기남부경찰청,광명,하안,하안지구대,지구대,경기도 광명시 범안로 1027(하안동),경기도,광명시,37.4651620028157,126.869225117896,"노온사동, 하안동",7241,1100,872,139,2172,868,73,2017
경기남부경찰청,광명,소하,소하지구대,지구대,경기도 광명시 금하로 500(소하동),경기도,광명시,37.4522110542156,126.885011358569,소하동,7241,1100,872,139,2172,868,73,2017
경기남부경찰청,광명,광명,광명지구대,지구대,경기도 광명시 사성로 67(철산동),경기도,광명시,37.4886276698915,126.862684820612,광명동,7241,1100,872,139,2172,868,73,2017
경기남부경찰청,광명,광남,광남지구대,지구대,경기도 광명시 광명로 772(광명동),경기도,광명시,37.4785674780314,126.864647815161,옥길동,7241,1100,872,139,2172,868,73,2017
경기남부경찰청,광명,일직,일직파출소,파출소,경기도 광명시 서독로418(일직동),경기도,광명시,37.4191474463951,126.881419847337,"가학동, 일직동",7241,1100,872,139,2172,868,73,2017
경기남부경찰청,안산단원,고잔,고잔파출소,파출소,경기도 안산시 단원구 화랑로 397,경기도,안산시,37.3219394584909,126.832292027071,"고잔동, 초지동",24971,3772,2722,621,7221,4169,321,6145
경기남부경찰청,안산단원,호수,호수지구대,지구대,경기도 안산시 단원구 광덕2로 127,경기도,안산시,37.3009718344206,126.846482563885,,24971,3772,2722,621,7221,4169,321,6145
경기남부경찰청,안산단원,와동,와동파출소,파출소,경기도 안산시 단원구 선부로 323,경기도,안산시,37.3416625818341,126.825752438728,"와동, 화정동",24971,3772,2722,621,7221,4169,321,6145
경기남부경찰청,안산단원,선부,선부파출소,파출소,경기도 안산시 단원구 선부광장1로 150,경기도,안산시,37.3341794459411,126.804370669728,선부동,24971,3772,2722,621,7221,4169,321,6145
경기남부경찰청,안산단원,선부2,선부2파출소,파출소,경기도 안산시 단원구 선여불로 19,경기도,안산시,37.3009718344206,126.846482563885,,24971,3772,2722,621,7221,4169,321,6145
경기남부경찰청,안산단원,선부3,선부3파출소,파출소,경기도 안산시 단원구 달미로 144,경기도,안산시,37.3009718344206,126.846482563885,,24971,3772,2722,621,7221,4169,321,6145
경기남부경찰청,안산단원,원곡,원곡파출소,파출소,경기도 안산시 단원구 원곡공원로30,경기도,안산시,37.3332949495275,126.790859358221,"목내동, 성곡동, 신길동, 원곡동, 원시동",24971,3772,2722,621,7221,4169,321,6145
경기남부경찰청,안산단원,원선,원선파출소,파출소,경기도 안산시 단원구 원선로33,경기도,안산시,37.3009718344206,126.846482563885,,24971,3772,2722,621,7221,4169,321,6145
경기남부경찰청,안산단원,공단,공단파출소,파출소,경기도 안산시 단원구 동산로 29,경기도,안산시,37.3009718344206,126.846482563885,,24971,3772,2722,621,7221,4169,321,6145
경기남부경찰청,안산단원,대부,대부파출소,파출소,경기도 안산시 단원구 대부중앙로 67,경기도,안산시,37.2298291404634,126.577969105871,"대부남동, 대부동동, 대부북동, 선감동, 풍도동",24971,3772,2722,621,7221,4169,321,6145
경기남부경찰청,안산상록,본오,본오지구대,지구대,경기도 안산시 상록구 상록수로 12,경기도,안산시,37.2891939602882,126.864590815243,본오동,24971,3772,2722,621,7221,4169,321,6145
경기남부경찰청,안산상록,사동,사동지구대,지구대,경기도 안산시 상록구 석호로 175,경기도,안산시,37.2971248482643,126.851055922583,사동,24971,3772,2722,621,7221,4169,321,6145
경기남부경찰청,안산상록,본오1,본오1파출소,파출소,경기도 안산시 상록구 샘골로 11,경기도,안산시,37.3009718344206,126.846482563885,,24971,3772,2722,621,7221,4169,321,6145
경기남부경찰청,안산상록,부곡,부곡파출소,파출소,경기도 안산시 상록구 성호로 324,경기도,안산시,37.3319602110836,126.861097386184,부곡동,24971,3772,2722,621,7221,4169,321,6145
경기남부경찰청,안산상록,월피,월피파출소,파출소,경기도 안산시 상록구 안산천서로 215,경기도,안산시,37.3359971587619,126.846767895666,"양상동, 월피동",24971,3772,2722,621,7221,4169,321,6145
경기남부경찰청,안산상록,성포,성포파출소,파출소,경기도 안산시 상록구 예술광장로 47,경기도,안산시,37.3206794365657,126.849429968393,성포동,24971,3772,2722,621,7221,4169,321,6145
경기남부경찰청,안산상록,일동,일동파출소,파출소,경기도 안산시 상록구 호동로 118,경기도,안산시,37.3102980036071,126.866154804189,일동,24971,3772,2722,621,7221,4169,321,6145
경기남부경찰청,안산상록,이동,이동파출소,파출소,경기도 안산시 상록구 중보1길 35,경기도,안산시,37.3054407225328,126.860857418137,이동,24971,3772,2722,621,7221,4169,321,6145
경기남부경찰청,안산상록,반월,반월파출소,파출소,경기도 안산시 상록구 건건로 47,경기도,안산시,37.3009718344206,126.846482563885,,24971,3772,2722,621,7221,4169,321,6145
경기남부경찰청,안산상록,팔곡,팔곡파출소,파출소,경기도 안산시 상록구 소학길 8,경기도,안산시,37.2895731390347,126.885805151529,"건건동, 사사동, 팔곡이동, 팔곡일동",24971,3772,2722,621,7221,4169,321,6145
경기남부경찰청,안산상록,수암,수암파출소,파출소,경기도 안산시 상록구 수인로 2026,경기도,안산시,37.3679251374644,126.884029267782,"수암동, 장상동, 장하동",24971,3772,2722,621,7221,4169,321,6145
경기남부경찰청,시흥,장곡,장곡지구대,지구대,경기도 시흥시 장곡로 54번길 25-14,경기도,시흥시,37.3798568606004,126.783115560875,"월곶동, 장곡동, 포동",18852,2626,1726,393,4988,4305,433,4381
경기남부경찰청,시흥,옥구,옥구지구대,지구대,경기도 시흥시 정왕대로 118번길 1,경기도,시흥시,37.380115071596,126.802977796436,"광석동, 장현동, 하상동, 하중동",18852,2626,1726,393,4988,4305,433,4381
경기남부경찰청,시흥,정왕,정왕지구대,지구대,경기도 시흥시 정왕신길로 216,경기도,시흥시,37.3472707997814,126.722129562609,정왕동,18852,2626,1726,393,4988,4305,433,4381
경기남부경찰청,시흥,은행,은행지구대,지구대,경기도 시흥시 은행로 148,경기도,시흥시,37.4363375149834,126.798039582132,"계수동, 은행동",18852,2626,1726,393,4988,4305,433,4381
경기남부경찰청,시흥,군자,군자파출소,파출소,경기도 시흥시 군자로 513,경기도,시흥시,37.3608267437726,126.794968580783,"거모동, 군자동, 죽율동",18852,2626,1726,393,4988,4305,433,4381
경기남부경찰청,시흥,매화,매화파출소,파출소,경기도 시흥시 매화로 36,경기도,시흥시,37.4179850408626,126.815313932331,"과림동, 금이동, 도창동, 매화동, 무지내동, 안현동",18852,2626,1726,393,4988,4305,433,4381
경기남부경찰청,시흥,신천,신천파출소,파출소,경기도 시흥시 신천로 100번안길 15,경기도,시흥시,37.4355591381896,126.781870202784,"미산동, 방산동, 신천동",18852,2626,1726,393,4988,4305,433,4381
경기남부경찰청,시흥,대야,대야파출소,파출소,경기도 시흥시 호현로 42,경기도,시흥시,37.4430460656541,126.788538285881,대야동,18852,2626,1726,393,4988,4305,433,4381
경기남부경찰청,시흥,시화,시화파출소,파출소,경기도 시흥시 중심상가로 271,경기도,시흥시,37.380115071596,126.802977796436,,18852,2626,1726,393,4988,4305,433,4381
경기남부경찰청,시흥,능곡,능곡파출소,파출소,경기도 시흥시 장현능곡로 211,경기도,시흥시,37.3663067920925,126.815783853779,"능곡동, 산현동, 화정동",18852,2626,1726,393,4988,4305,433,4381
경기남부경찰청,시흥,목감,목감파출소,파출소,경기도 시흥시 목감우회로 17-6,경기도,시흥시,37.3918239252333,126.870183767061,"논곡동, 목감동, 물왕동, 조남동",18852,2626,1726,393,4988,4305,433,4381
경기남부경찰청,시흥,배곧,배곧지구대,지구대,경기도 시흥시 서울대학로 264번길 50,경기도,시흥시,37.380115071596,126.802977796436,,18852,2626,1726,393,4988,4305,433,4381
경기남부경찰청,평택,평택,평택지구대,지구대,경기도 평택시 중앙1로 23,경기도,평택시,36.991082866366,127.085861850038,"군문동, 세교동, 신대동, 평택동, 합정동",26803,3445,2436,519,7638,5652,793,6320
경기남부경찰청,평택,서정,서정지구대,지구대,경기도 평택시 서정역로 34,경기도,평택시,37.0677686141954,127.054711085274,"가재동, 도일동, 서정동, 이충동, 장당동, 장안동",26803,3445,2436,519,7638,5652,793,6320
경기남부경찰청,평택,팽성,팽성지구대,지구대,경기도 평택시 팽성읍 동서촌로 93,경기도,평택시,36.9651318147256,127.062439708927,팽성읍,26803,3445,2436,519,7638,5652,793,6320
경기남부경찰청,평택,진위,진위파출소,파출소,경기도 평택시 진위면 경기대로 1856,경기도,평택시,37.100012128018,127.090592307701,진위면,26803,3445,2436,519,7638,5652,793,6320
경기남부경찰청,평택,서탄,서탄파출소,파출소,경기도 평택시 서탄면 서탄로 280,경기도,평택시,37.1082411769346,127.035321910042,서탄면,26803,3445,2436,519,7638,5652,793,6320
경기남부경찰청,평택,포승,포승파출소,파출소,경기도 평택시 포승읍 서동대로 1150,경기도,평택시,36.982819006435,126.885312774434,포승읍,26803,3445,2436,519,7638,5652,793,6320
경기남부경찰청,평택,비전,비전지구대,지구대,"경기도 평택시 죽백5로23, 1층 109,110호",경기도,평택시,37.0006091586062,127.095251177566,"동삭동, 모곡동, 비전동, 지제동, 칠괴동, 칠원동, 통복동",26803,3445,2436,519,7638,5652,793,6320
경기남부경찰청,평택,고덕,고덕지구대,지구대,경기도 평택시 고덕면 고덕여염9길 3,경기도,평택시,37.0423407771254,127.017782815149,고덕면,26803,3445,2436,519,7638,5652,793,6320
경기남부경찰청,평택,송탄,송탄지구대,지구대,경기도 평택시 탄현로 343,경기도,평택시,36.992260674533,127.112688386546,"소사동, 유천동",26803,3445,2436,519,7638,5652,793,6320
경기남부경찰청,평택,안중,안중파출소,파출소,경기도 평택시 안중읍 현화중앙길 71,경기도,평택시,36.9861235831,126.931167606861,안중읍,26803,3445,2436,519,7638,5652,793,6320
경기남부경찰청,평택,현덕,현덕파출소,파출소,경기도 평택시 현덕면 인광3길 12-11(임시청사),경기도,평택시,36.9673389996314,126.921562935075,현덕면,26803,3445,2436,519,7638,5652,793,6320
경기남부경찰청,평택,청북,청북파출소,파출소,경기도 평택시 청북읍 신포길 38,경기도,평택시,37.0398153105502,126.934275457083,청북읍,26803,3445,2436,519,7638,5652,793,6320
경기남부경찰청,평택,오성,오성파출소,파출소,경기도 평택시 오성면 숙성시장길 71,경기도,평택시,37.0077895201807,126.980315179896,오성면,26803,3445,2436,519,7638,5652,793,6320
경기남부경찰청,평택,만호,만호파출소,파출소,경기도 평택시 포승읍 평택항로 170,경기도,평택시,36.982819006435,126.885312774434,,26803,3445,2436,519,7638,5652,793,6320
경기남부경찰청,평택,신장,신장파출소,파출소,경기도 평택시 신서로65,경기도,평택시,37.0854023760527,127.051097700349,"독곡동, 신장동, 지산동",26803,3445,2436,519,7638,5652,793,6320
경기남부경찰청,평택,용이,용이파출소,파출소,경기도 평택시 현신4길 8,경기도,평택시,37.0036183281677,127.14248240822,"용이동, 월곡동, 죽백동, 청룡동",26803,3445,2436,519,7638,5652,793,6320
경기남부경찰청,오산,오산,오산지구대,지구대,경기도 오산시 운암로 11,경기도,오산시,37.1531330002421,127.072855925403,"가수동, 누읍동, 오산동, 은계동, 탑동",8246,1269,953,181,2302,1360,124,2057
경기남부경찰청,오산,궐동,궐동지구대,지구대,경기도 오산시 오산로 371,경기도,오산시,37.1621910100646,127.051081791832,"가장동, 궐동, 금암동, 두곡동, 벌음동, 서동, 수청동, 청학동",8246,1269,953,181,2302,1360,124,2057
경기남부경찰청,오산,중앙,중앙파출소,파출소,경기도 오산시 오산로 221,경기도,오산시,37.1498790159121,127.077526548914,"갈곶동, 고현동, 부산동, 원동, 청호동",8246,1269,953,181,2302,1360,124,2057
경기남부경찰청,오산,세교,세교지구대,지구대,경기도 오산시 세마역로 5,경기도,오산시,37.1858036797345,127.03771850205,"내삼미동, 서랑동, 세교동, 양산동, 외삼미동, 지곶동",8246,1269,953,181,2302,1360,124,2057
경기남부경찰청,화성동탄,태안,태안지구대,지구대,경기도 화성시 떡전골로 112-2,경기도,화성시,37.199537203472,126.831477350333,"남양읍, 마도면, 매송면, 비봉면, 새솔동, 서신면, 송산면, 우정읍",27300,3514,2895,555,7978,5194,257,6907
경기남부경찰청,화성동탄,동탄,동탄지구대,지구대,경기도 화성시 노작로 226-1,경기도,화성시,37.199537203472,126.831477350333,,27300,3514,2895,555,7978,5194,257,6907
경기남부경찰청,화성동탄,정남,정남파출소,파출소,경기도 화성시 정남면 만년로 582,경기도,화성시,37.1599855546738,126.971336844978,"봉담읍, 안녕동, 양감면, 정남면, 팔탄면, 향남읍",27300,3514,2895,555,7978,5194,257,6907
경기남부경찰청,화성동탄,안용,안용파출소,파출소,경기도 화성시 용주로 32번길 4,경기도,화성시,37.199537203472,126.831477350333,,27300,3514,2895,555,7978,5194,257,6907
경기남부경찰청,화성동탄,동탄2,동탄2지구대,지구대,경기도 화성시 동탄영천로 70,경기도,화성시,37.199537203472,126.831477350333,,27300,3514,2895,555,7978,5194,257,6907
경기남부경찰청,화성동탄,반월,반월파출소,파출소,경기도 화성시 영통로 27번길 25-19,경기도,화성시,37.2330741028276,127.060595508341,"금곡동, 기산동, 기안동, 능동, 목동, 반송동, 반월동, 반정동",27300,3514,2895,555,7978,5194,257,6907
경기남부경찰청,화성동탄,동탄3,동탄3지구대,지구대,경기도 화성시 왕배산길 6,경기도,화성시,37.199537203472,126.831477350333,,27300,3514,2895,555,7978,5194,257,6907
경기남부경찰청,용인동부,중앙,중앙지구대,지구대,경기도 용인시 처인구 금령로 18,경기도,용인시,37.2343060386837,127.201357139725,"고림동, 김량장동, 남동, 마평동, 삼가동, 역북동, 운학동, 유방동",25505,3274,3200,563,8036,4013,160,6259
경기남부경찰청,용인동부,구갈,구갈지구대,지구대,경기도 용인시 기흥구 관곡로 41,경기도,용인시,37.2724288897902,127.127604033598,"구갈동, 상하동, 언남동",25505,3274,3200,563,8036,4013,160,6259
경기남부경찰청,용인동부,흥덕,흥덕파출소,파출소,경기도 용인시 기흥구 흥덕2로 118번길 1,경기도,용인시,37.2343060386837,127.201357139725,,25505,3274,3200,563,8036,4013,160,6259
경기남부경찰청,용인동부,상갈,상갈파출소,파출소,경기도 용인시 기흥구 중부대로 380,경기도,용인시,37.2665738857824,127.107697878295,"상갈동, 신갈동",25505,3274,3200,563,8036,4013,160,6259
경기남부경찰청,용인동부,동백,동백지구대,지구대,경기도 용인시 기흥구 동백6로 37,경기도,용인시,37.2869057949409,127.160945196776,"동백동, 중동, 청덕동",25505,3274,3200,563,8036,4013,160,6259
경기남부경찰청,용인동부,고매,고매파출소,파출소,경기도 용인시 기흥구 동탄기흥로 715,경기도,용인시,37.2245423121563,127.099034069243,"고매동, 농서동",25505,3274,3200,563,8036,4013,160,6259
경기남부경찰청,용인동부,동부,동부파출소,파출소,경기도 용인시 처인구 경안천로 76(임시청사 사용 중),경기도,용인시,37.2343060386837,127.201357139725,,25505,3274,3200,563,8036,4013,160,6259
경기남부경찰청,용인동부,포곡,포곡파출소,파출소,경기도 용인시 처인구 포곡로 278번길 3,경기도,용인시,37.2777941589244,127.230843636904,포곡읍,25505,3274,3200,563,8036,4013,160,6259
경기남부경찰청,용인동부,모현,모현파출소,파출소,경기도 용인시 처인구 모현읍 백옥대로 2372,경기도,용인시,37.3296454910847,127.242348722596,모현읍,25505,3274,3200,563,8036,4013,160,6259
경기남부경찰청,용인동부,양지,양지파출소,파출소,경기도 용인시 처인구 양지로 165,경기도,용인시,37.2354729086353,127.279848670922,양지면,25505,3274,3200,563,8036,4013,160,6259
경기남부경찰청,용인동부,백암,백암파출소,파출소,경기도 용인시 처인구 백암로 201번길 9,경기도,용인시,37.1634709899502,127.375348473818,백암면,25505,3274,3200,563,8036,4013,160,6259
경기남부경찰청,용인동부,원삼,원삼파출소,파출소,경기도 용인시 처인구 원삼면 고당로 15번길 1,경기도,용인시,37.1666141745544,127.313209610916,"원삼면, 해곡동, 호동",25505,3274,3200,563,8036,4013,160,6259
경기남부경찰청,용인동부,이동,이동파출소,파출소,경기도 용인시 처인구 이동읍 경기동로 688,경기도,용인시,37.1411278770059,127.196189086676,이동읍,25505,3274,3200,563,8036,4013,160,6259
경기남부경찰청,용인동부,남사,남사파출소,파출소,경기도 용인시 처인구 남사면 처인성로 185번길 13,경기도,용인시,37.1157126870888,127.150478244526,남사면,25505,3274,3200,563,8036,4013,160,6259
경기남부경찰청,용인동부,보라,보라파출소,파출소,경기도 용인시 기흥구 한보라 1로 42-3,경기도,용인시,37.2539587463782,127.108297628115,"공세동, 보라동, 지곡동, 하갈동",25505,3274,3200,563,8036,4013,160,6259
경기남부경찰청,용인동부,서천,서천파출소,파출소,경기도 용인시 기흥구 서천로 117번길 1,경기도,용인시,37.2430149989302,127.072437437369,서천동,25505,3274,3200,563,8036,4013,160,6259
경기남부경찰청,용인서부,수지,수지지구대,지구대,경기도 용인시 수지구 풍덕천로190번길 18,경기도,용인시,37.2343060386837,127.201357139725,,25505,3274,3200,563,8036,4013,160,6259
경기남부경찰청,용인서부,보정,보정지구대,지구대,경기도 용인시 기흥구 보정로 110,경기도,용인시,37.3201877760019,127.113094904481,"마북동, 보정동",25505,3274,3200,563,8036,4013,160,6259
경기남부경찰청,용인서부,상현,상현지구대,지구대,경기도 용인시 수지구 심곡로 7,경기도,용인시,37.304564864274,127.081096021137,"영덕동, 상현동",25505,3274,3200,563,8036,4013,160,6259
경기남부경찰청,용인서부,구성,구성파출소,파출소,경기도 용인시 기흥구 구성로 68,경기도,용인시,37.2343060386837,127.201357139725,,25505,3274,3200,563,8036,4013,160,6259
경기남부경찰청,용인서부,신봉,신봉파출소,파출소,경기도 용인시 수지구 수지로 195,경기도,용인시,37.3206447379735,127.083667546737,"고기동, 성복동, 신봉동, 풍덕천동",25505,3274,3200,563,8036,4013,160,6259
경기남부경찰청,용인서부,죽전,죽전지구대,지구대,경기도 용인시 수지구 현암로 22,경기도,용인시,37.3311110877474,127.113932721957,"동천동, 죽전동",25505,3274,3200,563,8036,4013,160,6259
경기남부경찰청,광주,곤지암,곤지암파출소,파출소,경기도 광주시 곤지암읍 곤지암천로 267,경기도,광주시,37.3509574082877,127.352424727227,곤지암읍,11494,1682,1015,192,3617,2144,93,2751
경기남부경찰청,광주,도척,도척파출소,파출소,경기도 광주시 도척면 도척로 603,경기도,광주시,37.304572735578,127.331124360872,도척면,11494,1682,1015,192,3617,2144,93,2751
경기남부경찰청,광주,경안,경안지구대,지구대,경기도 광주시 중앙로 137,경기도,광주시,37.4109187336635,127.257276415026,"경안동, 송정동, 쌍령동, 역동, 탄벌동",11494,1682,1015,192,3617,2144,93,2751
경기남부경찰청,광주,남한산성,남한산성파출소,파출소,경기도 광주시 중부면 남한산성로 757,경기도,광주시,37.4633196400434,127.244655878545,"남한산성면, 목현동, 회덕동",11494,1682,1015,192,3617,2144,93,2751
경기남부경찰청,광주,초월,초월파출소,파출소,경기도 광주시 초월읍 경충대로 1243,경기도,광주시,37.3852482375457,127.287960741314,초월읍,11494,1682,1015,192,3617,2144,93,2751
경기남부경찰청,광주,오포동부,오포동부파출소,파출소,경기도 광주시 오포읍 오포로 869,경기도,광주시,37.3660957187078,127.228738715704,오포읍,11494,1682,1015,192,3617,2144,93,2751
경기남부경찰청,광주,퇴촌,퇴촌파출소,파출소,경기도 광주시 퇴촌면 광동로 45,경기도,광주시,37.4666662497917,127.307068858523,"남종면, 퇴촌면",11494,1682,1015,192,3617,2144,93,2751
경기남부경찰청,광주,태전,태전파출소,파출소,경기도 광주시 태봉로 46,경기도,광주시,37.3942030308823,127.211857456814,"목동, 삼동, 장지동, 중대동, 직동, 태전동",11494,1682,1015,192,3617,2144,93,2751
경기남부경찰청,광주,오포서부,오포서부파출소,파출소,경기도 광주시 오포읍 오포로171번길 3,경기도,광주시,37.3660957187078,127.228738715704,,11494,1682,1015,192,3617,2144,93,2751
경기남부경찰청,김포,사우,사우지구대,지구대,경기도 김포시 사우중로 35-5,경기도,김포시,37.6193581588087,126.716738801056,"걸포동, 북변동, 사우동",16015,2073,1964,253,5198,2599,239,3689
경기남부경찰청,김포,장기,장기지구대,지구대,경기도 김포시 청송로 36,경기도,김포시,37.6397252396072,126.671359353779,"감정동, 운양동, 장기동",16015,2073,1964,253,5198,2599,239,3689
경기남부경찰청,김포,양촌,양촌파출소,파출소,경기도 김포시 양곡1로 68번길 3,경기도,김포시,37.6571252239983,126.625498579495,"구래동, 양촌읍",16015,2073,1964,253,5198,2599,239,3689
경기남부경찰청,김포,통진,통진파출소,파출소,경기도 김포시 통진읍 조강로 83,경기도,김포시,37.6917738513533,126.597292432701,통진읍,16015,2073,1964,253,5198,2599,239,3689
경기남부경찰청,김포,고촌,고촌파출소,파출소,경기도 김포시 고촌읍 신곡리 1250-1,경기도,김포시,37.6034741003733,126.770844457664,고촌읍,16015,2073,1964,253,5198,2599,239,3689
경기남부경찰청,김포,대곶,대곶파출소,파출소,경기도 김포시 대곶면 율생로 72,경기도,김포시,37.6490825257212,126.581881121041,대곶면,16015,2073,1964,253,5198,2599,239,3689
경기남부경찰청,김포,월곶,월곶파출소,파출소,경기도 김포시 월곶면 군하로 276번길 13,경기도,김포시,37.7150895643422,126.552911756013,월곶면,16015,2073,1964,253,5198,2599,239,3689
경기남부경찰청,김포,하성,하성파출소,파출소,경기도 김포시 하성면 애기봉로 847,경기도,김포시,37.7201501293668,126.63124283591,하성면,16015,2073,1964,253,5198,2599,239,3689
경기남부경찰청,김포,김포T,김포T파출소,파출소,경기도 김포시 고촌읍 아라육로152번길 56,경기도,김포시,37.6034741003733,126.770844457664,,16015,2073,1964,253,5198,2599,239,3689
경기남부경찰청,김포,풍무,풍무파출소,파출소,경기도 김포시 풍무동 154-6(풍무2지구),경기도,김포시,37.6021763512159,126.722044880847,풍무동,16015,2073,1964,253,5198,2599,239,3689
경기남부경찰청,김포,마산,마산지구대,지구대,경기도 김포시 김포한강8로 176(마산동),경기도,김포시,37.6404503702468,126.640710327775,마산동,16015,2073,1964,253,5198,2599,239,3689
경기남부경찰청,하남,하남,하남지구대,지구대,경기도 하남시 신장로 66,경기도,하남시,37.5392745653538,127.214860598563,"신장동, 천현동",9339,1049,876,174,3268,1260,62,2650
경기남부경찰청,하남,덕풍,덕풍지구대,지구대,경기도 하남시 덕풍로81번길 13,경기도,하남시,37.5335585195015,127.200579497659,"감북동, 감이동, 감일동, 광암동, 교산동, 덕풍동, 상사창동, 춘궁동",9339,1049,876,174,3268,1260,62,2650
경기남부경찰청,하남,미사2,미사2지구대,지구대,경기도 하남시 아리수로 567,경기도,하남시,37.5392745653538,127.214860598563,,9339,1049,876,174,3268,1260,62,2650
경기남부경찰청,하남,미사강변,미사강변지구대,지구대,경기도 하남시 풍산동 500,경기도,하남시,37.5490233229792,127.185090374889,"망월동, 미사동, 선동, 초이동, 초일동, 풍산동",9339,1049,876,174,3268,1260,62,2650
경기남부경찰청,하남,창우,창우파출소,파출소,경기도 하남시 대청로 114,경기도,하남시,37.5336380827135,127.233747886717,"배알미동, 상산곡동, 창우동, 하산곡동",9339,1049,876,174,3268,1260,62,2650
경기남부경찰청,하남,하남위례,하남위례파출소,파출소,경기도 하남시 위례학암로14번길 20,경기도,하남시,37.5392745653538,127.214860598563,,9339,1049,876,174,3268,1260,62,2650
경기남부경찰청,하남,서부,서부파출소,파출소,경기도 하남시 감북로 43,경기도,하남시,37.5392745653538,127.214860598563,,9339,1049,876,174,3268,1260,62,2650
경기남부경찰청,의왕,의왕,의왕지구대,지구대,경기도 의왕시 경수대로 352,경기도,의왕시,37.3447600461022,126.968273810339,"고천동, 삼동, 오전동, 왕곡동, 월암동, 이동, 초평동",3307,364,237,78,972,907,28,721
경기남부경찰청,의왕,청계,청계파출소,파출소,경기도 의왕시 안양판교로 227,경기도,의왕시,37.4000497874323,127.018485897202,청계동,3307,364,237,78,972,907,28,721
경기남부경찰청,의왕,부곡,부곡파출소,파출소,경기도 의왕시 한백이길 3,경기도,의왕시,37.3447600461022,126.968273810339,,3307,364,237,78,972,907,28,721
경기남부경찰청,의왕,내손,내손지구대,지구대,경기도 의왕시 갈미로 77,경기도,의왕시,37.3782619969627,126.975693472476,"내손동, 포일동, 학의동",3307,364,237,78,972,907,28,721
경기남부경찰청,이천,창전,창전지구대,지구대,경기도 이천시 영창로 171,경기도,이천시,37.2829062004195,127.441145005564,"관고동, 율현동, 장록동, 중리동, 증일동, 진리동, 창전동",6965,968,605,170,2134,1402,55,1631
경기남부경찰청,이천,아미,아미파출소,파출소,경기도 이천시 부발읍 경충대로 2154,경기도,이천시,37.2836603609193,127.486886526274,부발읍,6965,968,605,170,2134,1402,55,1631
경기남부경찰청,이천,장호원,장호원파출소,파출소,경기도 이천시 장호원읍 장감로 70,경기도,이천시,37.1149352521377,127.616836654117,장호원읍,6965,968,605,170,2134,1402,55,1631
경기남부경찰청,이천,부발,부발파출소,파출소,경기도 이천시 부발읍 무촌로 167-5,경기도,이천시,37.2836603609193,127.486886526274,,6965,968,605,170,2134,1402,55,1631
경기남부경찰청,이천,대월,대월파출소,파출소,경기도 이천시 대월로803번길 64,경기도,이천시,37.2298854701122,127.492395600571,"고담동, 대월면",6965,968,605,170,2134,1402,55,1631
경기남부경찰청,이천,마장,마장파출소,파출소,경기도 이천시 마장면 오천로 101,경기도,이천시,37.2489295288462,127.357967852826,마장면,6965,968,605,170,2134,1402,55,1631
경기남부경찰청,이천,신둔,신둔파출소,파출소,경기도 이천시 신둔면 경충대로 3162,경기도,이천시,37.3062420303846,127.404039913146,"사음동, 신둔면",6965,968,605,170,2134,1402,55,1631
경기남부경찰청,이천,모가,모가파출소,파출소,경기도 이천시 모가면 진상미로 1305,경기도,이천시,37.171670582668,127.4801768603,모가면,6965,968,605,170,2134,1402,55,1631
경기남부경찰청,이천,백사,백사파출소,파출소,경기도 이천시 백사면 현방로 62,경기도,이천시,37.3390757320979,127.490701651258,백사면,6965,968,605,170,2134,1402,55,1631
경기남부경찰청,이천,설성,설성파출소,파출소,경기도 이천시 설성면 설장로 17번길 6-1,경기도,이천시,37.1324673675995,127.522027682876,설성면,6965,968,605,170,2134,1402,55,1631
경기남부경찰청,이천,호법,호법파출소,파출소,경기도 이천시 호법면 이섭대천로 547,경기도,이천시,37.2231047253816,127.424787739446,"단월동, 대포동, 호법면",6965,968,605,170,2134,1402,55,1631
경기남부경찰청,이천,율면,율면파출소,파출소,경기도 이천시 율면 고당로 144,경기도,이천시,37.0943111866073,127.546453484556,율면,6965,968,605,170,2134,1402,55,1631
경기남부경찰청,이천,증포,증포지구대,지구대,경기도 이천시 증포동 갈산로 19,경기도,이천시,37.2903815684334,127.452493133317,"갈산동, 송정동, 안흥동, 증포동",6965,968,605,170,2134,1402,55,1631
경기남부경찰청,안성,중앙,중앙지구대,지구대,경기도 안성시 석정1길 15,경기도,안성시,37.0080705033718,127.27979032841,"가현동, 계동, 구포동, 금산동, 낙원동, 당왕동, 대천동, 도기동",6324,845,680,108,1786,1317,55,1533
경기남부경찰청,안성,공도,공도지구대,지구대,경기도 안성시 공도읍 공도4로 4,경기도,안성시,37.001023051784,127.172487483358,공도읍,6324,845,680,108,1786,1317,55,1533
경기남부경찰청,안성,대덕,대덕파출소,파출소,경기도 안성시 대덕면 중앙로 78,경기도,안성시,37.0124186565809,127.237850006863,"대덕면, 미양면, 신건지동, 신모산동, 신소현동, 옥산동",6324,845,680,108,1786,1317,55,1533
경기남부경찰청,안성,금광,금광파출소,파출소,경기도 안성시 금광면 금광초교길 38,경기도,안성시,36.9972240459894,127.317465473336,금광면,6324,845,680,108,1786,1317,55,1533
경기남부경찰청,안성,보개,보개파출소,파출소,경기도 안성시 보개면 보개원삼로 220-1,경기도,안성시,37.0230485390824,127.290894285959,"가사동, 금석동, 보개면, 사곡동",6324,845,680,108,1786,1317,55,1533
경기남부경찰청,안성,내리,내리지구대,지구대,경기도 안성시 대학6길 34,경기도,안성시,37.0080705033718,127.27979032841,,6324,845,680,108,1786,1317,55,1533
경기남부경찰청,안성,원곡,원곡파출소,파출소,경기도 안성시 원곡면 가천중앙1길 44,경기도,안성시,37.039719467565,127.129614475924,원곡면,6324,845,680,108,1786,1317,55,1533
경기남부경찰청,안성,양성,양성파출소,파출소,경기도 안성시 양성면 장터길 35,경기도,안성시,37.0598978252953,127.194477629958,"고삼면, 양성면",6324,845,680,108,1786,1317,55,1533
경기남부경찰청,안성,일죽,일죽파출소,파출소,경기도 안성시 일죽면 주래본죽로 28,경기도,안성시,37.0904665247423,127.476874615174,일죽면,6324,845,680,108,1786,1317,55,1533
경기남부경찰청,안성,죽산,죽산파출소,파출소,경기도 안성시 죽산면 죽주로 241,경기도,안성시,37.0785624890221,127.422482028551,"삼죽면, 죽산면",6324,845,680,108,1786,1317,55,1533
경기남부경찰청,여주,홍문,홍문지구대,지구대,경기도 여주시 세종로 2,경기도,여주시,37.287662109658,127.638294215407,"가업동, 교동, 능현동, 매룡동, 상거동, 상동, 연라동, 연양동",3715,438,298,77,1160,913,55,774
경기남부경찰청,여주,점동,점동파출소,파출소,경기도 여주시 점동면 청안로118,경기도,여주시,37.2060650489748,127.662546513646,"삼교동, 점동면, 하거동",3715,438,298,77,1160,913,55,774
경기남부경찰청,여주,가남,가남파출소,파출소,경기도 여주시 가남읍 태평2길 23,경기도,여주시,37.2018014404834,127.545159330237,가남읍,3715,438,298,77,1160,913,55,774
경기남부경찰청,여주,세종대왕,세종대왕파출소,파출소,경기도 여주시 능서면 마장로 61,경기도,여주시,37.3001972675328,127.573501871315,능서면,3715,438,298,77,1160,913,55,774
경기남부경찰청,여주,흥천,흥천파출소,파출소,경기도 여주시 흥천면 효자로 144,경기도,여주시,37.3332312498698,127.541612211887,흥천면,3715,438,298,77,1160,913,55,774
경기남부경찰청,여주,금사,금사파출소,파출소,경기도 여주시 금사면 이포로 41,경기도,여주시,37.392509023378,127.533306935246,금사면,3715,438,298,77,1160,913,55,774
경기남부경찰청,여주,산북,산북파출소,파출소,경기도 여주시 산북면 금품1로 2,경기도,여주시,37.4016901782595,127.442992386601,산북면,3715,438,298,77,1160,913,55,774
경기남부경찰청,여주,대신,대신파출소,파출소,경기도 여주시 대신면 여양로 1436,경기도,여주시,37.3750403179814,127.586562498134,대신면,3715,438,298,77,1160,913,55,774
경기남부경찰청,여주,북내,북내파출소,파출소,경기도 여주시 북내면 여양2로 300,경기도,여주시,37.329311618881,127.678949737319,북내면,3715,438,298,77,1160,913,55,774
경기남부경찰청,여주,강천,강천파출소,파출소,경기도 여주시 강천면 강문로 566,경기도,여주시,37.2728895738268,127.711509091654,"강천면, 단현동, 멱곡동, 신진동, 우만동",3715,438,298,77,1160,913,55,774
경기남부경찰청,여주,오학,오학파출소,파출소,경기도 여주시 도예로 10,경기도,여주시,37.3110856971203,127.647466891088,"오금동, 오학동, 천송동, 현암동",3715,438,298,77,1160,913,55,774
경기남부경찰청,양평,양근,양근지구대,지구대,경기도 양평군 양평읍 해오름길 11,경기도,양평군,37.4864297288725,127.493513635969,양평읍,3797,488,288,67,1401,557,22,974
경기남부경찰청,양평,강상,강상파출소,파출소,경기도 양평군 강상면 양평대교길 91,경기도,양평군,37.4772043318602,127.485480381356,강상면,3797,488,288,67,1401,557,22,974
경기남부경찰청,양평,강하,강하파출소,파출소,경기도 양평군 강하면 운심길 46,경기도,양평군,37.4949573777619,127.410464187932,강하면,3797,488,288,67,1401,557,22,974
경기남부경찰청,양평,용문,용문파출소,파출소,경기도 양평군 용문면 용문역길 71,경기도,양평군,37.4889036515231,127.599161344744,용문면,3797,488,288,67,1401,557,22,974
경기남부경찰청,양평,지평,지평파출소,파출소,경기도 양평군 지평면 지평의병로 91,경기도,양평군,37.4744755232285,127.639309823993,지평면,3797,488,288,67,1401,557,22,974
경기남부경찰청,양평,단월,단월파출소,파출소,경기도 양평군 단월면 재인동길 2-6,경기도,양평군,37.5385614314037,127.672990233658,단월면,3797,488,288,67,1401,557,22,974
경기남부경찰청,양평,청운,청운파출소,파출소,경기도 양평군 청운면 용두로 140,경기도,양평군,37.5562806888098,127.710722823772,청운면,3797,488,288,67,1401,557,22,974
경기남부경찰청,양평,양서,양서파출소,파출소,경기도 양평군 양서면 양수로 152번길 6,경기도,양평군,37.5439574907644,127.326006469864,양서면,3797,488,288,67,1401,557,22,974
경기남부경찰청,양평,서종,서종파출소,파출소,경기도 양평군 서종면 무내미길 45,경기도,양평군,37.6065762917834,127.348721243795,서종면,3797,488,288,67,1401,557,22,974
경기남부경찰청,양평,옥천,옥천파출소,파출소,경기도 양평군 옥천면 옥천길 27,경기도,양평군,37.5180646802132,127.456072420478,옥천면,3797,488,288,67,1401,557,22,974
경기남부경찰청,양평,양동,양동파출소,파출소,경기도 양평군 양동면 학둔지아래길 72,경기도,양평군,37.4251059645744,127.751177593936,양동면,3797,488,288,67,1401,557,22,974
경기남부경찰청,양평,개군,개군파출소,파출소,경기도 양평군 개군면 하자포길 25,경기도,양평군,37.4259639502401,127.536793361892,개군면,3797,488,288,67,1401,557,22,974
경기북부경찰청,의정부,금오,금오지구대,지구대,경기도 의정부시 추동로108번길 1,경기도,의정부시,37.755388211865,127.059748029924,금오동,13724,2146,1475,383,4277,1699,301,3443
경기북부경찰청,의정부,신곡,신곡지구대,지구대,경기도 의정부시 경의로 119,경기도,의정부시,37.7314238778054,127.056847377285,"신곡동, 장암동",13724,2146,1475,383,4277,1699,301,3443
경기북부경찰청,의정부,가능,가능지구대,지구대,경기도 의정부시 호국로 1171,경기도,의정부시,37.7506435264154,127.038616105186,가능동,13724,2146,1475,383,4277,1699,301,3443
경기북부경찰청,의정부,송산,송산지구대,지구대,경기도 의정부시 용민로 119,경기도,의정부시,37.7380566430617,127.033899090337,의정부동,13724,2146,1475,383,4277,1699,301,3443
경기북부경찰청,의정부,호원,호원지구대,지구대,경기도 의정부시 평화로 159,경기도,의정부시,37.7141699194513,127.034477959332,호원동,13724,2146,1475,383,4277,1699,301,3443
경기북부경찰청,의정부,녹양,녹양지구대,지구대,경기도 의정부시 체육로 260,경기도,의정부시,37.7601308014543,127.03232037874,녹양동,13724,2146,1475,383,4277,1699,301,3443
경기북부경찰청,의정부,민락,민락지구대,지구대,경기도 의정부시 민락로 356,경기도,의정부시,37.7403538413429,127.096358976229,"고산동, 낙양동, 민락동, 산곡동, 용현동, 자일동",13724,2146,1475,383,4277,1699,301,3443
경기북부경찰청,고양,화정,화정지구대,지구대,경기도 고양시 덕양구 은빛로 80,경기도,고양시,37.6389774936,126.833789043216,"대장동, 성사동, 주교동, 화정동",26595,3797,2645,679,7828,3548,447,7651
경기북부경찰청,고양,행신,행신지구대,지구대,경기도 고양시 덕양구 중앙로 541-18,경기도,고양시,37.6223556606646,126.836037177307,"강매동, 토당동, 행신동, 행주내동, 행주외동",26595,3797,2645,679,7828,3548,447,7651
경기북부경찰청,고양,원당,원당지구대,지구대,경기도 고양시 덕양구 호국로 790번길 105,경기도,고양시,37.6716845717211,126.856884767942,"삼송동, 원당동",26595,3797,2645,679,7828,3548,447,7651
경기북부경찰청,고양,신도,신도지구대,지구대,경기도 고양시 덕양구 신도길 6,경기도,고양시,37.6751982696279,126.750669084916,,26595,3797,2645,679,7828,3548,447,7651
경기북부경찰청,고양,고양,고양파출소,파출소,경기도 고양시 덕양구 벽제관로 3,경기도,고양시,37.7033600247221,126.903747900242,"고양동, 대자동, 벽제동, 북한동, 선유동, 오금동, 지축동, 효자동",26595,3797,2645,679,7828,3548,447,7651
경기북부경찰청,고양,관산,관산파출소,파출소,경기도 고양시 덕양구 통일로 782,경기도,고양시,37.6879882033154,126.862553908166,"관산동, 내유동, 신원동, 문봉동, 사리현동, 지영동",26595,3797,2645,679,7828,3548,447,7651
경기북부경찰청,고양,행신3,행신3파출소,파출소,경기도 고양시 덕양구 중앙로558번길 90,경기도,고양시,37.6751982696279,126.750669084916,,26595,3797,2645,679,7828,3548,447,7651
경기북부경찰청,고양,화전,화전파출소,파출소,경기도 고양시 덕양구 중앙로 219,경기도,고양시,37.6000455360805,126.872658393587,"덕은동, 향동동, 현천동, 화전동",26595,3797,2645,679,7828,3548,447,7651
경기북부경찰청,고양,도래울,도래울지구대,지구대,경기도 고양시 도내동 922-1,경기도,고양시,37.6251535449341,126.862375162762,"도내동, 동산동, 용두동, 원흥동",26595,3797,2645,679,7828,3548,447,7651
경기북부경찰청,일산동부,마두,마두지구대,지구대,경기도 고양시 일산동구 노루목로 116,경기도,고양시,37.6557662385335,126.789654489141,"마두동, 식사동, 풍동",26595,3797,2645,679,7828,3548,447,7651
경기북부경찰청,일산동부,백석,백석지구대,지구대,경기도 고양시 일산동구 장백로 76,경기도,고양시,37.6500444005323,126.792363029713,"내곡동, 신평동, 백석동, 산황동, 장항동",26595,3797,2645,679,7828,3548,447,7651
경기북부경찰청,일산동부,풍사,풍사파출소,파출소,경기도 고양시 일산동구 숲속마을로 54,경기도,고양시,37.6751982696279,126.750669084916,,26595,3797,2645,679,7828,3548,447,7651
경기북부경찰청,일산동부,중산,중산지구대,지구대,경기도 고양시 일산동구 중산로 220,경기도,고양시,37.6918173956873,126.780441473585,"설문동, 성석동, 중산동",26595,3797,2645,679,7828,3548,447,7651
경기북부경찰청,일산서부,탄현,탄현지구대,지구대,경기도 고양시 일산서구 현중로36번길 1,경기도,고양시,37.6943496272333,126.76845159422,탄현동,26595,3797,2645,679,7828,3548,447,7651
경기북부경찰청,일산서부,대화,대화지구대,지구대,경기도 고양시 일산서구 일산로 670,경기도,고양시,37.6829848694343,126.755141409924,대화동,26595,3797,2645,679,7828,3548,447,7651
경기북부경찰청,일산서부,주엽,주엽지구대,지구대,경기도 고양시 일산서구 강성로 107,경기도,고양시,37.6700959284218,126.763299407637,"정발산동, 주엽동",26595,3797,2645,679,7828,3548,447,7651
경기북부경찰청,일산서부,가좌,가좌파출소,파출소,경기도 고양시 일산서구 가좌로 24,경기도,고양시,37.6911246251366,126.72044790598,"가좌동, 구산동, 덕이동, 법곳동",26595,3797,2645,679,7828,3548,447,7651
경기북부경찰청,일산서부,일산,일산파출소,파출소,경기도 고양시 일산서구 하늘마을로 190,경기도,고양시,37.6871456348795,126.768555621104,일산동,26595,3797,2645,679,7828,3548,447,7651
경기북부경찰청,남양주남부,화도,화도지구대,지구대,경기도 남양주시 화도읍 창현로 8,경기도,남양주시,37.6579103478731,127.300352454876,화도읍,17045,2284,1566,416,5190,2487,108,4994
경기북부경찰청,남양주남부,천마,천마파출소,파출소,경기도 남양주시 화도읍 묵현로25번길 39-1,경기도,남양주시,37.6579103478731,127.300352454876,,17045,2284,1566,416,5190,2487,108,4994
경기북부경찰청,남양주남부,다산1,다산1지구대,지구대,경기도 남양주시 경춘로 경춘로439-1,경기도,남양주시,37.6360272346499,127.21648030719,,17045,2284,1566,416,5190,2487,108,4994
경기북부경찰청,남양주남부,다산2,다산2지구대,지구대,경기도 남양주시 다산지금로 146번길 36,경기도,남양주시,37.6360272346499,127.21648030719,,17045,2284,1566,416,5190,2487,108,4994
경기북부경찰청,남양주남부,와부,와부파출소,파출소,경기도 남양주시 와부읍 덕소로 63,경기도,남양주시,37.5854310580653,127.216655241381,"삼패동, 수석동, 와부읍",17045,2284,1566,416,5190,2487,108,4994
경기북부경찰청,남양주남부,호평,호평파출소,파출소,경기도 남양주시 호평로68번길 11,경기도,남양주시,37.6548880029094,127.248669169781,호평동,17045,2284,1566,416,5190,2487,108,4994
경기북부경찰청,남양주남부,금곡,금곡파출소,파출소,경기도 남양주시 금곡로 57,경기도,남양주시,37.6256794631023,127.200659122727,"금곡동, 다산동, 도농동, 이패동, 일패동, 지금동",17045,2284,1566,416,5190,2487,108,4994
경기북부경찰청,남양주남부,평내,평내파출소,파출소,경기도 남양주시 경춘로 1211,경기도,남양주시,37.6483691097276,127.23609678062,평내동,17045,2284,1566,416,5190,2487,108,4994
경기북부경찰청,남양주남부,조안,조안파출소,파출소,경기도 남양주시 조안면 북한강로 131,경기도,남양주시,37.5358655285052,127.303396885845,조안면,17045,2284,1566,416,5190,2487,108,4994
경기북부경찰청,남양주남부,수동,수동파출소,파출소,경기도 남양주시 수동면 비룡로 808,경기도,남양주시,37.7035394039184,127.326105393643,수동면,17045,2284,1566,416,5190,2487,108,4994
경기북부경찰청,남양주북부,진접,진접파출소,파출소,경기도 남양주시 진접읍 장현로 113,경기도,남양주시,37.7263040754258,127.189895565055,"오남읍, 진접읍",17045,2284,1566,416,5190,2487,108,4994
경기북부경찰청,남양주북부,별내,별내파출소,파출소,경기도 남양주시 두물로 11,경기도,남양주시,37.6462754221373,127.121981563821,별내동,17045,2284,1566,416,5190,2487,108,4994
경기북부경찰청,남양주북부,오남,오남파출소,파출소,경기도 남양주시 진건읍 진건오남로 595-14,경기도,남양주시,37.6546702452519,127.177723349459,진건읍,17045,2284,1566,416,5190,2487,108,4994
경기북부경찰청,남양주북부,해밀,해밀파출소,파출소,경기도 남양주시 진접읍 해밀예당1로 251,경기도,남양주시,37.7263040754258,127.189895565055,,17045,2284,1566,416,5190,2487,108,4994
경기북부경찰청,남양주북부,진건,진건파출소,파출소,경기도 남양주시 진건읍 진건오남로 5,경기도,남양주시,37.6546702452519,127.177723349459,,17045,2284,1566,416,5190,2487,108,4994
경기북부경찰청,남양주북부,퇴계원,퇴계원파출소,파출소,경기도 남양주시 퇴계원면 퇴계원로 58-7,경기도,남양주시,37.6474171947576,127.14191739863,퇴계원면,17045,2284,1566,416,5190,2487,108,4994
경기북부경찰청,남양주북부,청학,청학파출소,파출소,"경기도 남양주시 별내면 청학로68번길 8,",경기도,남양주시,37.7026376364435,127.124872496413,별내면,17045,2284,1566,416,5190,2487,108,4994
경기북부경찰청,파주,금촌,금촌지구대,지구대,경기도 파주시 새꽃로 212,경기도,파주시,37.7606436758235,126.768817063648,"금촌동, 야동동",15840,2081,1421,389,5661,2113,224,3951
경기북부경찰청,파주,문산,문산지구대,지구대,경기도 파주시 문산읍 개포래로 50-4,경기도,파주시,37.8569935908446,126.790861194562,"군내면, 문산읍, 장단면, 진동면",15840,2081,1421,389,5661,2113,224,3951
경기북부경찰청,파주,야당,야당지구대,지구대,경기도 파주시 한울로 55-1,경기도,파주시,37.7100539174922,126.760495945771,"동패동, 목동동, 산남동, 상지석동, 서패동, 야당동, 와동동",15840,2081,1421,389,5661,2113,224,3951
경기북부경찰청,파주,호수,호수지구대,지구대,경기도 파주시 해솔로 84,경기도,파주시,37.7600413844134,126.779876830607,"금릉동, 아동동",15840,2081,1421,389,5661,2113,224,3951
경기북부경찰청,파주,교하,교하파출소,파출소,경기도 파주시 교하로 1431-2,경기도,파주시,37.7521392701942,126.748059991604,"교하동, 다율동, 당하동, 문발동, 송촌동, 신촌동, 연다산동, 오도동",15840,2081,1421,389,5661,2113,224,3951
경기북부경찰청,파주,파주,파주파출소,파출소,경기도 파주시 파주읍 향교말길 26,경기도,파주시,37.8307483887254,126.820028579509,파주읍,15840,2081,1421,389,5661,2113,224,3951
경기북부경찰청,파주,법원,법원파출소,파출소,경기도 파주시 법원읍 사임당로905번길 40,경기도,파주시,37.8491633754065,126.882388862167,법원읍,15840,2081,1421,389,5661,2113,224,3951
경기북부경찰청,파주,조리,조리파출소,파출소,경기도 파주시 조리읍 봉천로 55,경기도,파주시,37.7432671340386,126.809865956874,조리읍,15840,2081,1421,389,5661,2113,224,3951
경기북부경찰청,파주,광탄,광탄파출소,파출소,경기도 파주시 광탄면 동거리길 25-7,경기도,파주시,37.7761542164717,126.851257892274,광탄면,15840,2081,1421,389,5661,2113,224,3951
경기북부경찰청,파주,적성,적성파출소,파출소,경기도 파주시 적성면 청송로 1003,경기도,파주시,37.9543767524196,126.917635009286,"적성면, 파평면",15840,2081,1421,389,5661,2113,224,3951
경기북부경찰청,파주,탄현,탄현파출소,파출소,경기도 파주시 탄현면 방촌로 669,경기도,파주시,37.8025424016273,126.716245034905,"검산동, 맥금동, 탄현면",15840,2081,1421,389,5661,2113,224,3951
경기북부경찰청,파주,파평,파평파출소,파출소,경기도 파주시 적성면 청송로 198,경기도,파주시,37.9543767524196,126.917635009286,,15840,2081,1421,389,5661,2113,224,3951
경기북부경찰청,파주,월롱,월롱파출소,파출소,경기도 파주시 월롱면 휴암로 3,경기도,파주시,37.796138372362,126.790219928738,월롱면,15840,2081,1421,389,5661,2113,224,3951
경기북부경찰청,양주,회천,회천지구대,지구대,경기도 양주시 회정로 133,경기도,양주시,37.7853136973154,127.045786084702,"남방동, 마전동, 산북동, 어둔동, 유양동",7103,1084,660,150,2006,1218,59,1926
경기북부경찰청,양주,고읍,고읍지구대,지구대,경기도 양주시 고읍로 83,경기도,양주시,37.8048312980269,127.075399082624,"고암동, 고읍동, 광사동, 만송동",7103,1084,660,150,2006,1218,59,1926
경기북부경찰청,양주,덕계,덕계지구대,지구대,경기도 양주시 평화로 1427,경기도,양주시,37.825204421803,127.035815323019,"덕계동, 덕정동, 회정동",7103,1084,660,150,2006,1218,59,1926
경기북부경찰청,양주,광적,광적파출소,파출소,경기도 양주시 광적면 가래비길 54,경기도,양주시,37.8246285211535,126.983684913461,광적면,7103,1084,660,150,2006,1218,59,1926
경기북부경찰청,양주,백석,백석파출소,파출소,경기도 양주시 백석읍 꿈나무로 142,경기도,양주시,37.7950376733941,126.985512570135,백석읍,7103,1084,660,150,2006,1218,59,1926
경기북부경찰청,양주,장흥,장흥파출소,파출소,경기도 양주시 장흥면 호국로 179,경기도,양주시,37.7178722789737,126.941144103763,장흥면,7103,1084,660,150,2006,1218,59,1926
경기북부경찰청,양주,남면,남면파출소,파출소,경기도 양주시 남면 개나리길 50,경기도,양주시,37.898126912383,126.97671505489,남면,7103,1084,660,150,2006,1218,59,1926
경기북부경찰청,양주,주내,주내파출소,파출소,경기도 양주시 부흥로 1613,경기도,양주시,37.7853136973154,127.045786084702,,7103,1084,660,150,2006,1218,59,1926
경기북부경찰청,양주,옥정,옥정지구대,지구대,경기도 양주시 옥정로8길 62,경기도,양주시,37.820012508486,127.088271333497,"봉양동, 삼숭동, 옥정동, 율정동, 회암동",7103,1084,660,150,2006,1218,59,1926
경기북부경찰청,양주,은현,은현파출소,파출소,경기도 양주시 은현면 은현로55번길 6,경기도,양주시,37.8750011475252,127.024564300477,은현면,7103,1084,660,150,2006,1218,59,1926
경기북부경찰청,동두천,송내,송내지구대,지구대,경기도 동두천시 중앙로 157,경기도,동두천시,37.8787600388411,127.069386418641,"송내동, 지행동",3077,569,360,100,862,383,39,764
경기북부경찰청,동두천,중앙,중앙파출소,파출소,경기도 동두천시 중앙로 393,경기도,동두천시,37.9035986489851,127.060440729219,"상패동, 안흥동",3077,569,360,100,862,383,39,764
경기북부경찰청,동두천,생연,생연파출소,파출소,경기도 동두천시 생연로 99,경기도,동두천시,37.9073618412166,127.065583509011,"동두천동, 보산동, 상봉암동, 생연동, 하봉암동",3077,569,360,100,862,383,39,764
경기북부경찰청,동두천,광암,광암파출소,파출소,경기도 동두천시 광암로 10,경기도,동두천시,37.9056148979391,127.100153590542,"걸산동, 광암동, 탑동동",3077,569,360,100,862,383,39,764
경기북부경찰청,동두천,소요,소요파출소,파출소,경기도 동두천시 평화로 2695,경기도,동두천시,37.9035986489851,127.060440729219,,3077,569,360,100,862,383,39,764
경기북부경찰청,구리,교문,교문지구대,지구대,경기도 구리시 안골로 40,경기도,구리시,37.6011550888302,127.127773819015,교문동,5387,714,572,149,1447,952,48,1505
경기북부경찰청,구리,인창,인창지구대,지구대,경기도 구리시 건원대로34번길 31,경기도,구리시,37.6053796571648,127.133624687411,인창동,5387,714,572,149,1447,952,48,1505
경기북부경찰청,구리,토평,토평지구대,지구대,경기도 구리시 체육관로74번길 55,경기도,구리시,37.5825944751508,127.152241676825,"아천동, 토평동",5387,714,572,149,1447,952,48,1505
경기북부경찰청,구리,갈매,갈매지구대,지구대,경기도 구리시 갈매순환로 112,경기도,구리시,37.6348963795759,127.116243895002,"갈매동, 사노동",5387,714,572,149,1447,952,48,1505
경기북부경찰청,구리,수택,수택파출소,파출소,경기도 구리시 검배로71번길 12-5,경기도,구리시,37.5965169131568,127.149171916297,수택동,5387,714,572,149,1447,952,48,1505
경기북부경찰청,포천,소흘,소흘지구대,지구대,경기도 포천시 소흘읍 태봉로 144번길,경기도,포천시,37.8233192010336,127.138600788633,소흘읍,4987,724,411,110,1328,915,83,1416
경기북부경찰청,포천,포천,포천파출소,파출소,경기도 포천시 원모루로1길 32,경기도,포천시,37.8949928340087,127.200332890652,"신읍동, 어룡동",4987,724,411,110,1328,915,83,1416
경기북부경찰청,포천,군내,군내파출소,파출소,경기도 포천시 군내면 청군로 3280,경기도,포천시,37.8890227837265,127.217800979652,군내면,4987,724,411,110,1328,915,83,1416
경기북부경찰청,포천,선단,선단파출소,파출소,경기도 포천시 송선로 279,경기도,포천시,37.8541346428759,127.159166102123,"동교동, 선단동, 설운동, 자작동",4987,724,411,110,1328,915,83,1416
경기북부경찰청,포천,창수,창수파출소,파출소,경기도 포천시 창수면 메치골로 174,경기도,포천시,37.9917323799477,127.189116048569,창수면,4987,724,411,110,1328,915,83,1416
경기북부경찰청,포천,내촌,내촌파출소,파출소,경기도 포천시 내촌면 내촌로 62,경기도,포천시,37.7862179992257,127.228615198246,내촌면,4987,724,411,110,1328,915,83,1416
경기북부경찰청,포천,일동,일동파출소,파출소,경기도 포천시 일동면 화동로 1023,경기도,포천시,37.961275785629,127.317109699824,일동면,4987,724,411,110,1328,915,83,1416
경기북부경찰청,포천,관인,관인파출소,파출소,경기도 포천시 관인면 관인로 15,경기도,포천시,38.1577991234707,127.251198061906,관인면,4987,724,411,110,1328,915,83,1416
경기북부경찰청,포천,신북,신북파출소,파출소,경기도 포천시 호국로 2059,경기도,포천시,37.9339384363111,127.226332807245,신북면,4987,724,411,110,1328,915,83,1416
경기북부경찰청,포천,가산,가산파출소,파출소,경기도 포천시 가산면 가산로309번길 13,경기도,포천시,37.8486887449825,127.186545889806,가산면,4987,724,411,110,1328,915,83,1416
경기북부경찰청,포천,화현,화현파출소,파출소,경기도 포천시 화현면 화동로 327,경기도,포천시,37.9011714575415,127.288076354336,화현면,4987,724,411,110,1328,915,83,1416
경기북부경찰청,포천,이동,이동파출소,파출소,경기도 포천시 이동면 화동로 2078,경기도,포천시,38.0306695650759,127.367579322942,이동면,4987,724,411,110,1328,915,83,1416
경기북부경찰청,포천,영북,영북파출소,파출소,경기도 포천시 영북면 운천로 4,경기도,포천시,38.0891350316765,127.275521116391,영북면,4987,724,411,110,1328,915,83,1416
경기북부경찰청,포천,영중,영중파출소,파출소,경기도 포천시 영중면 양문로 109,경기도,포천시,38.0055608827229,127.245148658335,영중면,4987,724,411,110,1328,915,83,1416
경기북부경찰청,가평,조종,조종파출소,파출소,경기도 가평군 조종면 현창로 43,경기도,가평군,37.8175158053298,127.353241002492,조종면,2314,308,139,51,757,342,15,702
경기북부경찰청,가평,상면,상면파출소,파출소,경기도 가평군 상면 청군로 1101,경기도,가평군,37.80471517536,127.356786438653,상면,2314,308,139,51,757,342,15,702
경기북부경찰청,가평,청평,청평파출소,파출소,경기도 가평군 청평면 청평중앙로 33,경기도,가평군,37.7404626327354,127.424141651948,청평면,2314,308,139,51,757,342,15,702
경기북부경찰청,가평,읍내,읍내파출소,파출소,경기도 가평군 가평읍 가화로 38,경기도,가평군,37.8253637998687,127.51653874145,가평읍,2314,308,139,51,757,342,15,702
경기북부경찰청,가평,북면,북면파출소,파출소,경기도 가평군 북면 화악산로 6,경기도,가평군,37.8881266033117,127.549275493771,북면,2314,308,139,51,757,342,15,702
경기북부경찰청,가평,설악,설악파출소,파출소,경기도 가평군 설악면 신천중앙로 115,경기도,가평군,37.6762190394324,127.494704548432,설악면,2314,308,139,51,757,342,15,702
경기북부경찰청,연천,전곡,전곡파출소,파출소,경기도 연천군 전곡읍 전곡읍 선사로 410,경기도,연천군,38.0280339296486,127.063864039262,"전곡읍, 청산면",1520,279,131,24,401,164,32,489
경기북부경찰청,연천,청산,청산파출소,파출소,경기도 연천군 연천읍 평화로 229,경기도,연천군,38.1039237861872,127.075938017759,연천읍,1520,279,131,24,401,164,32,489
경기북부경찰청,연천,연천,연천파출소,파출소,경기도 연천군 연천읍 문화로 67-1,경기도,연천군,38.1039237861872,127.075938017759,,1520,279,131,24,401,164,32,489
경기북부경찰청,연천,신서,신서파출소,파출소,경기도 연천군 신서면 연신로 1153,경기도,연천군,38.1829667805064,127.107037931125,신서면,1520,279,131,24,401,164,32,489
경기북부경찰청,연천,백학,백학파출소,파출소,경기도 연천군 백학면 청정로 532-1,경기도,연천군,38.0297127942562,126.917969879355,"백학면, 장남면",1520,279,131,24,401,164,32,489
경기북부경찰청,연천,왕징,왕징파출소,파출소,경기도 연천군 왕징면 왕산로28번길 3,경기도,연천군,38.0585702378646,127.012811841568,"미산면, 왕징면",1520,279,131,24,401,164,32,489
경기북부경찰청,연천,군남,군남파출소,파출소,경기도 연천군 군남면 군남로 413-6,경기도,연천군,38.0851969328493,127.019081108902,"군남면, 중면",1520,279,131,24,401,164,32,489
강원특별자치도경찰청,춘천,중부,중부지구대,지구대,강원도 춘천시 서부대성로 168(효자동603),강원특별자치도,춘천시,37.8812440340088,127.730207024668,"교동, 근화동, 낙원동, 봉의동, 삼천동, 석사동, 소양로3가, 소양로4가",8662,1164,817,208,2482,1612,127,2252
강원특별자치도경찰청,춘천,후평,후평지구대,지구대,강원도 춘천시 춘천로 325,강원특별자치도,춘천시,37.8859843079633,127.745509020396,"동내면, 후평동",8662,1164,817,208,2482,1612,127,2252
강원특별자치도경찰청,춘천,서부,서부지구대,지구대,강원도 춘천시 영서로 2414,강원특별자치도,춘천시,37.8812440340088,127.730207024668,,8662,1164,817,208,2482,1612,127,2252
강원특별자치도경찰청,춘천,남부,남부지구대,지구대,강원도 춘천시 우석로4번길 21 남부지구대,강원특별자치도,춘천시,37.8812440340088,127.730207024668,,8662,1164,817,208,2482,1612,127,2252
강원특별자치도경찰청,춘천,소양로,소양로지구대,지구대,강원도 춘천시 공지로 571-1,강원특별자치도,춘천시,37.89217317767,127.730355891737,"사농동, 소양로1가, 소양로2가, 옥천동, 우두동, 중도동",8662,1164,817,208,2482,1612,127,2252
강원특별자치도경찰청,춘천,남산,남산파출소,파출소,강원도 춘천시 남산면 한치로 77,강원특별자치도,춘천시,37.79186457822,127.646194579037,"남면, 남산면, 동산면, 신동면",8662,1164,817,208,2482,1612,127,2252
강원특별자치도경찰청,춘천,서면,서면파출소,파출소,강원도 춘천시 서면 박사로 1277서면파출소,강원특별자치도,춘천시,37.8986923448081,127.692791905635,서면,8662,1164,817,208,2482,1612,127,2252
강원특별자치도경찰청,춘천,사북,사북파출소,파출소,강원도 춘천시 사북면 영서로 4715 사북파출소,강원특별자치도,춘천시,38.0298510072252,127.640812477483,사북면,8662,1164,817,208,2482,1612,127,2252
강원특별자치도경찰청,춘천,신북,신북파출소,파출소,강원도 춘천시 신북읍 율문길 79,강원특별자치도,춘천시,37.9259016421481,127.746212145455,"동면, 북산면, 신동, 신북읍",8662,1164,817,208,2482,1612,127,2252
강원특별자치도경찰청,춘천,신사우,신사우파출소,파출소,강원도 춘천시 영서로2771번길 2,강원특별자치도,춘천시,37.8812440340088,127.730207024668,,8662,1164,817,208,2482,1612,127,2252
강원특별자치도경찰청,강릉,중부,중부지구대,지구대,강원도 강릉시 용지로 172 중부지구대,강원특별자치도,강릉시,37.7521080804166,128.875906144832,"강문동, 교동, 구정면, 금학동, 난곡동, 남문동, 내곡동, 노암동",6252,1217,649,141,1678,1104,99,1364
강원특별자치도경찰청,강릉,동부,동부지구대,지구대,강원도 강릉시 경강로 2439 동부지구대,강원특별자치도,강릉시,37.7521080804166,128.875906144832,,6252,1217,649,141,1678,1104,99,1364
강원특별자치도경찰청,강릉,남부,남부지구대,지구대,강원도 강릉시 임영로 74,강원특별자치도,강릉시,37.7521080804166,128.875906144832,,6252,1217,649,141,1678,1104,99,1364
강원특별자치도경찰청,강릉,북부,북부지구대,지구대,강원도 강릉시 주문진읍 주문로 130,강원특별자치도,강릉시,37.8940002352018,128.823428734257,"사천면, 연곡면, 주문진읍",6252,1217,649,141,1678,1104,99,1364
강원특별자치도경찰청,강릉,서부,서부지구대,지구대,강원도 강릉시 하슬라로 223,강원특별자치도,강릉시,37.7521080804166,128.875906144832,,6252,1217,649,141,1678,1104,99,1364
강원특별자치도경찰청,강릉,강동,강동파출소,파출소,강원도 강릉시 강동면 와천로468-4,강원특별자치도,강릉시,37.7280943167596,128.954226402687,"강동면, 견소동, 남항진동, 두산동, 박월동, 병산동, 신석동, 운산동",6252,1217,649,141,1678,1104,99,1364
강원특별자치도경찰청,강릉,옥계,옥계파출소,파출소,강원도 강릉시 옥계면 현내시장길 26,강원특별자치도,강릉시,37.6126632423952,129.0379307125,옥계면,6252,1217,649,141,1678,1104,99,1364
강원특별자치도경찰청,원주,단관,단관지구대,지구대,강원도 원주시 강변로 263,강원특별자치도,원주시,37.3420475880603,127.92009712318,무실동,11427,1502,1125,270,3381,2075,159,2915
강원특별자치도경찰청,원주,북원,북원지구대,지구대,강원도 원주시 우산공단길 9-1,강원특별자치도,원주시,37.3420475880603,127.92009712318,,11427,1502,1125,270,3381,2075,159,2915
강원특별자치도경찰청,원주,단계,단계지구대,지구대,강원도 원주시 북원로 2317,강원특별자치도,원주시,37.3526208294387,127.934460599066,"가현동, 단계동, 우산동, 일산동, 호저면",11427,1502,1125,270,3381,2075,159,2915
강원특별자치도경찰청,원주,봉산,봉산지구대,지구대,강원도 원주시 현충로 107-8,강원특별자치도,원주시,37.3475502651583,127.956969044707,"개운동, 관설동, 단구동, 명륜동, 반곡동, 봉산동, 소초면, 인동",11427,1502,1125,270,3381,2075,159,2915
강원특별자치도경찰청,원주,흥업,흥업지구대,지구대,강원도 원주시 흥업면 남원로 43,강원특별자치도,원주시,37.3025500299789,127.921181194086,"신림면, 판부면, 흥업면",11427,1502,1125,270,3381,2075,159,2915
강원특별자치도경찰청,원주,중앙,중앙지구대,지구대,강원도 원주시 평원로 160(학성동),강원특별자치도,원주시,37.349427638169,127.950749503169,"원동, 중앙동, 태장동, 평원동, 학성동",11427,1502,1125,270,3381,2075,159,2915
강원특별자치도경찰청,원주,문막,문막파출소,파출소,강원도 원주시 문막읍 건등로 3,강원특별자치도,원주시,37.3126265706475,127.817203298785,문막읍,11427,1502,1125,270,3381,2075,159,2915
강원특별자치도경찰청,원주,부론,부론파출소,파출소,강원도 원주시 부론면 법천시장길 33,강원특별자치도,원주시,37.2076020452335,127.750494148523,"귀래면, 부론면",11427,1502,1125,270,3381,2075,159,2915
강원특별자치도경찰청,원주,지정,지정지구대,지구대,강원도 원주시 지정면 가곡로 63,강원특별자치도,원주시,37.3621506214659,127.840189486855,지정면,11427,1502,1125,270,3381,2075,159,2915
강원특별자치도경찰청,원주,치악,치악지구대,지구대,강원도 원주시 양지로 90,강원특별자치도,원주시,37.3420475880603,127.92009712318,,11427,1502,1125,270,3381,2075,159,2915
강원특별자치도경찰청,동해,묵호,묵호지구대,지구대,강원도 동해시 발한로 241,강원특별자치도,동해시,37.5554190545791,129.114985060673,"괴란동, 대진동, 만우동, 망상동, 묵호진동, 발한동, 심곡동, 어달동",1966,427,188,41,482,320,26,482
강원특별자치도경찰청,동해,천곡,천곡지구대,지구대,강원도 동해시 천곡로 16,강원특별자치도,동해시,37.5228778892403,129.11614682624,"용정동, 천곡동",1966,427,188,41,482,320,26,482
강원특별자치도경찰청,동해,북삼,북삼지구대,지구대,강원도 동해시 효자남길 33-8,강원특별자치도,동해시,37.5247415047848,129.114299292997,"달방동, 부곡동, 비천동, 신흥동, 이로동, 지흥동, 평릉동",1966,427,188,41,482,320,26,482
강원특별자치도경찰청,동해,북평,북평파출소,파출소,강원도 동해시 대동로 132,강원특별자치도,동해시,37.4838308233258,129.125223115385,"구미동, 구호동, 귀운동, 나안동, 내동, 단봉동, 대구동, 동회동",1966,427,188,41,482,320,26,482
강원특별자치도경찰청,태백,황지,황지지구대,지구대,강원도 태백시 황지로 94(황지지구대),강원특별자치도,태백시,37.1708021030501,128.991626609858,"상사미동, 원동, 적각동, 조탄동, 창죽동, 통동, 하사미동, 화전동",1062,159,120,17,282,264,14,206
강원특별자치도경찰청,태백,장성,장성파출소,파출소,강원도 태백시 장성로 28(장성동),강원특별자치도,태백시,37.1004961250347,129.008211711815,"문곡동, 장성동",1062,159,120,17,282,264,14,206
강원특별자치도경찰청,태백,소도,소도파출소,파출소,강원도 태백시 버들치길 태백시 버들치길 51,강원특별자치도,태백시,37.12258117504,128.950273412652,"금천동, 소도동, 혈동",1062,159,120,17,282,264,14,206
강원특별자치도경찰청,태백,철암,철암파출소,파출소,강원도 태백시 상철암길 28-6 태백경찰서 철암파출소,강원특별자치도,태백시,37.1172794336388,129.03979919636,"동점동, 백산동, 철암동",1062,159,120,17,282,264,14,206
강원특별자치도경찰청,태백,통리,통리파출소,파출소,강원도 태백시 통리1길 112,강원특별자치도,태백시,37.1640074201872,128.985725257053,,1062,159,120,17,282,264,14,206
강원특별자치도경찰청,속초,영랑,영랑지구대,지구대,강원도 속초시 중앙로 22-9,강원특별자치도,속초시,38.2144249748223,128.594605409442,"동명동, 영랑동",3246,557,264,65,921,525,194,720
강원특별자치도경찰청,속초,양양,양양지구대,지구대,강원도 양양군 양양읍 남문로 35,강원특별자치도,양양군,38.0806715229104,128.624012188104,"손양면, 양양읍",884,186,76,30,132,250,5,205
강원특별자치도경찰청,속초,청초,청초지구대,지구대,강원도 속초시 동해대로 4100,강원특별자치도,속초시,38.2068943352589,128.591938589225,"교동, 금호동, 노학동, 대포동, 도문동, 설악동, 장사동, 조양동",3246,557,264,65,921,525,194,720
강원특별자치도경찰청,속초,현남,현남파출소,파출소,강원도 양양군 현남면 인구중앙길 51 현남파출소,강원특별자치도,양양군,37.9692314024162,128.759480350042,현남면,884,186,76,30,132,250,5,205
강원특별자치도경찰청,속초,현북,현북파출소,파출소,강원도 양양군 현북면 하조대1길 하조대 1길 57,강원특별자치도,양양군,38.0190056461471,128.723115872388,현북면,884,186,76,30,132,250,5,205
강원특별자치도경찰청,속초,강현,강현파출소,파출소,강원도 양양군 강현면 동해대로 3485-39 강현파출소,강원특별자치도,양양군,38.1499826978445,128.607652116524,강현면,884,186,76,30,132,250,5,205
강원특별자치도경찰청,속초,서면,서면파출소,파출소,강원도 양양군 서면 물윗구미길 9,강원특별자치도,양양군,38.0715261451946,128.585234510802,서면,884,186,76,30,132,250,5,205
강원특별자치도경찰청,삼척,하장,하장파출소,파출소,강원도 삼척시 하장면 하장길 74,강원특별자치도,삼척시,37.3494432358968,128.943070012541,하장면,1607,299,167,41,480,264,26,330
강원특별자치도경찰청,삼척,원덕,원덕파출소,파출소,강원도 삼척시 원덕읍 삼척로 418,강원특별자치도,삼척시,37.1764582197474,129.335722746326,"가곡면, 원덕읍",1607,299,167,41,480,264,26,330
강원특별자치도경찰청,삼척,임원,임원파출소,파출소,강원도 삼척시 원덕읍 삼척로 1214,강원특별자치도,삼척시,37.1764582197474,129.335722746326,,1607,299,167,41,480,264,26,330
강원특별자치도경찰청,삼척,근덕,근덕파출소,파출소,강원도 삼척시 근덕면 삼척로 3655 근덕파출소,강원특별자치도,삼척시,37.3792784455866,129.225825562476,"근덕면, 노곡면",1607,299,167,41,480,264,26,330
강원특별자치도경찰청,삼척,미로,미로파출소,파출소,강원도 삼척시 미로면 강원남부로 4033,강원특별자치도,삼척시,37.4175474159006,129.112496085652,"근산동, 도경동, 마평동, 미로면, 신기면, 조비동",1607,299,167,41,480,264,26,330
강원특별자치도경찰청,삼척,도계,도계파출소,파출소,강원도 삼척시 도계읍 도계로 262 도계파출소,강원특별자치도,삼척시,37.2364370242543,129.045174522503,도계읍,1607,299,167,41,480,264,26,330
강원특별자치도경찰청,삼척,성내,성내파출소,파출소,강원도 삼척시 진주로 30 성내파출소,강원특별자치도,삼척시,37.4420248647449,129.161337101097,"건지동, 남양동, 등봉동, 사직동, 성남동, 성내동, 성북동, 오분동",1607,299,167,41,480,264,26,330
강원특별자치도경찰청,삼척,정라,정라지구대,지구대,강원도 삼척시 새천년도로 40,강원특별자치도,삼척시,37.4498976007987,129.165111673939,"갈천동, 교동, 당저동, 마달동, 우지동, 정하동, 증산동",1607,299,167,41,480,264,26,330
강원특별자치도경찰청,영월,영월,영월지구대,지구대,강원도 영월군 영월읍 중앙로 77,강원특별자치도,영월군,37.1874352109426,128.466067893114,"북면, 영월읍",985,162,68,25,259,209,19,243
강원특별자치도경찰청,영월,남면,남면파출소,파출소,강원도 영월군 남면 영월로 815 남면파출소,강원특별자치도,영월군,37.1865451028244,128.404493044827,남면,985,162,68,25,259,209,19,243
강원특별자치도경찰청,영월,주천,주천파출소,파출소,강원도 영월군 주천면 주천로 75,강원특별자치도,영월군,37.2721876092467,128.268910017243,"무릉도원면, 주천면",985,162,68,25,259,209,19,243
강원특별자치도경찰청,영월,한반도,한반도파출소,파출소,강원도 영월군 한반도면 신천길 20-4,강원특별자치도,영월군,37.2367970270268,128.328378893623,한반도면,985,162,68,25,259,209,19,243
강원특별자치도경찰청,영월,산솔,산솔파출소,파출소,강원도 영월군 중동면 태백산로 1198,강원특별자치도,영월군,37.1452872087528,128.680530612342,"상동읍, 중동면",985,162,68,25,259,209,19,243
강원특별자치도경찰청,영월,김삿갓,김삿갓파출소,파출소,강원도 영월군 김삿갓면 영월동로 1676,강원특별자치도,영월군,37.1257342999483,128.569776474929,김삿갓면,985,162,68,25,259,209,19,243
강원특별자치도경찰청,정선,남면,남면파출소,파출소,강원도 정선군 남면 칠현로 45,강원특별자치도,정선군,37.2687852101236,128.740624296233,남면,1271,190,208,28,289,229,29,298
강원특별자치도경찰청,정선,신동,신동파출소,파출소,강원도 정선군 신동읍 의림로 321,강원특별자치도,정선군,37.2182019484646,128.671426990821,신동읍,1271,190,208,28,289,229,29,298
강원특별자치도경찰청,정선,화암,화암파출소,파출소,강원도 정선군 화암면 그림바위길 68 화암파출소,강원특별자치도,정선군,37.3401268285408,128.787787615915,화암면,1271,190,208,28,289,229,29,298
강원특별자치도경찰청,정선,임계,임계파출소,파출소,강원도 정선군 임계면 서동로 4559,강원특별자치도,정선군,37.494815207752,128.852109625414,임계면,1271,190,208,28,289,229,29,298
강원특별자치도경찰청,정선,사북,사북파출소,파출소,강원도 정선군 사북읍 사북중앙로 49 정선경찰서 사북파출소,강원특별자치도,정선군,37.2277245267355,128.821814063946,사북읍,1271,190,208,28,289,229,29,298
강원특별자치도경찰청,정선,고한,고한파출소,파출소,강원도 정선군 고한읍 고한2길 5,강원특별자치도,정선군,37.2042701836773,128.851646873505,고한읍,1271,190,208,28,289,229,29,298
강원특별자치도경찰청,정선,여량,여량파출소,파출소,강원도 정선군 여량면 서동로 2921 정선경찰서 여량파출소,강원특별자치도,정선군,37.4705930257601,128.720513330877,"북평면, 여량면",1271,190,208,28,289,229,29,298
강원특별자치도경찰청,정선,정선,정선파출소,파출소,강원도 정선군 정선읍 봉양7길 36,강원특별자치도,정선군,37.3797685014929,128.661694256573,정선읍,1271,190,208,28,289,229,29,298
강원특별자치도경찰청,홍천,희망,희망지구대,지구대,강원도 홍천군 홍천읍 진리로 31,강원특별자치도,홍천군,37.6894340480201,127.884306327398,"동면, 북방면, 홍천읍",1911,290,177,47,500,384,16,497
강원특별자치도경찰청,홍천,내면,내면파출소,파출소,강원도 홍천군 내면 창촌로 65,강원특별자치도,홍천군,37.7738110961815,128.38973464667,내면,1911,290,177,47,500,384,16,497
강원특별자치도경찰청,홍천,서석,서석파출소,파출소,강원도 홍천군 서석면 구룡령로 2517,강원특별자치도,홍천군,37.7135989561087,128.186179030634,서석면,1911,290,177,47,500,384,16,497
강원특별자치도경찰청,홍천,서면,서면파출소,파출소,강원도 홍천군 서면 팔봉산로 555,강원특별자치도,홍천군,37.6886020972664,127.664112988338,서면,1911,290,177,47,500,384,16,497
강원특별자치도경찰청,홍천,남면,남면파출소,파출소,강원도 홍천군 남면 양덕원로 86,강원특별자치도,홍천군,37.6181382799494,127.767636102516,남면,1911,290,177,47,500,384,16,497
강원특별자치도경찰청,홍천,화촌,화촌파출소,파출소,강원도 홍천군 화촌면 성산로 149,강원특별자치도,홍천군,37.7710054077675,127.966895174076,화촌면,1911,290,177,47,500,384,16,497
강원특별자치도경찰청,홍천,두촌,두촌파출소,파출소,강원도 홍천군 두촌면 자은로 353,강원특별자치도,홍천군,37.8686986720293,128.018956858672,두촌면,1911,290,177,47,500,384,16,497
강원특별자치도경찰청,홍천,내촌,내촌파출소,파출소,강원도 홍천군 내촌면 내촌길 29,강원특별자치도,홍천군,37.8163511562054,128.08674873701,내촌면,1911,290,177,47,500,384,16,497
강원특별자치도경찰청,평창,평창,평창지구대,지구대,강원도 평창군 평창읍 노람들길 67,강원특별자치도,평창군,37.3689004866893,128.397225191078,"미탄면, 방림면, 평창읍",1184,176,82,24,287,330,15,270
강원특별자치도경찰청,평창,중부,중부지구대,지구대,강원도 평창군 봉평면 평온길 2,강원특별자치도,평창군,37.616192979316,128.379492494281,"봉평면, 용평면",1184,176,82,24,287,330,15,270
강원특별자치도경찰청,평창,대화,대화파출소,파출소,강원도 평창군 대화면 대화중앙로 112,강원특별자치도,평창군,37.5009465792775,128.458050807458,대화면,1184,176,82,24,287,330,15,270
강원특별자치도경찰청,평창,진부,진부파출소,파출소,강원도 평창군 진부면 청송로 103,강원특별자치도,평창군,37.6373898432808,128.553137969179,진부면,1184,176,82,24,287,330,15,270
강원특별자치도경찰청,평창,대관령,대관령파출소,파출소,강원도 평창군 대관령면 대관령로 대관령로 95,강원특별자치도,평창군,37.6736318231785,128.706141784901,대관령면,1184,176,82,24,287,330,15,270
강원특별자치도경찰청,횡성,횡성,횡성지구대,지구대,강원도 횡성군 횡성읍 횡성로 389,강원특별자치도,횡성군,37.4923616641076,127.992604693778,"공근면, 횡성읍",1109,139,102,21,279,277,10,281
강원특별자치도경찰청,횡성,둔내,둔내파출소,파출소,강원도 횡성군 둔내면 둔내로 33,강원특별자치도,횡성군,37.5122165122342,128.218832889124,둔내면,1109,139,102,21,279,277,10,281
강원특별자치도경찰청,횡성,우천,우천파출소,파출소,강원도 횡성군 우천면 수남로 390,강원특별자치도,횡성군,37.4594058323666,128.06243796948,우천면,1109,139,102,21,279,277,10,281
강원특별자치도경찰청,횡성,안흥,안흥파출소,파출소,강원도 횡성군 안흥면 안흥로 41,강원특별자치도,횡성군,37.4125128396149,128.156049802743,"강림면, 안흥면",1109,139,102,21,279,277,10,281
강원특별자치도경찰청,횡성,청일,청일파출소,파출소,강원도 횡성군 청일면 청정로 825,강원특별자치도,횡성군,37.5837464013969,128.150414957403,"갑천면, 청일면",1109,139,102,21,279,277,10,281
강원특별자치도경찰청,횡성,서원,서원파출소,파출소,강원도 횡성군 서원면 서원로 143,강원특별자치도,횡성군,37.4870801187574,127.850550659118,서원면,1109,139,102,21,279,277,10,281
강원특별자치도경찰청,고성,간성,간성파출소,파출소,강원도 고성군 간성읍 간성로 104,강원특별자치도,고성군,38.378385446955,128.466860444803,간성읍,806,139,83,16,193,180,10,185
강원특별자치도경찰청,고성,토성,토성파출소,파출소,강원도 고성군 토성면 토성로 165,강원특별자치도,고성군,38.25728969799,128.558906495609,토성면,806,139,83,16,193,180,10,185
강원특별자치도경찰청,고성,죽왕,죽왕파출소,파출소,강원도 고성군 죽왕면 심층수길 15,강원특별자치도,고성군,38.3287671808077,128.525183134918,죽왕면,806,139,83,16,193,180,10,185
강원특별자치도경찰청,고성,금강,금강파출소,파출소,강원도 고성군 거진읍 거진길 67,강원특별자치도,고성군,38.436139156222,128.452553768285,"거진읍, 현내면",806,139,83,16,193,180,10,185
강원특별자치도경찰청,인제,상동,상동파출소,파출소,강원도 인제군 인제읍 인제로 178번길 52-6,강원특별자치도,인제군,38.0703902211483,128.172217558963,인제읍,817,92,47,18,296,167,12,185
강원특별자치도경찰청,인제,남면,남면파출소,파출소,강원도 인제군 남면 신남로 49 남면파출소,강원특별자치도,인제군,37.9658826579341,128.083327738808,남면,817,92,47,18,296,167,12,185
강원특별자치도경찰청,인제,기린,기린파출소,파출소,강원도 인제군 기린면 기린로 32,강원특별자치도,인제군,37.9556038449984,128.319189529764,"기린면, 상남면",817,92,47,18,296,167,12,185
강원특별자치도경찰청,인제,북면,북면파출소,파출소,강원도 인제군 북면 원통로 278 북면파출소,강원특별자치도,인제군,38.1246704618063,128.204172526138,북면,817,92,47,18,296,167,12,185
강원특별자치도경찰청,인제,서화,서화파출소,파출소,강원도 인제군 서화면 천도로81번길 28,강원특별자치도,인제군,38.2183546450299,128.208496724551,서화면,817,92,47,18,296,167,12,185
강원특별자치도경찰청,철원,동송,동송지구대,지구대,강원도 철원군 동송읍 금학로 169-8 동송지구대,강원특별자치도,철원군,38.2072489889199,127.208168668052,"동송읍, 철원읍",1172,153,83,31,457,160,12,276
강원특별자치도경찰청,철원,갈말,갈말파출소,파출소,강원도 철원군 갈말읍 명성로174번길 51,강원특별자치도,철원군,38.1477243520664,127.30830034891,갈말읍,1172,153,83,31,457,160,12,276
강원특별자치도경찰청,철원,김화,김화파출소,파출소,강원도 철원군 서면 와수로 232 김화파출소,강원특별자치도,철원군,38.1646509515924,127.415710898265,"근남면, 근북면, 김화읍, 서면",1172,153,83,31,457,160,12,276
강원특별자치도경찰청,화천,간동,간동파출소,파출소,강원도 화천군 간동면 파로호로 1144 간동파출소,강원특별자치도,화천군,38.0552638648249,127.790017389636,간동면,611,101,42,22,175,82,22,167
강원특별자치도경찰청,화천,상서,상서파출소,파출소,강원도 화천군 상서면 다파로 1625 상서파출소,강원특별자치도,화천군,38.1578310622546,127.654248763255,상서면,611,101,42,22,175,82,22,167
강원특별자치도경찰청,화천,하리,하리파출소,파출소,강원도 화천군 화천읍 중앙로6길 40 하리파출소,강원특별자치도,화천군,38.1042562811836,127.707178844679,화천읍,611,101,42,22,175,82,22,167
강원특별자치도경찰청,화천,하남,하남파출소,파출소,강원도 화천군 하남면 원천새싹길 8 하남파출소,강원특별자치도,화천군,38.0576735877991,127.668191116312,하남면,611,101,42,22,175,82,22,167
강원특별자치도경찰청,화천,사내,사내파출소,파출소,강원도 화천군 사내면 포화로 1156 사내파출소,강원특별자치도,화천군,38.0701588123932,127.523433810035,사내면,611,101,42,22,175,82,22,167
강원특별자치도경찰청,양구,상리,상리파출소,파출소,강원도 양구군 양구읍 택지길 74-45,강원특별자치도,양구군,38.1080405251364,127.990430398263,"남면, 양구읍",495,100,59,16,111,96,7,106
강원특별자치도경찰청,양구,국토정중앙,국토정중앙파출소,파출소,강원도 양구군 국토정중앙면 삼팔선로 10-3,강원특별자치도,양구군,38.1100012808233,127.989950629015,,495,100,59,16,111,96,7,106
강원특별자치도경찰청,양구,동면,동면파출소,파출소,강원도 양구군 동면 금강산로 1685,강원특별자치도,양구군,38.2023166396045,128.04349997028,동면,495,100,59,16,111,96,7,106
강원특별자치도경찰청,양구,방산,방산파출소,파출소,강원도 양구군 방산면 평화로 5192,강원특별자치도,양구군,38.2090611880057,127.949389080443,방산면,495,100,59,16,111,96,7,106
강원특별자치도경찰청,양구,해안,해안파출소,파출소,강원도 양구군 해안면 펀치볼로 1313,강원특별자치도,양구군,38.285168489013,128.137124728997,해안면,495,100,59,16,111,96,7,106
충청북도경찰청,청주흥덕,복대,복대지구대,지구대,충청북도 청주시 흥덕구 진재로 16 복대지구대,충청북도,청주시,36.6355252082054,127.432591426228,"가경동, 내곡동, 복대동, 상신동, 신성동, 외북동, 지동동, 향정동",25294,3153,3788,608,7400,4232,251,5862
충청북도경찰청,청주흥덕,강서,강서지구대,지구대,충청북도 청주시 흥덕구 가로수로 1158,충청북도,청주시,36.618784574344,127.418806045484,"죽림동, 강서동, 비하동, 석곡동, 신전동, 현암동, 휴암동",25294,3153,3788,608,7400,4232,251,5862
충청북도경찰청,청주흥덕,봉명,봉명지구대,지구대,충청북도 청주시 흥덕구 송절로 64번길 13,충청북도,청주시,36.6402085390698,127.459270830959,"문암동, 봉명동, 송절동, 송정동, 신봉동, 운천동, 원평동, 화계동",25294,3153,3788,608,7400,4232,251,5862
충청북도경찰청,청주흥덕,옥산,옥산파출소,파출소,충청북도 청주시 흥덕구 옥산면 청주역로 662 옥산파출소,충청북도,청주시,36.6646446839882,127.37563237499,"남촌동, 서촌동, 신대동, 신촌동, 옥산면, 평동",25294,3153,3788,608,7400,4232,251,5862
충청북도경찰청,청주흥덕,강내,강내파출소,파출소,충청북도 청주시 흥덕구 강내면 가로수로 566 강내파출소,충청북도,청주시,36.6211438568937,127.357346689619,"강내면, 동막동, 오송읍",25294,3153,3788,608,7400,4232,251,5862
충청북도경찰청,청주흥덕,남이,남이파출소,파출소,충청북도 청주시 서원구 남이면 청남로 1205 남이파출소,충청북도,청주시,36.5606155089859,127.433603246901,남이면,25294,3153,3788,608,7400,4232,251,5862
충청북도경찰청,청주흥덕,현도,현도파출소,파출소,충청북도 청주시 서원구 현도면 청남로 358 현도파출소,충청북도,청주시,36.4865390809859,127.424168477052,현도면,25294,3153,3788,608,7400,4232,251,5862
충청북도경찰청,청주상당,용암,용암지구대,지구대,충청북도 청주시 상당구 용암북로160번길 7 용암지구대,충청북도,청주시,36.6127305001127,127.508290728125,"금천동, 대성동, 방서동, 서운동, 영운동, 용암동, 용정동, 운동동",25294,3153,3788,608,7400,4232,251,5862
충청북도경찰청,청주상당,분평,분평지구대,지구대,충청북도 청주시 서원구 분평로 37 분평지구대,충청북도,청주시,36.608704935654,127.489177878304,"남문로1가, 남문로2가, 석교동, 미평동, 분평동, 산남동, 수곡동, 장성동",25294,3153,3788,608,7400,4232,251,5862
충청북도경찰청,청주상당,성안,성안지구대,지구대,충청북도 청주시 상당구 상당로 94 성안지구대,충청북도,청주시,36.6289628005612,127.375861626467,"석소동, 수의동, 정봉동",25294,3153,3788,608,7400,4232,251,5862
충청북도경찰청,청주상당,미원,미원파출소,파출소,충청북도 청주시 상당구 미원면 미원시내2길 43,충청북도,청주시,36.6361416709535,127.658483553921,"낭성면, 미원면",25294,3153,3788,608,7400,4232,251,5862
충청북도경찰청,청주상당,남일,남일파출소,파출소,충청북도 청주시 상당구 남일면 단재로 657,충청북도,청주시,36.5869343503805,127.50963228305,"가덕면, 남일면, 지북동, 평촌동, 장암동",25294,3153,3788,608,7400,4232,251,5862
충청북도경찰청,청주상당,문의,문의파출소,파출소,충청북도 청주시 상당구 문의면 문의시내로 1,충청북도,청주시,36.5178087023443,127.496192347238,문의면,25294,3153,3788,608,7400,4232,251,5862
충청북도경찰청,청주상당,가덕,가덕파출소,파출소,충청북도 청주시 상당구 남일면 보청대로 4761,충청북도,청주시,36.5869343503805,127.50963228305,,25294,3153,3788,608,7400,4232,251,5862
충청북도경찰청,청주청원,내덕,내덕지구대,지구대,충청북도 청주시 청원구 중앙로 202 내덕지구대,충청북도,청주시,36.6576793886822,127.4944355377,"문화동, 북문로1가, 북문로2가, 북문로3가, 수동, 영동, 용담동, 내덕동",25294,3153,3788,608,7400,4232,251,5862
충청북도경찰청,청주청원,사창,사창지구대,지구대,충청북도 청주시 서원구 1순환로 690 사창지구대,충청북도,청주시,36.6335884688602,127.458900583359,"남주동, 서문동, 개신동, 모충동, 사직동, 사창동, 성화동",25294,3153,3788,608,7400,4232,251,5862
충청북도경찰청,청주청원,율량,율량지구대,지구대,충청북도 청주시 청원구 율량로3번길 41 율량지구대,충청북도,청주시,36.6638539046006,127.515682376257,"명암동, 산성동, 율량동, 주성동",25294,3153,3788,608,7400,4232,251,5862
충청북도경찰청,청주청원,서오창,서오창지구대,지구대,충청북도 청주시 청원구 오창읍 양청리 753 서오창지구대,충청북도,청주시,36.7423562993676,127.454499829132,"오창읍, 외하동",25294,3153,3788,608,7400,4232,251,5862
충청북도경찰청,청주청원,오창,오창지구대,지구대,충청북도 청주시 청원구 오창읍 2산단로 113 오창지구대,충청북도,청주시,36.7423562993676,127.454499829132,,25294,3153,3788,608,7400,4232,251,5862
충청북도경찰청,청주청원,내수,내수파출소,파출소,충청북도 청주시 청원구 내수읍 청암로 100-6 내수파출소,충청북도,청주시,36.7239037395521,127.535431283072,"내수읍, 북이면, 외평동",25294,3153,3788,608,7400,4232,251,5862
충청북도경찰청,충주,연수,연수지구대,지구대,충청북도 충주시 연수서편2길 8,충청북도,충주시,36.9867248377519,127.934130527889,"교현동, 금릉동, 목행동, 문화동, 봉방동, 성남동, 성내동, 성서동",5613,726,611,151,1548,1191,68,1318
충청북도경찰청,충주,중앙,중앙지구대,지구대,충청북도 충주시 중앙로 109 중앙지구대,충청북도,충주시,37.028931544342,127.857035068528,중앙탑면,5613,726,611,151,1548,1191,68,1318
충청북도경찰청,충주,서충주,서충주지구대,지구대,충청북도 충주시 대소원면 대소원로 134,충청북도,충주시,36.9778145259317,127.817984424668,"대소원면, 신니면, 주덕읍",5613,726,611,151,1548,1191,68,1318
충청북도경찰청,충주,호암,호암지구대,지구대,충청북도 충주시 중원대로 3394 호암지구대,충청북도,충주시,36.9476412616632,127.93360366927,"가주동, 단월동, 달천동, 목벌동, 살미면, 용관동, 용두동, 용산동",5613,726,611,151,1548,1191,68,1318
충청북도경찰청,충주,엄정,엄정파출소,파출소,충청북도 충주시 엄정면 내창로 179,충청북도,충주시,37.0867177726684,127.914878012709,"산척면, 소태면, 엄정면",5613,726,611,151,1548,1191,68,1318
충청북도경찰청,충주,앙성,앙성파출소,파출소,충청북도 충주시 앙성면 가곡로 1029,충청북도,충주시,37.1091709520146,127.750777260028,"노은면, 앙성면",5613,726,611,151,1548,1191,68,1318
충청북도경찰청,충주,금가,금가파출소,파출소,충청북도 충주시 금가면 강수로 351,충청북도,충주시,37.0430221614579,127.924478732073,"금가면, 동량면",5613,726,611,151,1548,1191,68,1318
충청북도경찰청,충주,수안보,수안보파출소,파출소,충청북도 충주시 수안보면 온천중앙길 6,충청북도,충주시,36.8472710272136,127.994785817453,수안보면,5613,726,611,151,1548,1191,68,1318
충청북도경찰청,충주,중앙탑,중앙탑파출소,파출소,충청북도 충주시 중앙탑면 중앙탑길 251,충청북도,충주시,37.028931544342,127.857035068528,,5613,726,611,151,1548,1191,68,1318
충청북도경찰청,제천,청전,청전지구대,지구대,충청북도 제천시 용두천로 318,충청북도,제천시,37.1490125810589,128.214450936945,"고암동, 모산동, 송학면, 신월동, 장락동, 청전동, 흑석동",3510,421,408,63,1050,740,60,768
충청북도경찰청,제천,중앙,중앙지구대,지구대,충청북도 제천시 독순로 77,충청북도,제천시,37.1372251661151,128.211502982876,"강제동, 고명동, 교동, 남천동, 대랑동, 동현동, 두학동, 명동",3510,421,408,63,1050,740,60,768
충청북도경찰청,제천,강저,강저지구대,지구대,충청북도 제천시 청풍호로 79,충청북도,제천시,37.1326577745507,128.19098500203,"명지동, 산곡동, 신동, 영천동, 왕암동, 천남동, 하소동",3510,421,408,63,1050,740,60,768
충청북도경찰청,제천,청풍,청풍파출소,파출소,충청북도 제천시 청풍면 청풍호로 2119,충청북도,제천시,37.0005174868221,128.168191739045,"금성면, 청풍면",3510,421,408,63,1050,740,60,768
충청북도경찰청,제천,덕산,덕산파출소,파출소,충청북도 제천시 덕산면 약초로 85,충청북도,제천시,36.9120259835453,128.164408023592,"덕산면, 수산면, 한수면",3510,421,408,63,1050,740,60,768
충청북도경찰청,제천,용두,용두파출소,파출소,충청북도 제천시 용두대로 33,충청북도,제천시,37.1326577745507,128.19098500203,,3510,421,408,63,1050,740,60,768
충청북도경찰청,제천,봉양,봉양파출소,파출소,충청북도 제천시 봉양읍 북부로 1455,충청북도,제천시,37.1326204511741,128.121663289581,"백운면, 봉양읍",3510,421,408,63,1050,740,60,768
충청북도경찰청,음성,설성,설성지구대,지구대,충청북도 음성군 음성읍 중앙로 181,충청북도,음성군,36.9348645388961,127.690556521919,"소이면, 원남면, 음성읍",3470,485,418,54,977,854,60,622
충청북도경찰청,음성,금왕,금왕지구대,지구대,충청북도 음성군 금왕읍 금석로 73,충청북도,음성군,36.9921738540874,127.58645788118,"금왕읍, 생극면",3470,485,418,54,977,854,60,622
충청북도경찰청,음성,대소,대소파출소,파출소,충청북도 음성군 대소면 오산로 43,충청북도,음성군,36.9719391439578,127.483303515911,대소면,3470,485,418,54,977,854,60,622
충청북도경찰청,음성,감곡,감곡파출소,파출소,충청북도 음성군 감곡면 장감로 127,충청북도,음성군,37.1123604145514,127.643552339827,감곡면,3470,485,418,54,977,854,60,622
충청북도경찰청,음성,삼성,삼성파출소,파출소,충청북도 음성군 삼성면 덕정로 111,충청북도,음성군,37.0183861898229,127.495041369601,삼성면,3470,485,418,54,977,854,60,622
충청북도경찰청,음성,맹동,맹동파출소,파출소,충청북도 음성군 맹동면 덕금로 408,충청북도,음성군,36.9301828063181,127.562757789368,맹동면,3470,485,418,54,977,854,60,622
충청북도경찰청,음성,혁신,혁신파출소,파출소,충청북도 음성군 맹동면 장성로 115,충청북도,음성군,36.9301828063181,127.562757789368,,3470,485,418,54,977,854,60,622
충청북도경찰청,영동,중앙,중앙지구대,지구대,충청북도 영동군 영동읍 계산로 63,충청북도,영동군,36.1711011133672,127.776028621546,"심천면, 영동읍",728,99,52,15,196,183,9,174
충청북도경찰청,영동,황간,황간파출소,파출소,충청북도 영동군 황간면 영동황간로 1661,충청북도,영동군,36.2285137453272,127.910491165382,"매곡면, 추풍령면, 황간면",728,99,52,15,196,183,9,174
충청북도경찰청,영동,학산,학산파출소,파출소,충청북도 영동군 학산면 서산로 72,충청북도,영동군,36.0994504791396,127.684794109048,"양산면, 용화면, 학산면",728,99,52,15,196,183,9,174
충청북도경찰청,영동,양강,양강파출소,파출소,충청북도 영동군 양강면 학산영동로 835,충청북도,영동군,36.1524979666519,127.751012028971,양강면,728,99,52,15,196,183,9,174
충청북도경찰청,영동,상촌,상촌파출소,파출소,충청북도 영동군 상촌면 민주지산로 3027,충청북도,영동군,36.1488113635989,127.914178027556,상촌면,728,99,52,15,196,183,9,174
충청북도경찰청,영동,용산,용산파출소,파출소,충청북도 영동군 용산면 용산로 400,충청북도,영동군,36.2596956449873,127.8294823253,용산면,728,99,52,15,196,183,9,174
충청북도경찰청,괴산,괴산,괴산지구대,지구대,충청북도 괴산군 괴산읍 읍내로 246,충청북도,괴산군,36.8117715752865,127.790887435776,"괴산읍, 문광면, 소수면",1076,129,42,23,459,167,12,244
충청북도경찰청,괴산,증평,증평지구대,지구대,충청북도 증평군 증평읍 중앙로 232,충청북도,증평군,36.7846371098653,127.581032220365,"도안면, 증평읍",675,103,75,19,139,154,4,181
충청북도경찰청,괴산,칠성,칠성파출소,파출소,충청북도 괴산군 칠성면 도정로 53,충청북도,괴산군,36.7881677300095,127.864294241153,칠성면,1076,129,42,23,459,167,12,244
충청북도경찰청,괴산,청안,청안파출소,파출소,충청북도 괴산군 청안면 청안읍내로 22,충청북도,괴산군,36.7719839311626,127.639674461441,"사리면, 청안면",1076,129,42,23,459,167,12,244
충청북도경찰청,괴산,청천,청천파출소,파출소,충청북도 괴산군 청천면 괴산로 1357,충청북도,괴산군,36.6604386297449,127.73735468365,청천면,1076,129,42,23,459,167,12,244
충청북도경찰청,괴산,불정,불정파출소,파출소,충청북도 괴산군 불정면 목도로 24,충청북도,괴산군,36.8723155703826,127.854120197791,"감물면, 불정면",1076,129,42,23,459,167,12,244
충청북도경찰청,괴산,연풍,연풍파출소,파출소,충청북도 괴산군 연풍면 향교로 43,충청북도,괴산군,36.7664748186903,128.000658099136,"연풍면, 장연면",1076,129,42,23,459,167,12,244
충청북도경찰청,단양,중앙,중앙지구대,지구대,충청북도 단양군 단양읍 삼봉로 259,충청북도,단양군,36.9865888752015,128.368105855161,단양읍,590,106,38,15,137,133,10,151
충청북도경찰청,단양,영춘,영춘파출소,파출소,충청북도 단양군 영춘면 온달평강로 67,충청북도,단양군,37.0786916078841,128.487383207032,영춘면,590,106,38,15,137,133,10,151
충청북도경찰청,단양,대강,대강파출소,파출소,충청북도 단양군 대강면 대강로 68,충청북도,단양군,36.9223282728192,128.35205813541,"단성면, 대강면, 적성면",590,106,38,15,137,133,10,151
충청북도경찰청,단양,가곡,가곡파출소,파출소,충청북도 단양군 가곡면 남한강로 530,충청북도,단양군,37.0284149192896,128.38539776772,"가곡면, 어상천면",590,106,38,15,137,133,10,151
충청북도경찰청,단양,매포,매포파출소,파출소,충청북도 단양군 매포읍 평동로 114,충청북도,단양군,37.032317495816,128.303392511581,매포읍,590,106,38,15,137,133,10,151
충청북도경찰청,보은,읍내,읍내지구대,지구대,충청북도 보은군 보은읍 뱃들4길 11-6,충청북도,보은군,36.4836388639026,127.717071120507,"보은읍, 수한면",812,94,75,10,265,180,25,163
충청북도경찰청,보은,속리산,속리산파출소,파출소,충청북도 보은군 속리산면 법주사로 276,충청북도,보은군,36.5121159593936,127.810350567256,속리산면,812,94,75,10,265,180,25,163
충청북도경찰청,보은,내북,내북파출소,파출소,충청북도 보은군 내북면 남부로 6277,충청북도,보은군,36.5779197180739,127.664057872382,"내북면, 산외면",812,94,75,10,265,180,25,163
충청북도경찰청,보은,회인,회인파출소,파출소,충청북도 보은군 회인면 회인로 88,충청북도,보은군,36.4947951319889,127.596565256626,"회남면, 회인면",812,94,75,10,265,180,25,163
충청북도경찰청,보은,삼승,삼승파출소,파출소,충청북도 보은군 삼승면 원남로 56-1,충청북도,보은군,36.3957926710428,127.727606142529,삼승면,812,94,75,10,265,180,25,163
충청북도경찰청,보은,마로,마로파출소,파출소,충청북도 보은군 마로면 관기송현로 54,충청북도,보은군,36.4357352807842,127.820440392537,"마로면, 장안면, 탄부면",812,94,75,10,265,180,25,163
충청북도경찰청,옥천,중앙,중앙지구대,지구대,충청북도 옥천군 옥천읍 지용로 21 중앙지구대,충청북도,옥천군,36.3073845699144,127.574901530246,"군서면, 옥천읍",1399,163,100,29,509,243,18,337
충청북도경찰청,옥천,청산,청산파출소,파출소,충청북도 옥천군 청산면 지전길 48,충청북도,옥천군,36.3464187482911,127.79188966793,청산면,1399,163,100,29,509,243,18,337
충청북도경찰청,옥천,청성,청성파출소,파출소,충청북도 옥천군 청성면 산계길 97,충청북도,옥천군,36.3276303559342,127.759848020833,청성면,1399,163,100,29,509,243,18,337
충청북도경찰청,옥천,이원,이원파출소,파출소,충청북도 옥천군 이원면 신흥1길 18,충청북도,옥천군,36.2462386585302,127.619502504301,이원면,1399,163,100,29,509,243,18,337
충청북도경찰청,옥천,군북,군북파출소,파출소,충청북도 옥천군 군북면 옥천로 1114,충청북도,옥천군,36.3301377538082,127.534426093381,군북면,1399,163,100,29,509,243,18,337
충청북도경찰청,옥천,안내,안내파출소,파출소,충청북도 옥천군 안내면 안내보은로 114,충청북도,옥천군,36.3944198516749,127.661824751421,"안남면, 안내면",1399,163,100,29,509,243,18,337
충청북도경찰청,옥천,동이,동이파출소,파출소,충청북도 옥천군 동이면 평산길 34,충청북도,옥천군,36.283878279197,127.620347488376,동이면,1399,163,100,29,509,243,18,337
충청북도경찰청,진천,상산,상산지구대,지구대,충청북도 진천군 진천읍 남산3길 10,충청북도,진천군,36.8549180588003,127.441283558856,"문백면, 진천읍",3274,442,250,54,1156,651,67,654
충청북도경찰청,진천,덕산,덕산지구대,지구대,충청북도 진천군 덕산읍 덕금로 803,충청북도,진천군,36.913837266241,127.509213437511,덕산읍,3274,442,250,54,1156,651,67,654
충청북도경찰청,진천,이월,이월파출소,파출소,충청북도 진천군 이월면 진광로 803,충청북도,진천군,36.9256713688577,127.428595450078,"백곡면, 이월면",3274,442,250,54,1156,651,67,654
충청북도경찰청,진천,광혜원,광혜원파출소,파출소,충청북도 진천군 광혜원면 중리3길 18,충청북도,진천군,36.9933747018967,127.435616264668,광혜원면,3274,442,250,54,1156,651,67,654
충청북도경찰청,진천,초평,초평파출소,파출소,충청북도 진천군 초평면 초동로 9,충청북도,진천군,36.8459462418434,127.526419171153,초평면,3274,442,250,54,1156,651,67,654
충청남도경찰청,천안서북,쌍용,쌍용지구대,지구대,충청남도 천안시 서북구 쌍용12길 3,충청남도,천안시,36.8025374125687,127.13266945539,"다가동, 봉명동, 쌍용동, 쌍용동",24779,3318,2942,635,8211,4094,292,5287
충청남도경찰청,천안서북,두정,두정지구대,지구대,충청남도 천안시 서북구 오성9길 40,충청남도,천안시,36.8347166129045,127.143042925194,"두정동, 부대동, 성성동, 업성동, 차암동",24779,3318,2942,635,8211,4094,292,5287
충청남도경찰청,천안서북,성정,성정지구대,지구대,충청남도 천안시 서북구 천안천4길 48,충청남도,천안시,36.8150581499621,127.142948060558,"대흥동, 문화동, 성황동, 오룡동, 성정동, 와촌동",24779,3318,2942,635,8211,4094,292,5287
충청남도경찰청,천안서북,불당,불당지구대,지구대,충청남도 천안시 서북구 불당23로 66,충청남도,천안시,36.8059344038182,127.113723627709,"백석동, 불당동",24779,3318,2942,635,8211,4094,292,5287
충청남도경찰청,천안서북,성거,성거파출소,파출소,충청남도 천안시 서북구 성거읍 성거길 80,충청남도,천안시,36.8780437642407,127.199166201755,성거읍,24779,3318,2942,635,8211,4094,292,5287
충청남도경찰청,천안서북,성환,성환파출소,파출소,충청남도 천안시 서북구 성환읍 성환11길 5,충청남도,천안시,36.9181758309372,127.134382284168,성환읍,24779,3318,2942,635,8211,4094,292,5287
충청남도경찰청,천안서북,입장,입장파출소,파출소,충청남도 천안시 서북구 입장면 망향로 1088,충청남도,천안시,36.9128088075252,127.221165722116,입장면,24779,3318,2942,635,8211,4094,292,5287
충청남도경찰청,천안동남,목천북면,목천북면파출소,파출소,충청남도 천안시 동남구 목천읍 서리1길 50,충청남도,천안시,36.7849559698495,127.23468497964,"목천읍, 북면",24779,3318,2942,635,8211,4094,292,5287
충청남도경찰청,천안동남,수신성남,수신성남파출소,파출소,충청남도 천안시 동남구 수신면 수신로 433,충청남도,천안시,36.7311311260151,127.280963043924,"성남면, 수신면",24779,3318,2942,635,8211,4094,292,5287
충청남도경찰청,천안동남,병천동면,병천동면파출소,파출소,충청남도 천안시 병천면 충절로 1729,충청남도,천안시,36.7665640994674,127.302587862465,"동면, 병천면",24779,3318,2942,635,8211,4094,292,5287
충청남도경찰청,천안동남,광덕풍세,광덕풍세파출소,파출소,충청남도 천안시 광덕면 신흥리4길 46,충청남도,천안시,36.6986422345492,127.111255672867,"광덕면, 풍세면",24779,3318,2942,635,8211,4094,292,5287
충청남도경찰청,천안동남,신방,신방파출소,파출소,충청남도 천안시 동남구 통정4로 38,충청남도,천안시,36.7859137927764,127.122481782341,신방동,24779,3318,2942,635,8211,4094,292,5287
충청남도경찰청,천안동남,문성,문성파출소,파출소,충청남도 천안시 동남구 옛시청길 21,충청남도,천안시,36.8784484280168,127.154969215538,"신당동, 직산읍",24779,3318,2942,635,8211,4094,292,5287
충청남도경찰청,천안동남,신안,신안파출소,파출소,충청남도 천안시 동남구 신부동 431-6,충청남도,천안시,36.8211229606247,127.161009136856,"신부동, 안서동",24779,3318,2942,635,8211,4094,292,5287
충청남도경찰청,천안동남,남산,남산지구대,지구대,충청남도 천안시 동남구 충무로 437-1,충청남도,천안시,36.8784484280168,127.154969215538,,24779,3318,2942,635,8211,4094,292,5287
충청남도경찰청,천안동남,원성,원성파출소,파출소,충청남도 천안시 동남구 충절로 161,충청남도,천안시,36.8121257623792,127.164029620036,"구성동, 원성동, 유량동",24779,3318,2942,635,8211,4094,292,5287
충청남도경찰청,천안동남,일봉,일봉지구대,지구대,충청남도 천안시 동남구 차돌로 44,충청남도,천안시,36.8784484280168,127.154969215538,,24779,3318,2942,635,8211,4094,292,5287
충청남도경찰청,천안동남,청수,청수파출소,파출소,충청남도 천안시 동남구 청수 14로 103,충청남도,천안시,36.7916136579291,127.152598167483,"구룡동, 사직동, 삼룡동, 영성동, 용곡동, 청당동, 청수동",24779,3318,2942,635,8211,4094,292,5287
충청남도경찰청,서산,대산,대산지구대,지구대,충청남도 서산시 대산읍 충의로 1932,충청남도,서산시,36.9396086255275,126.434317146792,대산읍,5149,759,349,131,1547,1068,76,1219
충청남도경찰청,서산,서부,서부지구대,지구대,충청남도 서산시 호수공원11로 31,충청남도,서산시,36.7848762954286,126.450333937447,"갈산동, 동문동, 석남동, 석림동, 수석동, 예천동, 오남동, 온석동",5149,759,349,131,1547,1068,76,1219
충청남도경찰청,서산,동부,동부파출소,파출소,충청남도 서산시 홍천로 20,충청남도,서산시,36.7848762954286,126.450333937447,,5149,759,349,131,1547,1068,76,1219
충청남도경찰청,서산,해미,해미파출소,파출소,충청남도 서산시 해미면 남문2로 183,충청남도,서산시,36.7137924124248,126.544943198956,"고북면, 덕지천동, 해미면",5149,759,349,131,1547,1068,76,1219
충청남도경찰청,서산,성연,성연파출소,파출소,충청남도 서산시 성연면 성연로 202,충청남도,서산시,36.8390955480573,126.460986526128,"성연면, 운산면, 지곡면",5149,759,349,131,1547,1068,76,1219
충청남도경찰청,서산,부석,부석파출소,파출소,충청남도 서산시 부석면 취평2길 36,충청남도,서산시,36.7149015306478,126.393535345153,"부석면, 양대동",5149,759,349,131,1547,1068,76,1219
충청남도경찰청,서산,팔봉,팔봉파출소,파출소,충청남도 서산시 팔봉면 팔봉1로 409,충청남도,서산시,36.8121141137163,126.350147784167,팔봉면,5149,759,349,131,1547,1068,76,1219
충청남도경찰청,아산,온양,온양지구대,지구대,충청남도 아산시 시민로258번길 3-1,충청남도,아산시,36.7899741676055,127.002509638233,"권곡동, 배미동, 실옥동, 염치읍",10571,1538,1189,243,2964,2237,123,2277
충청남도경찰청,아산,온천,온천지구대,지구대,충청남도 아산시 삼동로16번길 7-11,충청남도,아산시,36.7831617570687,127.001447395349,"기산동, 득산동, 모종동, 방축동, 법곡동, 송악면, 신인동, 온천동",10571,1538,1189,243,2964,2237,123,2277
충청남도경찰청,아산,충무,충무지구대,지구대,충청남도 아산시 시민로 370-12,충청남도,아산시,36.7899741676055,127.002509638233,,10571,1538,1189,243,2964,2237,123,2277
충청남도경찰청,아산,장재,장재파출소,파출소,충청남도 아산시 배방읍 용연로 92,충청남도,아산시,36.7739148977276,127.053945963176,"남동, 배방읍, 신동, 좌부동",10571,1538,1189,243,2964,2237,123,2277
충청남도경찰청,아산,탕정,탕정파출소,파출소,충청남도 아산시 탕정로23번길 7,충청남도,아산시,36.7983604252629,127.061214952826,탕정면,10571,1538,1189,243,2964,2237,123,2277
충청남도경찰청,아산,둔포,둔포파출소,파출소,충청남도 아산시 둔포면 둔포면로 37,충청남도,아산시,36.9297186062336,127.037627872091,둔포면,10571,1538,1189,243,2964,2237,123,2277
충청남도경찰청,아산,신창,신창파출소,파출소,충청남도 아산시 신창면 서북부로 610,충청남도,아산시,36.8037152715715,126.936185535566,신창면,10571,1538,1189,243,2964,2237,123,2277
충청남도경찰청,아산,음봉,음봉파출소,파출소,충청남도 아산시 음봉면 음봉면로 19,충청남도,아산시,36.8497784166985,127.012252979109,음봉면,10571,1538,1189,243,2964,2237,123,2277
충청남도경찰청,아산,인주,인주파출소,파출소,충청남도 아산시 인주면 공세길 54,충청남도,아산시,36.8690066584624,126.884612818588,인주면,10571,1538,1189,243,2964,2237,123,2277
충청남도경찰청,아산,도고선장,도고선장파출소,파출소,충청남도 아산시 도고면 아산만로198번길 10,충청남도,아산시,36.7574563907561,126.87737981249,"도고면, 선장면",10571,1538,1189,243,2964,2237,123,2277
충청남도경찰청,아산,배방,배방파출소,파출소,충청남도 아산시 배방읍 모산로 151,충청남도,아산시,36.7739148977276,127.053945963176,,10571,1538,1189,243,2964,2237,123,2277
충청남도경찰청,아산,영인,영인파출소,파출소,충청남도 아산시 영인면 아산리길 23,충청남도,아산시,36.8565575654072,126.954773903687,영인면,10571,1538,1189,243,2964,2237,123,2277
충청남도경찰청,논산,계룡,계룡지구대,지구대,충청남도 계룡시 엄사면 계백로 3120,충청남도,계룡시,36.2885919883972,127.239873234269,"금암동, 두마면, 신도안면, 엄사면",524,70,45,18,131,98,4,158
충청남도경찰청,논산,논산,논산지구대,지구대,충청남도 논산시 해월로 157,충청남도,논산시,36.1871836043033,127.098734690891,"강산동, 관촉동, 광석면, 내동, 대교동, 덕지동, 등화동, 반월동",3412,452,373,43,1118,634,33,759
충청남도경찰청,논산,강경,강경지구대,지구대,충청남도 논산시 강경읍 대흥로 1-2,충청남도,논산시,36.1581175683539,127.017963321559,"강경읍, 성동면",3412,452,373,43,1118,634,33,759
충청남도경찰청,논산,연무,연무지구대,지구대,충청남도 논산시 연무읍 안심로61번길 4,충청남도,논산시,36.1251549263374,127.098985768452,"가야곡면, 연무읍",3412,452,373,43,1118,634,33,759
충청남도경찰청,논산,상월,상월파출소,파출소,충청남도 논산시 상월면 백일헌로 1035,충청남도,논산시,36.2956739015851,127.141242041404,"노성면, 상월면",3412,452,373,43,1118,634,33,759
충청남도경찰청,논산,양촌,양촌파출소,파출소,충청남도 논산시 양촌면 황산벌로 428,충청남도,논산시,36.1385349235963,127.232660549528,양촌면,3412,452,373,43,1118,634,33,759
충청남도경찰청,논산,연산,연산파출소,파출소,충청남도 논산시 연산면 선비로275번길 28,충청남도,논산시,36.2134759344637,127.200569135756,"벌곡면, 연산면",3412,452,373,43,1118,634,33,759
충청남도경찰청,공주,신관,신관지구대,지구대,충청남도 공주시 한적2길 25,충청남도,공주시,36.4722527778368,127.132657794031,"교동, 금성동, 금흥동, 동현동, 무릉동, 산성동, 석장리동, 송선동",3005,321,244,65,802,856,29,688
충청남도경찰청,공주,금학,금학지구대,지구대,충청남도 공주시 우금티로 535,충청남도,공주시,36.4388552100099,127.119395714885,"검상동, 금학동, 반죽동, 봉정동, 봉황동, 상왕동, 소학동, 신기동",3005,321,244,65,802,856,29,688
충청남도경찰청,공주,유구,유구파출소,파출소,충청남도 공주시 유구읍 중앙1길 115,충청남도,공주시,36.552857962243,126.950443521775,"신풍면, 유구읍",3005,321,244,65,802,856,29,688
충청남도경찰청,공주,탄천이인,탄천이인파출소,파출소,충청남도 공주시 이인면 은행길 34,충청남도,공주시,36.3619488068081,127.06320230995,"이인면, 탄천면",3005,321,244,65,802,856,29,688
충청남도경찰청,공주,반포,반포파출소,파출소,충청남도 공주시 반포면 반포초교길 15,충청남도,공주시,36.3968960063991,127.250295900885,반포면,3005,321,244,65,802,856,29,688
충청남도경찰청,공주,정안,정안파출소,파출소,충청남도 공주시 정안면 정안중앙길 169,충청남도,공주시,36.6086932117716,127.12010407535,정안면,3005,321,244,65,802,856,29,688
충청남도경찰청,공주,계룡,계룡파출소,파출소,충청남도 공주시 계룡면 영규대사로 495,충청남도,공주시,36.3603026160494,127.141715269337,계룡면,3005,321,244,65,802,856,29,688
충청남도경찰청,공주,우성사곡,우성사곡파출소,파출소,충청남도 공주시 우성면 동대리길 75,충청남도,공주시,36.4709499920014,127.049709589199,"사곡면, 우성면",3005,321,244,65,802,856,29,688
충청남도경찰청,보령,해수욕장,해수욕장지구대,지구대,충청남도 보령시 머드로 70,충청남도,보령시,36.3333366887911,126.612759338779,"궁촌동, 남포면, 명천동, 성주면",2564,352,290,73,663,531,33,622
충청남도경찰청,보령,동대,동대지구대,지구대,충청남도 보령시 신설1길 53,충청남도,보령시,36.3502650734235,126.614088116396,"동대동, 죽정동, 청라면, 화산동",2564,352,290,73,663,531,33,622
충청남도경찰청,보령,미산,미산파출소,파출소,충청남도 보령시 미산면 만수로 1129,충청남도,보령시,36.2106111740028,126.676444919388,"미산면, 주산면",2564,352,290,73,663,531,33,622
충청남도경찰청,보령,천북,천북파출소,파출소,충청남도 보령시 천북면 하궁길 8,충청남도,보령시,36.4787146689914,126.527235767674,천북면,2564,352,290,73,663,531,33,622
충청남도경찰청,보령,주포,주포파출소,파출소,충청남도 보령시 주포면 보령읍성길 80-32,충청남도,보령시,36.4150908429936,126.587958619989,"주교면, 주포면, 청소면",2564,352,290,73,663,531,33,622
충청남도경찰청,보령,대천,대천파출소,파출소,충청남도 보령시 구시1길 38,충청남도,보령시,36.3565449755108,126.576970216194,"남곡동, 내항동, 대천동, 신흑동, 요암동",2564,352,290,73,663,531,33,622
충청남도경찰청,보령,웅천,웅천파출소,파출소,충청남도 보령시 웅천읍 충서로 928길,충청남도,보령시,36.2317710847348,126.60115837838,웅천읍,2564,352,290,73,663,531,33,622
충청남도경찰청,보령,오천,오천파출소,파출소,충청남도 보령시 오천면 소성안길 50,충청남도,보령시,36.4370877555063,126.523424331254,오천면,2564,352,290,73,663,531,33,622
충청남도경찰청,당진,중앙,중앙지구대,지구대,충청남도 당진시 당진중앙2로157,충청남도,당진시,36.8896748628647,126.645888436838,"고대면, 대덕동, 사기소동, 수청동, 용연동, 우두동, 원당동, 읍내동",5909,748,314,131,1605,1542,97,1472
충청남도경찰청,당진,신평,신평파출소,파출소,충청남도 당진시 신평면 신평로840,충청남도,당진시,36.8853839433703,126.773564831775,신평면,5909,748,314,131,1605,1542,97,1472
충청남도경찰청,당진,면천,면천파출소,파출소,충청남도 당진시 면천면 면천서문1길 82,충청남도,당진시,36.8176332919276,126.666941412252,"구룡동, 면천면",5909,748,314,131,1605,1542,97,1472
충청남도경찰청,당진,합덕,합덕파출소,파출소,충청남도 당진시 합덕읍 합우로168,충청남도,당진시,36.8099034133197,126.764042032374,"우강면, 합덕읍",5909,748,314,131,1605,1542,97,1472
충청남도경찰청,당진,석문,석문지구대,지구대,충청남도 당진시 석문면 통정3길 13,충청남도,당진시,36.9819388160194,126.590888457963,"대호지면, 석문면",5909,748,314,131,1605,1542,97,1472
충청남도경찰청,당진,송악,송악지구대,지구대,충청남도 당진시 송악로 660,충청남도,당진시,36.9032899512222,126.690244193974,"송악읍, 시곡동",5909,748,314,131,1605,1542,97,1472
충청남도경찰청,당진,송산,송산파출소,파출소,충청남도 당진시 송산면 상거중앙길 59,충청남도,당진시,36.9324696138566,126.678906132099,송산면,5909,748,314,131,1605,1542,97,1472
충청남도경찰청,당진,기지시,기지시파출소,파출소,충청남도 당진시 송악읍 기지시1길 42,충청남도,당진시,36.9032899512222,126.690244193974,,5909,748,314,131,1605,1542,97,1472
충청남도경찰청,당진,순성,순성파출소,파출소,충청남도 당진시 순성면 순성로 507-3,충청남도,당진시,36.8455689569144,126.714613956944,순성면,5909,748,314,131,1605,1542,97,1472
충청남도경찰청,홍성,오관,오관지구대,지구대,충청남도 홍성군 홍성읍 내포로 14,충청남도,홍성군,36.6014696445995,126.662222238465,"구항면, 홍성읍",2605,260,202,54,752,645,30,662
충청남도경찰청,홍성,내포,내포지구대,지구대,충청남도 홍성군 홍북읍 홍학로 56,충청남도,홍성군,36.6500487809646,126.691749061634,홍북읍,2605,260,202,54,752,645,30,662
충청남도경찰청,홍성,광천,광천지구대,지구대,충청남도 홍성군 광천읍 광천로 341-2,충청남도,홍성군,36.5046041286914,126.624963658707,"광천읍, 은하면, 장곡면",2605,260,202,54,752,645,30,662
충청남도경찰청,홍성,서부결성,서부결성파출소,파출소,충청남도 홍성군 서부면 서부로 514,충청남도,홍성군,36.5803273092588,126.51723142167,"결성면, 서부면",2605,260,202,54,752,645,30,662
충청남도경찰청,홍성,홍동장곡,홍동장곡파출소,파출소,충청남도 홍성군 홍동면 홍장남로 711,충청남도,홍성군,36.5590928053431,126.688111803263,홍동면,2605,260,202,54,752,645,30,662
충청남도경찰청,홍성,갈산,갈산파출소,파출소,충청남도 홍성군 갈산면 갈산로 95,충청남도,홍성군,36.6052117759084,126.550065995037,갈산면,2605,260,202,54,752,645,30,662
충청남도경찰청,홍성,금마,금마파출소,파출소,충청남도 홍성군 금마면 금북로 32,충청남도,홍성군,36.6119611507499,126.732682155229,금마면,2605,260,202,54,752,645,30,662
충청남도경찰청,예산,예산,예산지구대,지구대,충청남도 예산군 예산읍 아리랑로 22,충청남도,예산군,36.6787124333919,126.846246811069,"신암면, 예산읍, 오가면",2381,287,183,54,746,463,94,554
충청남도경찰청,예산,삽교,삽교지구대,지구대,충청남도 예산군 삽교읍 삽교로1길 28,충청남도,예산군,36.688085694103,126.739391843667,"삽교읍, 응봉면",2381,287,183,54,746,463,94,554
충청남도경찰청,예산,덕산,덕산지구대,지구대,충청남도 예산군 덕산면 덕산온천로 427,충청남도,예산군,36.7014827037305,126.665469160988,"고덕면, 덕산면, 봉산면",2381,287,183,54,746,463,94,554
충청남도경찰청,예산,대술신양,대술신양파출소,파출소,충청남도 예산군 대술면 대술로 145-1,충청남도,예산군,36.6575971006958,126.892199036675,"대술면, 신양면",2381,287,183,54,746,463,94,554
충청남도경찰청,예산,광시대흥,광시대흥파출소,파출소,충청남도 예산군 광시면 예당로 157,충청남도,예산군,36.5488677996558,126.773227939431,"광시면, 대흥면",2381,287,183,54,746,463,94,554
충청남도경찰청,예산,신례원신암,신례원신암파출소,파출소,충청남도 예산군 예산읍 신례원로 181번길,충청남도,예산군,36.6787124333919,126.846246811069,,2381,287,183,54,746,463,94,554
충청남도경찰청,부여,백강,백강지구대,지구대,충청남도 부여군 부여읍 사비로 93,충청남도,부여군,36.2755701058284,126.911170936552,부여읍,1168,169,149,18,300,273,16,243
충청남도경찰청,부여,외내산,외내산파출소,파출소,충청남도 부여군 외산면 외산로 69,충청남도,부여군,36.3043276284432,126.704217896909,외산면,1168,169,149,18,300,273,16,243
충청남도경찰청,부여,임천,임천파출소,파출소,충청남도 부여군 임천면 성흥로 117,충청남도,부여군,36.1912227343969,126.894834129584,"양화면, 임천면, 충화면",1168,169,149,18,300,273,16,243
충청남도경찰청,부여,세도,세도파출소,파출소,충청남도 부여군 세도면 세도중앙로 6,충청남도,부여군,36.1699821123812,126.948364897248,세도면,1168,169,149,18,300,273,16,243
충청남도경찰청,부여,홍산,홍산파출소,파출소,충청남도 부여군 홍산면 홍산로 70,충청남도,부여군,36.2167349157025,126.760364101198,"남면, 옥산면, 홍산면",1168,169,149,18,300,273,16,243
충청남도경찰청,부여,구룡,구룡파출소,파출소,충청남도 부여군 구룡면 흥수로 158,충청남도,부여군,36.2525915669341,126.812825171179,"구룡면, 내산면",1168,169,149,18,300,273,16,243
충청남도경찰청,부여,석성,석성파출소,파출소,충청남도 부여군 석성면 왕릉로 695,충청남도,부여군,36.2532714867206,127.002341042089,"석성면, 초촌면",1168,169,149,18,300,273,16,243
충청남도경찰청,부여,규암,규암파출소,파출소,충청남도 부여군 규암면 수북로 73,충청남도,부여군,36.2752838554004,126.884170503718,"규암면, 장암면",1168,169,149,18,300,273,16,243
충청남도경찰청,부여,은산,은산파출소,파출소,충청남도 부여군 은산면 충절로 2792,충청남도,부여군,36.3104154926116,126.85422849055,은산면,1168,169,149,18,300,273,16,243
충청남도경찰청,서천,금강,금강지구대,지구대,충청남도 서천군 장항읍 장항로 134,충청남도,서천군,36.0104236703419,126.700292669542,장항읍,1205,188,82,22,379,284,10,240
충청남도경찰청,서천,서림,서림지구대,지구대,충청남도 서천군 서천읍 서천로 69,충청남도,서천군,36.0778267340275,126.689890052699,"서천읍, 종천면",1205,188,82,22,379,284,10,240
충청남도경찰청,서천,판교,판교파출소,파출소,충청남도 서천군 판교면 대백제로1908,충청남도,서천군,36.1578198174349,126.689081928214,"문산면, 판교면",1205,188,82,22,379,284,10,240
충청남도경찰청,서천,한산,한산파출소,파출소,충청남도 서천군 한산면 한마로61번길 3-4,충청남도,서천군,36.086258354292,126.802055066527,"기산면, 마산면, 시초면, 한산면, 화양면",1205,188,82,22,379,284,10,240
충청남도경찰청,서천,비인,비인파출소,파출소,충청남도 서천군 비인면 비인로 193,충청남도,서천군,36.1420808316463,126.601359534808,"비인면, 서면",1205,188,82,22,379,284,10,240
충청남도경찰청,서천,서면,서면파출소,파출소,충청남도 서천군 서면 서인로 541,충청남도,서천군,36.0619932064234,126.706717010451,마서면,1205,188,82,22,379,284,10,240
충청남도경찰청,서천,마서,마서파출소,파출소,충청남도 서천군 마서면 장서로 691,충청남도,서천군,36.0619932064234,126.706717010451,,1205,188,82,22,379,284,10,240
충청남도경찰청,금산,봉황,봉황지구대,지구대,충청남도 금산군 제원면 금강로 113,충청남도,금산군,36.112534616982,127.546098118066,"부리면, 제원면",1206,189,95,34,346,251,22,269
충청남도경찰청,금산,진악,진악지구대,지구대,충청남도 금산군 금산읍 금산로 1446,충청남도,금산군,36.1072379596336,127.490541064019,"금산읍, 금성면, 남이면, 남일면",1206,189,95,34,346,251,22,269
충청남도경찰청,금산,진산,진산파출소,파출소,충청남도 금산군 진산면 대둔산로 405,충청남도,금산군,36.1443133063174,127.370225015163,진산면,1206,189,95,34,346,251,22,269
충청남도경찰청,금산,복수,복수파출소,파출소,충청남도 금산군 복수면 복수로 114,충청남도,금산군,36.1664431839354,127.398337006883,복수면,1206,189,95,34,346,251,22,269
충청남도경찰청,금산,추부,추부파출소,파출소,충청남도 금산군 추부면 마전로 56-1,충청남도,금산군,36.1948933510276,127.476010924681,"군북면, 추부면",1206,189,95,34,346,251,22,269
충청남도경찰청,청양,정산,정산파출소,파출소,충청남도 청양군 정산면 칠갑산로 1948,충청남도,청양군,36.4148987604662,126.94513042237,"목면, 정산면",779,103,66,9,215,230,10,146
충청남도경찰청,청양,칠갑,칠갑지구대,지구대,충청남도 청양군 청양읍 칠갑산로 213,충청남도,청양군,36.4533393731096,126.806761960674,"대치면, 청양읍",779,103,66,9,215,230,10,146
충청남도경찰청,청양,장평청남,장평청남파출소,파출소,충청남도 청양군 장평면 닭우리고개길 39,충청남도,청양군,36.3418321562674,126.893054690108,"장평면, 청남면",779,103,66,9,215,230,10,146
충청남도경찰청,청양,화성남양,화성남양파출소,파출소,충청남도 청양군 화성면 무한로 130,충청남도,청양군,36.4273193745742,126.717356702965,"남양면, 화성면",779,103,66,9,215,230,10,146
충청남도경찰청,청양,비봉,비봉파출소,파출소,충청남도 청양군 비봉면 충절로 1988,충청남도,청양군,36.5194138028579,126.786479199339,비봉면,779,103,66,9,215,230,10,146
충청남도경찰청,청양,운곡,운곡파출소,파출소,충청남도 청양군 운곡면 청신로 878,충청남도,청양군,36.5237860556619,126.844669252681,운곡면,779,103,66,9,215,230,10,146
충청남도경찰청,태안,태안,태안지구대,지구대,충청남도 태안군 태안읍 중앙로 177,충청남도,태안군,36.7576735242428,126.296315451208,태안읍,1890,330,122,42,513,423,25,435
충청남도경찰청,태안,안면,안면파출소,파출소,충청남도 태안군 안면읍 장터로 145,충청남도,태안군,36.5205361060368,126.344511519837,안면읍,1890,330,122,42,513,423,25,435
충청남도경찰청,태안,원북,원북파출소,파출소,충청남도 태안군 원북면 상리길 31-4,충청남도,태안군,36.8234925898823,126.257125053878,"원북면, 이원면",1890,330,122,42,513,423,25,435
충청남도경찰청,태안,근흥,근흥파출소,파출소,충청남도 태안군 근흥면 근흥로 730,충청남도,태안군,36.7136334038554,126.228049810552,"근흥면, 남면",1890,330,122,42,513,423,25,435
충청남도경찰청,태안,남면,남면파출소,파출소,충청남도 태안군 남면 남면로 101,충청남도,태안군,36.420424416003,126.409115384465,고남면,1890,330,122,42,513,423,25,435
충청남도경찰청,태안,소원,소원파출소,파출소,충청남도 태안군 소원면 신덕길 17-1,충청남도,태안군,36.7625575970514,126.197267469025,소원면,1890,330,122,42,513,423,25,435
전북특별자치도경찰청,전주완산,서신,서신지구대,지구대,전라북도 전주시 완산구 새터로 46 서신지구대,전북특별자치도,전주시,35.8310848804571,127.115308857862,"서신동, 효자동3가",19943,2647,2667,543,6389,2823,153,4721
전북특별자치도경찰청,전주완산,남문,남문지구대,지구대,전라북도 전주시 완산구 대동로 95 남문지구대,전북특별자치도,전주시,35.8122369480273,127.119796025934,중화산동2가,19943,2647,2667,543,6389,2823,153,4721
전북특별자치도경찰청,전주완산,삼천,삼천지구대,지구대,전라북도 전주시 완산구 성지산로 24 삼천지구대,전북특별자치도,전주시,35.7945967891081,127.116787141739,"삼천동1가, 삼천동2가, 삼천동3가, 석구동, 용복동, 원당동, 중인동, 평화동3가",19943,2647,2667,543,6389,2823,153,4721
전북특별자치도경찰청,전주완산,화산,화산지구대,지구대,전라북도 전주시 완산구 서원로 295 화산지구대,전북특별자치도,전주시,35.8136395917279,127.13323098955,"고사동, 다가동1가, 다가동2가, 다가동3가, 다가동4가, 서완산동1가, 서완산동2가, 중앙동1가",19943,2647,2667,543,6389,2823,153,4721
전북특별자치도경찰청,전주완산,효자,효자지구대,지구대,전라북도 전주시 완산구 용머리로 125 효자지구대,전북특별자치도,전주시,35.80704255088,127.115628145167,"상림동, 효자동1가, 효자동2가",19943,2647,2667,543,6389,2823,153,4721
전북특별자치도경찰청,전주완산,서부,서부지구대,지구대,전라북도 전주시 완산구 마전들로 1 서부파출소,전북특별자치도,전주시,35.8122369480273,127.119796025934,,19943,2647,2667,543,6389,2823,153,4721
전북특별자치도경찰청,전주완산,평화,평화지구대,지구대,전라북도 전주시 완산구 평화로 159 평화파출소,전북특별자치도,전주시,35.7963857728885,127.139631740141,"평화동1가, 평화동2가",19943,2647,2667,543,6389,2823,153,4721
전북특별자치도경찰청,전주완산,서학,서학파출소,파출소,전라북도 전주시 완산구 서학3길 45 서학파출소,전북특별자치도,전주시,35.8095216496508,127.152272552193,"우아동1가, 우아동2가, 경원동1가, 경원동2가, 경원동3가, 교동, 남노송동, 대성동",19943,2647,2667,543,6389,2823,153,4721
전북특별자치도경찰청,전주덕진,덕진,덕진지구대,지구대,전라북도 전주시 덕진구 사평로 76 덕진지구대,전북특별자치도,전주시,35.8489873847612,127.126143385886,"덕진동1가, 덕진동2가, 송천동1가",19943,2647,2667,543,6389,2823,153,4721
전북특별자치도경찰청,전주덕진,아중,아중지구대,지구대,전라북도 전주시 덕진구 진버들4길 10 아중지구대,전북특별자치도,전주시,35.8122369480273,127.119796025934,,19943,2647,2667,543,6389,2823,153,4721
전북특별자치도경찰청,전주덕진,모래내,모래내지구대,지구대,전라북도 전주시 덕진구 안덕원로 173 모래내지구대,전북특별자치도,전주시,35.8122369480273,127.119796025934,,19943,2647,2667,543,6389,2823,153,4721
전북특별자치도경찰청,전주덕진,호성,호성파출소,파출소,전라북도 전주시 덕진구 동부대로 871 호성파출소,전북특별자치도,전주시,35.8628691318848,127.154894465257,"금상동, 산정동, 송천동2가, 우아동3가, 인후동2가, 호성동1가, 호성동2가, 호성동3가",19943,2647,2667,543,6389,2823,153,4721
전북특별자치도경찰청,전주덕진,역전,역전파출소,파출소,전라북도 전주시 덕진구 동부대로 688 역전파출소,전북특별자치도,전주시,35.8122369480273,127.119796025934,,19943,2647,2667,543,6389,2823,153,4721
전북특별자치도경찰청,전주덕진,여의,여의파출소,파출소,전라북도 전주시 덕진구 쪽구름로 82 여의파출소,전북특별자치도,전주시,35.8603978404133,127.073350626447,"강흥동, 고랑동, 남정동, 도덕동, 도도동, 동산동, 만성동, 반월동",19943,2647,2667,543,6389,2823,153,4721
전북특별자치도경찰청,전주덕진,팔복,팔복파출소,파출소,전라북도 전주시 덕진구 신복로 58 팔복파출소,전북특별자치도,전주시,35.8570675586329,127.106126551597,"전미동1가, 전미동2가, 팔복동1가, 팔복동2가, 팔복동3가, 팔복동4가",19943,2647,2667,543,6389,2823,153,4721
전북특별자치도경찰청,전주덕진,솔내,솔내파출소,파출소,전라북도 전주시 덕진구 솔내6길 23 솔내파출소,전북특별자치도,전주시,35.8122369480273,127.119796025934,,19943,2647,2667,543,6389,2823,153,4721
전북특별자치도경찰청,전주덕진,송천2,송천2파출소,파출소,전라북도 전주시 덕진구 송천로 50 송천2파출소,전북특별자치도,전주시,35.8122369480273,127.119796025934,,19943,2647,2667,543,6389,2823,153,4721
전북특별자치도경찰청,전주덕진,진북,진북파출소,파출소,전라북도 전주시 덕진구 진북1길 19 진북파출소,전북특별자치도,전주시,35.8279427810551,127.131417779563,"금암동, 인후동1가, 진북동, 서노송동, 태평동",19943,2647,2667,543,6389,2823,153,4721
전북특별자치도경찰청,전주덕진,혁신,혁신파출소,파출소,전라북도 전주시 덕진구 출판로 92 혁신파출소,전북특별자치도,전주시,35.8122369480273,127.119796025934,,19943,2647,2667,543,6389,2823,153,4721
전북특별자치도경찰청,군산,나운,나운지구대,지구대,전라북도 군산시 대학로 291,전북특별자치도,군산시,35.9668010503244,126.694808063136,"나운동, 문화동, 미룡동, 산북동, 소룡동",8144,1107,747,212,2414,1317,41,2306
전북특별자치도경찰청,군산,임피,임피파출소,파출소,전라북도 군산시 임피면 서원석곡로 610,전북특별자치도,군산시,35.9826008554518,126.850478226788,임피면,8144,1107,747,212,2414,1317,41,2306
전북특별자치도경찰청,군산,성산,성산파출소,파출소,전라북도 군산시 성산면 동군산로 25,전북특별자치도,군산시,35.9896337557886,126.786008517547,"내흥동, 성산면",8144,1107,747,212,2414,1317,41,2306
전북특별자치도경찰청,군산,나포,나포파출소,파출소,전라북도 군산시 나포면 십자들로 644,전북특별자치도,군산시,36.0304786865595,126.832014152508,나포면,8144,1107,747,212,2414,1317,41,2306
전북특별자치도경찰청,군산,서수,서수파출소,파출소,전라북도 군산시 서수면 항쟁로 191,전북특별자치도,군산시,35.9831162310309,126.875630558533,서수면,8144,1107,747,212,2414,1317,41,2306
전북특별자치도경찰청,군산,대야,대야파출소,파출소,전라북도 군산시 대야면 만자로 10,전북특별자치도,군산시,35.9467560948952,126.811558542794,대야면,8144,1107,747,212,2414,1317,41,2306
전북특별자치도경찰청,군산,개정,개정파출소,파출소,전라북도 군산시 개정면 번영로 459,전북특별자치도,군산시,35.9583898252482,126.796433007246,개정면,8144,1107,747,212,2414,1317,41,2306
전북특별자치도경찰청,군산,회현,회현파출소,파출소,전라북도 군산시 회현면 회현로 173,전북특별자치도,군산시,35.9130848169775,126.756918161177,회현면,8144,1107,747,212,2414,1317,41,2306
전북특별자치도경찰청,군산,은파,은파지구대,지구대,전라북도 군산시 백토로 221번지,전북특별자치도,군산시,35.9674665619218,126.736840487468,"개정동, 사정동, 조촌동",8144,1107,747,212,2414,1317,41,2306
전북특별자치도경찰청,군산,옥산,옥산파출소,파출소,전라북도 군산시 옥산면 옥산로 236(옥산면),전북특별자치도,군산시,35.9394555882647,126.748374885285,옥산면,8144,1107,747,212,2414,1317,41,2306
전북특별자치도경찰청,군산,옥구,옥구파출소,파출소,전라북도 군산시 대학로 806,전북특별자치도,군산시,35.9230013406344,126.685212628548,"신관동, 옥구읍",8144,1107,747,212,2414,1317,41,2306
전북특별자치도경찰청,군산,개야도,개야도파출소,파출소,전라북도 군산시 옥도면 개야도2길 19 개야도파출소,전북특별자치도,군산시,35.8154621949065,126.473435206492,옥도면,8144,1107,747,212,2414,1317,41,2306
전북특별자치도경찰청,군산,어청도,어청도파출소,파출소,전라북도 군산시 옥도면 어청도길 93,전북특별자치도,군산시,35.8154621949065,126.473435206492,,8144,1107,747,212,2414,1317,41,2306
전북특별자치도경찰청,군산,선유도,선유도파출소,파출소,전라북도 군산시 옥도면 선유북길 70-2,전북특별자치도,군산시,35.8154621949065,126.473435206492,,8144,1107,747,212,2414,1317,41,2306
전북특별자치도경찰청,군산,옥서,옥서파출소,파출소,전라북도 군산시 옥서면 옥구저수지로 182,전북특별자치도,군산시,35.9244283178803,126.64494109808,"개사동, 내초동, 옥서면",8144,1107,747,212,2414,1317,41,2306
전북특별자치도경찰청,군산,비응,비응파출소,파출소,전라북도 군산시 요죽안2길 31,전북특별자치도,군산시,35.9464943683661,126.531495027585,"비응도동, 오식도동",8144,1107,747,212,2414,1317,41,2306
전북특별자치도경찰청,군산,중앙,중앙파출소,파출소,전라북도 군산시 서래안2길 24,전북특별자치도,군산시,35.9869087859903,126.712073933987,"금동, 송풍동, 신창동, 신흥동, 영화동, 월명동, 장미동, 중앙로1가",8144,1107,747,212,2414,1317,41,2306
전북특별자치도경찰청,군산,개복,개복파출소,파출소,전라북도 군산시 중정1길 16,전북특별자치도,군산시,35.9847824934176,126.713838119588,"개복동, 금광동, 금암동, 대명동, 둔율동, 명산동, 미원동, 삼학동",8144,1107,747,212,2414,1317,41,2306
전북특별자치도경찰청,군산,경장,경장지구대,지구대,전라북도 군산시 조촌2길 92-02,전북특별자치도,군산시,35.9694680306721,126.732279457745,"경암동, 경장동, 구암동, 미장동",8144,1107,747,212,2414,1317,41,2306
전북특별자치도경찰청,군산,서해,서해지구대,지구대,전라북도 군산시 공항로 377,전북특별자치도,군산시,35.9674665619218,126.736840487468,,8144,1107,747,212,2414,1317,41,2306
전북특별자치도경찰청,군산,수송,수송지구대,지구대,전라북도 군산시 미장안3길 3,전북특별자치도,군산시,35.9648059712572,126.717741526776,"동흥남동, 서흥남동, 수송동, 지곡동",8144,1107,747,212,2414,1317,41,2306
전북특별자치도경찰청,익산,신동,신동지구대,지구대,전라북도 익산시 익산대로64길 34,전북특별자치도,익산시,35.9598287857014,126.961321101795,"만석동, 부송동, 신동, 신용동, 어양동, 영등동, 임상동, 팔봉동",8727,1194,1026,201,2746,1168,59,2333
전북특별자치도경찰청,익산,부송팔봉,부송팔봉지구대,지구대,전라북도 익산시 무왕로 1152,전북특별자치도,익산시,35.9482628600199,126.957744486694,"남중동, 모현동2가, 신흥동, 용제동",8727,1194,1026,201,2746,1168,59,2333
전북특별자치도경찰청,익산,중앙,중앙지구대,지구대,전라북도 익산시 인북로 146,전북특별자치도,익산시,35.9396901298552,126.948244693056,"갈산동, 마동, 모현동1가, 송학동, 주현동, 중앙동1가, 중앙동2가, 중앙동3가",8727,1194,1026,201,2746,1168,59,2333
전북특별자치도경찰청,익산,평화,평화지구대,지구대,전라북도 익산시 인북로1길 26,전북특별자치도,익산시,35.9323022571966,126.945350594974,"동산동, 목천동, 인화동1가, 인화동2가, 평화동",8727,1194,1026,201,2746,1168,59,2333
전북특별자치도경찰청,익산,금마,금마파출소,파출소,전라북도 익산시 금마면 동고도리 874,전북특별자치도,익산시,35.9930249039219,127.052978968549,"금마면, 덕기동, 석왕동, 은기동",8727,1194,1026,201,2746,1168,59,2333
전북특별자치도경찰청,익산,여산,여산파출소,파출소,전라북도 익산시 여산면 가람로 376,전북특별자치도,익산시,36.0587523112062,127.085952024298,여산면,8727,1194,1026,201,2746,1168,59,2333
전북특별자치도경찰청,익산,왕궁,왕궁파출소,파출소,전라북도 익산시 왕궁면 왕궁로 537,전북특별자치도,익산시,35.9663638777074,127.087860607377,왕궁면,8727,1194,1026,201,2746,1168,59,2333
전북특별자치도경찰청,익산,용안,용안파출소,파출소,전라북도 익산시 용안면 현내1로 88,전북특별자치도,익산시,36.120031379847,126.952312010238,용안면,8727,1194,1026,201,2746,1168,59,2333
전북특별자치도경찰청,익산,망성,망성파출소,파출소,전라북도 익산시 망성면 무네미길 94,전북특별자치도,익산시,36.1325912095584,127.020654905072,망성면,8727,1194,1026,201,2746,1168,59,2333
전북특별자치도경찰청,익산,황등,황등파출소,파출소,전라북도 익산시 황등면 황등로 120,전북특별자치도,익산시,36.0044624885089,126.945074576014,"월성동, 황등면",8727,1194,1026,201,2746,1168,59,2333
전북특별자치도경찰청,익산,삼기,삼기파출소,파출소,전라북도 익산시 삼기면 황금로 475,전북특별자치도,익산시,36.0202816161649,126.984091518518,"삼기면, 정족동",8727,1194,1026,201,2746,1168,59,2333
전북특별자치도경찰청,익산,함라,함라파출소,파출소,전라북도 익산시 함라면 수동길 4,전북특별자치도,익산시,36.0600726289056,126.910388190987,함라면,8727,1194,1026,201,2746,1168,59,2333
전북특별자치도경찰청,익산,함열,함열파출소,파출소,전라북도 익산시 함열읍 함열1길 33,전북특별자치도,익산시,36.0745709609646,126.964666463985,함열읍,8727,1194,1026,201,2746,1168,59,2333
전북특별자치도경찰청,익산,낭산,낭산파출소,파출소,전라북도 익산시 낭산면 함낭로 957 낭산파출소,전북특별자치도,익산시,36.0780797165027,127.009849599816,낭산면,8727,1194,1026,201,2746,1168,59,2333
전북특별자치도경찰청,익산,웅포,웅포파출소,파출소,전라북도 익산시 웅포면 웅포리 806,전북특별자치도,익산시,36.0644841822015,126.87693229761,웅포면,8727,1194,1026,201,2746,1168,59,2333
전북특별자치도경찰청,익산,성당,성당파출소,파출소,전라북도 익산시 성당면 성당로 159,전북특별자치도,익산시,36.088278726417,126.934978919207,성당면,8727,1194,1026,201,2746,1168,59,2333
전북특별자치도경찰청,익산,용동,용동파출소,파출소,전라북도 익산시 용동면 용동1길 80-27 용동파출소,전북특별자치도,익산시,36.1099073917252,126.993047411928,용동면,8727,1194,1026,201,2746,1168,59,2333
전북특별자치도경찰청,익산,오산,오산파출소,파출소,전라북도 익산시 오산면 평동로 302,전북특별자치도,익산시,35.9387240188689,126.916328097393,오산면,8727,1194,1026,201,2746,1168,59,2333
전북특별자치도경찰청,익산,춘포,춘포파출소,파출소,전라북도 익산시 춘포로 340,전북특별자치도,익산시,35.9009295782785,127.005263838552,"금강동, 석암동, 석탄동, 춘포면",8727,1194,1026,201,2746,1168,59,2333
전북특별자치도경찰청,정읍,중앙,중앙지구대,지구대,전라북도 정읍시 수성5로 45-14,전북특별자치도,정읍시,35.5698780259932,126.856005647439,"수성동, 시기동, 연지동, 장명동",2594,427,443,37,641,454,23,569
전북특별자치도경찰청,정읍,상동,상동지구대,지구대,전라북도 정읍시 상사3길 22,전북특별자치도,정읍시,35.5621238188604,126.869149959471,"구룡동, 금붕동, 내장동, 부전동, 상동, 송산동, 쌍암동",2594,427,443,37,641,454,23,569
전북특별자치도경찰청,정읍,태인,태인파출소,파출소,전라북도 정읍시 태인면 태인로 41,전북특별자치도,정읍시,35.6505963689292,126.932535141466,"옹동면, 태인면",2594,427,443,37,641,454,23,569
전북특별자치도경찰청,정읍,북면,북면파출소,파출소,전라북도 정읍시 북면 정읍북로 554 북면파출소,전북특별자치도,정읍시,35.6092231273679,126.892232805233,"북면, 하북동",2594,427,443,37,641,454,23,569
전북특별자치도경찰청,정읍,칠보,칠보파출소,파출소,전라북도 정읍시 칠보면 칠보중앙로 97 칠보파출소,전북특별자치도,정읍시,35.6025835500164,126.993533000367,"산외면, 칠보면",2594,427,443,37,641,454,23,569
전북특별자치도경찰청,정읍,산외,산외파출소,파출소,전라북도 정읍시 칠보면 산외로 438,전북특별자치도,정읍시,35.6025835500164,126.993533000367,,2594,427,443,37,641,454,23,569
전북특별자치도경찰청,정읍,산내,산내파출소,파출소,전라북도 정읍시 산내면 능교신기길2,전북특별자치도,정읍시,35.5682297336934,127.030247338414,산내면,2594,427,443,37,641,454,23,569
전북특별자치도경찰청,정읍,농소,농소파출소,파출소,전라북도 정읍시 충정로 545,전북특별자치도,정읍시,35.5892094066861,126.841926982366,"공평동, 농소동, 덕천면, 망제동, 영파동, 용계동, 하모동, 흑암동",2594,427,443,37,641,454,23,569
전북특별자치도경찰청,정읍,입암,입암파출소,파출소,전라북도 정읍시 입암면 정읍남로 501 입암파출소,전북특별자치도,정읍시,35.5037572915125,126.793190936821,"신정동, 입암면",2594,427,443,37,641,454,23,569
전북특별자치도경찰청,정읍,과교,과교파출소,파출소,전라북도 정읍시 정읍사로 145,전북특별자치도,정읍시,35.5478463652256,126.838677652323,"과교동, 교암동, 삼산동, 상평동, 신월동, 용산동, 진산동",2594,427,443,37,641,454,23,569
전북특별자치도경찰청,정읍,고부,고부파출소,파출소,전라북도 정읍시 고부면 영주로 542,전북특별자치도,정읍시,35.6185618287653,126.771689579295,"고부면, 영원면",2594,427,443,37,641,454,23,569
전북특별자치도경찰청,정읍,이평,이평파출소,파출소,"전라북도 정읍시 황토현로 304번지 ""이평파출소""",전북특별자치도,정읍시,35.6649487286183,126.838177354072,"이평면, 정우면",2594,427,443,37,641,454,23,569
전북특별자치도경찰청,정읍,신태인,신태인파출소,파출소,전라북도 정읍시 신태인읍 신태인중앙로 30,전북특별자치도,정읍시,35.688159844917,126.886651546448,신태인읍,2594,427,443,37,641,454,23,569
전북특별자치도경찰청,정읍,감곡,감곡파출소,파출소,전라북도 정읍시 감곡면 원삼1길 33,전북특별자치도,정읍시,35.7148878436574,126.928506951742,감곡면,2594,427,443,37,641,454,23,569
전북특별자치도경찰청,정읍,소성,소성파출소,파출소,전라북도 정읍시 소성면 보화1길 118,전북특별자치도,정읍시,35.5568661143903,126.783203024789,소성면,2594,427,443,37,641,454,23,569
전북특별자치도경찰청,정읍,역전,역전지구대,지구대,전라북도 정읍시 서부산업도로 303,전북특별자치도,정읍시,35.5698780259932,126.856005647439,,2594,427,443,37,641,454,23,569
전북특별자치도경찰청,남원,중앙,중앙지구대,지구대,전라북도 남원시 충정로 43,전북특별자치도,남원시,35.4163627529983,127.390396427422,"금동, 내척동, 노암동, 대산면, 동충동, 산곡동, 신정동, 신촌동",1939,314,241,41,597,321,27,398
전북특별자치도경찰청,남원,도통,도통지구대,지구대,전라북도 남원시 요천로 1812,전북특별자치도,남원시,35.4198209192714,127.400089373545,"갈치동, 고죽동, 광치동, 도통동, 식정동, 월락동, 이백면, 주천면",1939,314,241,41,597,321,27,398
전북특별자치도경찰청,남원,금지,금지파출소,파출소,전라북도 남원시 금지면 요천로 527,전북특별자치도,남원시,35.3576326002428,127.303859603117,"금지면, 대강면, 주생면",1939,314,241,41,597,321,27,398
전북특별자치도경찰청,남원,운봉,운봉파출소,파출소,전라북도 남원시 운봉읍 운성로 30,전북특별자치도,남원시,35.4398031429868,127.528909077171,운봉읍,1939,314,241,41,597,321,27,398
전북특별자치도경찰청,남원,인월,인월파출소,파출소,전라북도 남원시 인월면 인월로 56,전북특별자치도,남원시,35.4644143285828,127.600167872248,인월면,1939,314,241,41,597,321,27,398
전북특별자치도경찰청,남원,산내,산내파출소,파출소,전라북도 남원시 산내면 대정길 119,전북특별자치도,남원시,35.4192216748003,127.623223361139,산내면,1939,314,241,41,597,321,27,398
전북특별자치도경찰청,남원,아영,아영파출소,파출소,전라북도 남원시 아영면 아백로 363,전북특별자치도,남원시,35.5086579365101,127.612904140789,아영면,1939,314,241,41,597,321,27,398
전북특별자치도경찰청,남원,송동,송동파출소,파출소,전라북도 남원시 송동면 송기안길 29-9,전북특별자치도,남원시,35.354678057958,127.337166837576,"송동면, 수지면",1939,314,241,41,597,321,27,398
전북특별자치도경찰청,남원,대강,대강파출소,파출소,전라북도 남원시 금지면 섬진로 885,전북특별자치도,남원시,35.3576326002428,127.303859603117,,1939,314,241,41,597,321,27,398
전북특별자치도경찰청,남원,사매,사매파출소,파출소,전라북도 남원시 사매면 덕오로 100,전북특별자치도,남원시,35.49851075466,127.360546067549,"덕과면, 사매면",1939,314,241,41,597,321,27,398
전북특별자치도경찰청,남원,보절,보절파출소,파출소,전라북도 남원시 보절면 신흥2길 11,전북특별자치도,남원시,35.5131166158322,127.402363960098,"보절면, 산동면",1939,314,241,41,597,321,27,398
전북특별자치도경찰청,김제,신풍,신풍지구대,지구대,전라북도 김제시 금성8길 21,전북특별자치도,김제시,35.7959836968417,126.897915116825,"갈공동, 검산동, 교동, 난봉동, 도장동, 백학동, 서암동, 서정동",1951,293,162,38,523,469,13,453
전북특별자치도경찰청,김제,월촌,월촌지구대,지구대,전라북도 김제시 부량면 벽골제로 837,전북특별자치도,김제시,35.7339401102545,126.843914160036,"부량면, 신덕동",1951,293,162,38,523,469,13,453
전북특별자치도경찰청,김제,백산,백산파출소,파출소,전라북도 김제시 백산면 백산로 52-1,전북특별자치도,김제시,35.8282257937354,126.892141143981,"백산면, 상동동, 순동, 신곡동, 하동, 흥사동",1951,293,162,38,523,469,13,453
전북특별자치도경찰청,김제,용지,용지파출소,파출소,전라북도 김제시 용지면 용지로 447,전북특별자치도,김제시,35.8536958379491,126.955505336972,용지면,1951,293,162,38,523,469,13,453
전북특별자치도경찰청,김제,공덕,공덕파출소,파출소,전라북도 김제시 공덕면 유강로 221,전북특별자치도,김제시,35.8923614866421,126.912912363272,공덕면,1951,293,162,38,523,469,13,453
전북특별자치도경찰청,김제,백구,백구파출소,파출소,전라북도 김제시 번영로 2503,전북특별자치도,김제시,35.8907195870138,126.967645726876,백구면,1951,293,162,38,523,469,13,453
전북특별자치도경찰청,김제,금산,금산파출소,파출소,전라북도 김제시 금산면 원평로 85,전북특별자치도,김제시,35.7165277114723,126.996211537581,금산면,1951,293,162,38,523,469,13,453
전북특별자치도경찰청,김제,금구,금구파출소,파출소,전라북도 김제시 금구면 봉두로 77,전북특별자치도,김제시,35.7743708758569,127.011351493358,"금구면, 봉남면",1951,293,162,38,523,469,13,453
전북특별자치도경찰청,김제,봉남,봉남파출소,파출소,전라북도 김제시 금산면 봉남로 415,전북특별자치도,김제시,35.7165277114723,126.996211537581,,1951,293,162,38,523,469,13,453
전북특별자치도경찰청,김제,만경,만경파출소,파출소,전라북도 김제시 만경읍 두내산로 53,전북특별자치도,김제시,35.8543948305221,126.820018304837,"만경읍, 진봉면, 청하면",1951,293,162,38,523,469,13,453
전북특별자치도경찰청,김제,진봉,진봉파출소,파출소,전라북도 김제시 성덕면 지평선로 1748,전북특별자치도,김제시,35.8205360035055,126.805855161075,"광활면, 복죽동, 성덕면",1951,293,162,38,523,469,13,453
전북특별자치도경찰청,김제,죽산,죽산파출소,파출소,전라북도 김제시 죽산면 죽산로 119-7,전북특별자치도,김제시,35.7724030723591,126.813775613671,"명덕동, 장화동, 죽산면",1951,293,162,38,523,469,13,453
전북특별자치도경찰청,완주,소양,소양파출소,파출소,전라북도 완주군 소양면 소양로 228,전북특별자치도,완주군,35.856073020262,127.233391196792,소양면,2190,304,224,50,584,486,16,526
전북특별자치도경찰청,완주,상관,상관파출소,파출소,전라북도 완주군 상관면 신리로 83,전북특별자치도,완주군,35.7717563155284,127.206960976262,상관면,2190,304,224,50,584,486,16,526
전북특별자치도경찰청,완주,이서,이서파출소,파출소,전라북도 완주군 이서면 이서로 51,전북특별자치도,완주군,35.8206366026471,127.022521392115,이서면,2190,304,224,50,584,486,16,526
전북특별자치도경찰청,완주,고산,고산파출소,파출소,전라북도 완주군 고산면 고산로 93,전북특별자치도,완주군,35.976318332627,127.205036667459,"고산면, 동상면, 비봉면",2190,304,224,50,584,486,16,526
전북특별자치도경찰청,완주,화산,화산파출소,파출소,전라북도 완주군 화산면 화산로 860,전북특별자치도,완주군,36.0356724556523,127.203481630258,"경천면, 화산면",2190,304,224,50,584,486,16,526
전북특별자치도경찰청,완주,운주,운주파출소,파출소,전라북도 완주군 운주면 운주로 120,전북특별자치도,완주군,36.092459690396,127.277433212794,운주면,2190,304,224,50,584,486,16,526
전북특별자치도경찰청,완주,구이,구이파출소,파출소,전라북도 완주군 구이면 상하학길 5번지,전북특별자치도,완주군,35.7319402725426,127.120754496546,구이면,2190,304,224,50,584,486,16,526
전북특별자치도경찰청,완주,둔산,둔산파출소,파출소,전라북도 완주군 봉동읍 과학로 1041,전북특별자치도,완주군,35.9416848722579,127.165802836097,봉동읍,2190,304,224,50,584,486,16,526
전북특별자치도경찰청,완주,봉동,봉동파출소,파출소,전라북도 완주군 봉동읍 봉동동서로 145,전북특별자치도,완주군,35.9416848722579,127.165802836097,,2190,304,224,50,584,486,16,526
전북특별자치도경찰청,완주,용진,용진파출소,파출소,전라북도 완주군 용진읍 완주로 198,전북특별자치도,완주군,35.8803840324076,127.156310621816,용진읍,2190,304,224,50,584,486,16,526
전북특별자치도경찰청,완주,삼례,삼례파출소,파출소,전라북도 완주군 삼례읍 삼례역로 29,전북특별자치도,완주군,35.9131108948609,127.07794599181,삼례읍,2190,304,224,50,584,486,16,526
전북특별자치도경찰청,고창,모양,모양지구대,지구대,전라북도 고창군 고창읍 남구1길 14 모양지구대,전북특별자치도,고창군,35.4344530435274,126.703032405916,"고수면, 고창읍",1234,189,77,35,432,206,11,284
전북특별자치도경찰청,고창,대산,대산파출소,파출소,전라북도 고창군 대산면 고산성로 4번지 대산파출소,전북특별자치도,고창군,35.3410173161827,126.603361896893,대산면,1234,189,77,35,432,206,11,284
전북특별자치도경찰청,고창,공음,공음파출소,파출소,전라북도 고창군 공음면 공음길 39-1 공음파출소,전북특별자치도,고창군,35.3779265022782,126.511350800575,공음면,1234,189,77,35,432,206,11,284
전북특별자치도경찰청,고창,성송,성송파출소,파출소,전라북도 고창군 성송면 대성로 777 성송파출소,전북특별자치도,고창군,35.3643733120833,126.646640076718,성송면,1234,189,77,35,432,206,11,284
전북특별자치도경찰청,고창,아산,아산파출소,파출소,전라북도 고창군 아산면 녹두로 796 아산파출소,전북특별자치도,고창군,35.4397782732052,126.634764322976,아산면,1234,189,77,35,432,206,11,284
전북특별자치도경찰청,고창,해리,해리파출소,파출소,전라북도 고창군 해리면 해리중앙로 49 해리파출소,전북특별자치도,고창군,35.4609884974531,126.539068432502,"상하면, 심원면, 해리면",1234,189,77,35,432,206,11,284
전북특별자치도경찰청,고창,무장,무장파출소,파출소,전라북도 고창군 무장남북로 20-8 무장파출소,전북특별자치도,고창군,35.4191873484982,126.560759810825,무장면,1234,189,77,35,432,206,11,284
전북특별자치도경찰청,고창,흥덕,흥덕파출소,파출소,전라북도 고창군 흥덕면 선운대로 3759 흥덕파출소,전북특별자치도,고창군,35.5177966577872,126.703612104603,"성내면, 신림면, 흥덕면",1234,189,77,35,432,206,11,284
전북특별자치도경찰청,고창,부안,부안파출소,파출소,전라북도 고창군 부안면 복분자로 873 부안파출소,전북특별자치도,고창군,35.5141693941984,126.674095230614,부안면,1234,189,77,35,432,206,11,284
전북특별자치도경찰청,부안,서림,서림지구대,지구대,전라북도 부안군 부안읍 석정로 154 서림지구대,전북특별자치도,부안군,35.7296078451065,126.736895658264,"동진면, 백산면, 부안읍, 행안면",1010,159,101,25,300,191,5,229
전북특별자치도경찰청,부안,진서,진서파출소,파출소,전라북도 부안군 진서면 곰소8길 14 진서파출소,전북특별자치도,부안군,35.5876433577585,126.605432861743,진서면,1010,159,101,25,300,191,5,229
전북특별자치도경찰청,부안,보안,보안파출소,파출소,전라북도 부안군 보안면 부안로 1154 보안파출소,전북특별자치도,부안군,35.6121432981851,126.671283402311,보안면,1010,159,101,25,300,191,5,229
전북특별자치도경찰청,부안,줄포,줄포파출소,파출소,전라북도 부안군 줄포면 줄포1길 4 줄포파출소,전북특별자치도,부안군,35.5911388222723,126.677645545578,줄포면,1010,159,101,25,300,191,5,229
전북특별자치도경찰청,부안,위도,위도파출소,파출소,전라북도 부안군 위도면 위도로 247 위도파출소,전북특별자치도,부안군,35.6025864050162,126.293014866997,위도면,1010,159,101,25,300,191,5,229
전북특별자치도경찰청,부안,격포,격포파출소,파출소,전라북도 부안군 변산면 격포로 180 격포파출소,전북특별자치도,부안군,35.6634889289634,126.528462533107,변산면,1010,159,101,25,300,191,5,229
전북특별자치도경찰청,부안,하서,하서파출소,파출소,전라북도 부안군 하서면 하서길 52 하서파출소,전북특별자치도,부안군,35.7155448409924,126.66200939153,하서면,1010,159,101,25,300,191,5,229
전북특별자치도경찰청,부안,계화,계화파출소,파출소,전라북도 부안군 계화면 간재로 399 계화파출소,전북특별자치도,부안군,35.7616955730676,126.698074742182,계화면,1010,159,101,25,300,191,5,229
전북특별자치도경찰청,부안,상서,상서파출소,파출소,전라북도 부안군 상서면 부안로 1991 상서파출소,전북특별자치도,부안군,35.686434390927,126.678044774875,상서면,1010,159,101,25,300,191,5,229
전북특별자치도경찰청,부안,주산,주산파출소,파출소,전라북도 부안군 주산면 선돌로 325 주산파출소,전북특별자치도,부안군,35.6718994487961,126.711071220043,주산면,1010,159,101,25,300,191,5,229
전북특별자치도경찰청,임실,오수,오수지구대,지구대,전라북도 임실군 오수면 충효로 2095-7,전북특별자치도,임실군,35.5413244751231,127.32697176441,"삼계면, 오수면, 지사면",466,52,51,11,126,119,4,103
전북특별자치도경찰청,임실,운수,운수파출소,파출소,전라북도 임실군 임실읍 봉황로 212,전북특별자치도,임실군,35.6173658938172,127.286873745219,"성수면, 임실읍",466,52,51,11,126,119,4,103
전북특별자치도경찰청,임실,강진,강진파출소,파출소,전라북도 임실군 강진면 강운로 143,전북특별자치도,임실군,35.5303328495109,127.163567443812,"강진면, 덕치면, 청웅면",466,52,51,11,126,119,4,103
전북특별자치도경찰청,임실,하운암,하운암파출소,파출소,전라북도 임실군 운암면 강운로 1018,전북특별자치도,임실군,35.6606460494296,127.160440115153,"신덕면, 운암면",466,52,51,11,126,119,4,103
전북특별자치도경찰청,임실,관촌,관촌파출소,파출소,전라북도 임실군 관촌면 사선로 35,전북특별자치도,임실군,35.6737946087,127.27080317392,관촌면,466,52,51,11,126,119,4,103
전북특별자치도경찰청,임실,신평,신평파출소,파출소,전라북도 임실군 신평면 가덕로 665,전북특별자치도,임실군,35.6570693447634,127.223949640806,신평면,466,52,51,11,126,119,4,103
전북특별자치도경찰청,순창,팔덕,팔덕파출소,파출소,"전라북도 순창군 팔덕면 강천로 334, 팔덕파출소",전북특별자치도,순창군,35.3915914456626,127.097121502572,"금과면, 팔덕면",444,62,39,11,102,132,6,92
전북특별자치도경찰청,순창,쌍치,쌍치파출소,파출소,"전라북도 순창군 쌍치면 쌍계로 25, 쌍치파출소",전북특별자치도,순창군,35.5005636388592,127.001344667371,쌍치면,444,62,39,11,102,132,6,92
전북특별자치도경찰청,순창,복흥,복흥파출소,파출소,전라북도 순창군 복흥면 추령로 1147 복흥파출소,전북특별자치도,순창군,35.4321695323794,126.92973561896,복흥면,444,62,39,11,102,132,6,92
전북특별자치도경찰청,순창,구림,구림파출소,파출소,"전라북도 순창군 구림면 구림로 469, 구림파출소",전북특별자치도,순창군,35.4529742616063,127.102315147398,구림면,444,62,39,11,102,132,6,92
전북특별자치도경찰청,순창,남계,남계파출소,파출소,"전라북도 순창군 순창읍 남계로 30, 남계파출소",전북특별자치도,순창군,35.3769359400897,127.147031505647,"순창읍, 유등면, 인계면, 풍산면",444,62,39,11,102,132,6,92
전북특별자치도경찰청,순창,순화,순화파출소,파출소,"전라북도 순창군 순창읍 장류로 338, 순화파출소",전북특별자치도,순창군,35.3769359400897,127.147031505647,,444,62,39,11,102,132,6,92
전북특별자치도경찰청,순창,동계,동계파출소,파출소,"전라북도 순창군 동계면 충효로 347, 동계파출소",전북특별자치도,순창군,35.4412364403538,127.242897466141,"동계면, 적성면",444,62,39,11,102,132,6,92
전북특별자치도경찰청,진안,동향안천,동향안천파출소,파출소,전라북도 진안군 동향면 양지길 35 (동향안천파출소),전북특별자치도,진안군,35.8381474635254,127.567937096038,"동향면, 안천면",529,65,47,7,211,92,7,100
전북특별자치도경찰청,진안,마령,마령파출소,파출소,전라북도 진안군 마령면 임진로 2100(마령파출소),전북특별자치도,진안군,35.7344433351892,127.370812189982,마령면,529,65,47,7,211,92,7,100
전북특별자치도경찰청,진안,백운,백운파출소,파출소,전라북도 진안군 백운면 임진로 1338(백운파출소),전북특별자치도,진안군,35.6894150875464,127.395951525691,백운면,529,65,47,7,211,92,7,100
전북특별자치도경찰청,진안,성수,성수파출소,파출소,전라북도 진안군 성수면 관진로 771 (성수파출소),전북특별자치도,진안군,35.7085445224066,127.323277331915,성수면,529,65,47,7,211,92,7,100
전북특별자치도경찰청,진안,부귀,부귀파출소,파출소,전라북도 진안군 부귀면 부귀로 335 (부귀파출소),전북특별자치도,진안군,35.8373269991001,127.360332864434,부귀면,529,65,47,7,211,92,7,100
전북특별자치도경찰청,진안,주천용담,주천용담파출소,파출소,전라북도 진안군 주천면 동상주천로 2201 (주천용담파출소),전북특별자치도,진안군,35.9752524899679,127.42547846477,"용담면, 주천면",529,65,47,7,211,92,7,100
전북특별자치도경찰청,진안,마이,마이파출소,파출소,전라북도 진안군 진안읍 진무로 1018(마이파출소),전북특별자치도,진안군,35.7892727060328,127.423192937564,"상전면, 진안읍",529,65,47,7,211,92,7,100
전북특별자치도경찰청,진안,정천상전,정천상전파출소,파출소,전라북도 진안군 정천면 봉학로 105(정천상전파출소),전북특별자치도,진안군,35.8731671872855,127.428617112258,정천면,529,65,47,7,211,92,7,100
전북특별자치도경찰청,장수,장수,장수파출소,파출소,전라북도 장수군 장수읍 장천로 228,전북특별자치도,장수군,35.6542060803554,127.519651585548,장수읍,405,60,42,10,125,85,3,80
전북특별자치도경찰청,장수,번암,번암파출소,파출소,전라북도 장수군 번암면 장수로 474,전북특별자치도,장수군,35.5320044388073,127.543842923474,번암면,405,60,42,10,125,85,3,80
전북특별자치도경찰청,장수,산서,산서파출소,파출소,전라북도 장수군 산서면 비행로 20,전북특별자치도,장수군,35.5841943347889,127.396425866531,산서면,405,60,42,10,125,85,3,80
전북특별자치도경찰청,장수,장계,장계파출소,파출소,전라북도 장수군 장계면 한들로 97,전북특별자치도,장수군,35.7319368232827,127.58891316457,"계남면, 장계면",405,60,42,10,125,85,3,80
전북특별자치도경찰청,장수,천천,천천파출소,파출소,전라북도 장수군 천천면 천천로 67,전북특별자치도,장수군,35.7334622298528,127.532329485553,천천면,405,60,42,10,125,85,3,80
전북특별자치도경찰청,장수,계북,계북파출소,파출소,전라북도 장수군 계북면 장무로 953,전북특별자치도,장수군,35.7855804602892,127.612536467041,계북면,405,60,42,10,125,85,3,80
전북특별자치도경찰청,무주,주계,주계파출소,파출소,전라북도 무주군 무주읍 적천로 367,전북특별자치도,무주군,36.0088145447177,127.66230467208,무주읍,539,74,30,15,190,109,5,116
전북특별자치도경찰청,무주,설천,설천파출소,파출소,전라북도 무주군 설천면 무설로 1549,전북특별자치도,무주군,36.0081773310559,127.789619970764,설천면,539,74,30,15,190,109,5,116
전북특별자치도경찰청,무주,구천,구천파출소,파출소,전라북도 무주군 설천면 구천동1로 160,전북특별자치도,무주군,36.0081773310559,127.789619970764,,539,74,30,15,190,109,5,116
전북특별자치도경찰청,무주,안성,안성파출소,파출소,전라북도 무주군 안성면 안성로 274,전북특별자치도,무주군,35.8635049251994,127.653046687405,안성면,539,74,30,15,190,109,5,116
전북특별자치도경찰청,무주,적상,적상파출소,파출소,전라북도 무주군 적상면 적상산로 37,전북특별자치도,무주군,35.9455181920735,127.65939097001,적상면,539,74,30,15,190,109,5,116
전북특별자치도경찰청,무주,무풍,무풍파출소,파출소,전라북도 무주군 무풍면 현내로 203,전북특별자치도,무주군,35.9699625125064,127.844666718765,무풍면,539,74,30,15,190,109,5,116
전북특별자치도경찰청,무주,부남,부남파출소,파출소,전라북도 무주군 부남면 부남로 856,전북특별자치도,무주군,35.9738261584764,127.558782680071,부남면,539,74,30,15,190,109,5,116
전라남도경찰청,목포,하당,하당지구대,지구대,전라남도 목포시 하당로 62,전라남도,목포시,34.8118238820031,126.392266004669,용해동,8796,1227,963,222,2964,1514,80,1826
전라남도경찰청,목포,역전,역전파출소,파출소,전라남도 목포시 영산로 88-1,전라남도,목포시,34.8118238820031,126.392266004669,,8796,1227,963,222,2964,1514,80,1826
전라남도경찰청,목포,중앙,중앙파출소,파출소,전라남도 목포시 영산로121번길 61,전라남도,목포시,34.7862964686491,126.3836821038,"경동1가, 경동2가, 광동1가, 광동2가, 광동3가, 금동1가, 금동2가, 금화동",8796,1227,963,222,2964,1514,80,1826
전라남도경찰청,목포,연동,연동파출소,파출소,전라남도 목포시 영산로 259,전라남도,목포시,34.8118238820031,126.392266004669,,8796,1227,963,222,2964,1514,80,1826
전라남도경찰청,목포,삼학,삼학파출소,파출소,전라남도 목포시 삼학로 151,전라남도,목포시,34.8118238820031,126.392266004669,,8796,1227,963,222,2964,1514,80,1826
전라남도경찰청,목포,산정,산정파출소,파출소,전라남도 목포시 마파지로 90,전라남도,목포시,34.8091167013334,126.386637884066,"산정동, 연산동",8796,1227,963,222,2964,1514,80,1826
전라남도경찰청,목포,죽교,죽교파출소,파출소,전라남도 목포시 북항로 117,전라남도,목포시,34.7998639688934,126.375136328549,"달동, 대성동, 북교동, 양동, 율도동, 죽교동",8796,1227,963,222,2964,1514,80,1826
전라남도경찰청,목포,용당,용당파출소,파출소,전라남도 목포시 양을로 239,전라남도,목포시,34.8059480149959,126.391788949861,용당동,8796,1227,963,222,2964,1514,80,1826
전라남도경찰청,목포,상동,상동파출소,파출소,전라남도 목포시 영산로 495-2,전라남도,목포시,34.8137773721861,126.414171685408,"대양동, 상동, 석현동, 옥암동",8796,1227,963,222,2964,1514,80,1826
전라남도경찰청,목포,이로,이로파출소,파출소,전라남도 목포시 하당로 252,전라남도,목포시,34.8118238820031,126.392266004669,,8796,1227,963,222,2964,1514,80,1826
전라남도경찰청,목포,부주,부주파출소,파출소,전라남도 목포시 남악1로42번길 21,전라남도,목포시,34.8118238820031,126.392266004669,,8796,1227,963,222,2964,1514,80,1826
전라남도경찰청,여수,쌍봉,쌍봉지구대,지구대,전라남도 여수시 흥국로 19,전라남도,여수시,34.7604010648257,127.662331251572,"선원동, 소호동, 안산동, 여천동, 학동, 화장동",8295,1320,713,160,2473,1664,88,1877
전라남도경찰청,여수,소라,소라파출소,파출소,전라남도 여수시 소라면 덕양로 452,전라남도,여수시,34.7927178488225,127.632515201229,"소라면, 월하동, 주삼동, 중흥동, 해산동, 화치동",8295,1320,713,160,2473,1664,88,1877
전라남도경찰청,여수,삼일,삼일파출소,파출소,전라남도 여수시 중흥4로 20-10,전라남도,여수시,34.7604010648257,127.662331251572,,8295,1320,713,160,2473,1664,88,1877
전라남도경찰청,여수,돌산,돌산파출소,파출소,전라남도 여수시 돌산읍 돌산로 1258-3,전라남도,여수시,34.6173483624987,127.721929765524,돌산읍,8295,1320,713,160,2473,1664,88,1877
전라남도경찰청,여수,화양,화양파출소,파출소,전라남도 여수시 화양면 나진길 14-12,전라남도,여수시,34.7081266460015,127.61349767072,화양면,8295,1320,713,160,2473,1664,88,1877
전라남도경찰청,여수,율촌,율촌파출소,파출소,전라남도 여수시 율촌면 율촌로 103,전라남도,여수시,34.8819390865658,127.578584668422,율촌면,8295,1320,713,160,2473,1664,88,1877
전라남도경찰청,여수,만흥,만흥파출소,파출소,전라남도 여수시 망양로 221,전라남도,여수시,34.7742941311102,127.732684362956,"낙포동, 만흥동, 묘도동, 상암동, 신덕동, 오천동, 월내동, 적량동",8295,1320,713,160,2473,1664,88,1877
전라남도경찰청,여수,화정,화정파출소,파출소,전라남도 여수시 화정면 백야2길 9,전라남도,여수시,34.6209673131008,127.639422160493,화정면,8295,1320,713,160,2473,1664,88,1877
전라남도경찰청,여수,남면,남면파출소,파출소,전라남도 여수시 남면 금오로 870,전라남도,여수시,34.5094573009876,127.76658108729,남면,8295,1320,713,160,2473,1664,88,1877
전라남도경찰청,여수,삼산,삼산파출소,파출소,전라남도 여수시 삼산면 거문길 26-8,전라남도,여수시,34.0256926025785,127.311945580817,삼산면,8295,1320,713,160,2473,1664,88,1877
전라남도경찰청,여수,중앙,중앙파출소,파출소,전라남도 여수시 수정2길 14,전라남도,여수시,34.7389154418515,127.738189779903,"고소동, 공화동, 관문동, 군자동, 동산동, 수정동, 종화동, 중앙동",8295,1320,713,160,2473,1664,88,1877
전라남도경찰청,여수,동문,동문파출소,파출소,전라남도 여수시 이순신광장로 200-1,전라남도,여수시,34.7604010648257,127.662331251572,,8295,1320,713,160,2473,1664,88,1877
전라남도경찰청,여수,봉산,봉산파출소,파출소,전라남도 여수시 어항로 43,전라남도,여수시,34.7341663483168,127.72325428597,"경호동, 국동, 봉산동, 신월동",8295,1320,713,160,2473,1664,88,1877
전라남도경찰청,여수,남산,남산파출소,파출소,전라남도 여수시 남산북10길 2,전라남도,여수시,34.7350481875316,127.730158366432,"교동, 남산동, 서교동",8295,1320,713,160,2473,1664,88,1877
전라남도경찰청,여수,여문,여문파출소,파출소,전라남도 여수시 여문1로31,전라남도,여수시,34.7604010648257,127.662331251572,,8295,1320,713,160,2473,1664,88,1877
전라남도경찰청,여수,미평,미평파출소,파출소,전라남도 여수시 좌수영로 431,전라남도,여수시,34.7689445828505,127.704393534701,"둔덕동, 문수동, 미평동, 봉계동, 오림동, 평여동",8295,1320,713,160,2473,1664,88,1877
전라남도경찰청,여수,광무,광무파출소,파출소,전라남도 여수시 좌수영로 150,전라남도,여수시,34.7481530661721,127.722537482847,"광무동, 덕충동, 봉강동, 여서동, 연등동",8295,1320,713,160,2473,1664,88,1877
전라남도경찰청,여수,신기,신기파출소,파출소,전라남도 여수시 새터로 31,전라남도,여수시,34.7584835251092,127.673390911413,"시전동, 신기동, 웅천동, 학용동",8295,1320,713,160,2473,1664,88,1877
전라남도경찰청,순천,금당,금당지구대,지구대,전라남도 순천시 기적의도서관2길 3,전라남도,순천시,34.9506097806669,127.487382934915,"금곡동, 남내동, 남정동, 덕월동, 동외동, 매곡동, 상사면, 야흥동",7941,1294,765,190,2457,1505,113,1617
전라남도경찰청,순천,왕조,왕조지구대,지구대,전라남도 순천시 왕지2길 10-8,전라남도,순천시,34.9506097806669,127.487382934915,,7941,1294,765,190,2457,1505,113,1617
전라남도경찰청,순천,남문,남문파출소,파출소,전라남도 순천시 중앙로 2,전라남도,순천시,34.9506097806669,127.487382934915,,7941,1294,765,190,2457,1505,113,1617
전라남도경찰청,순천,북문,북문파출소,파출소,전라남도 순천시 중앙로 214,전라남도,순천시,34.9506097806669,127.487382934915,,7941,1294,765,190,2457,1505,113,1617
전라남도경찰청,순천,별량,별량파출소,파출소,전라남도 순천시 별량면 반곡길 2,전라남도,순천시,34.8743633055356,127.451941247841,"별량면, 안풍동, 인월동",7941,1294,765,190,2457,1505,113,1617
전라남도경찰청,순천,낙안,낙안파출소,파출소,전라남도 순천시 낙안면 조정래길 776,전라남도,순천시,34.9080617927639,127.346250990193,"낙안면, 외서면",7941,1294,765,190,2457,1505,113,1617
전라남도경찰청,순천,황전,황전파출소,파출소,전라남도 순천시 황전면 괴목길 97,전라남도,순천시,35.1013731540048,127.427017148005,"월등면, 황전면",7941,1294,765,190,2457,1505,113,1617
전라남도경찰청,순천,송광,송광파출소,파출소,전라남도 순천시 송광면 쌍향수길 1332,전라남도,순천시,34.9740808402069,127.263841176795,송광면,7941,1294,765,190,2457,1505,113,1617
전라남도경찰청,순천,주암,주암파출소,파출소,전라남도 순천시 주암면 동주로 2046,전라남도,순천시,35.0767887517298,127.23507587562,주암면,7941,1294,765,190,2457,1505,113,1617
전라남도경찰청,순천,승주,승주파출소,파출소,전라남도 순천시 승주읍 승주로 723-3,전라남도,순천시,35.0144261926026,127.389865992475,승주읍,7941,1294,765,190,2457,1505,113,1617
전라남도경찰청,순천,해룡,해룡파출소,파출소,전라남도 순천시 해룡면 월전길 43,전라남도,순천시,34.9137220958045,127.537706930417,"교량동, 대대동, 대룡동, 해룡면, 홍내동",7941,1294,765,190,2457,1505,113,1617
전라남도경찰청,순천,연향,연향파출소,파출소,전라남도 순천시 연향번영길 58,전라남도,순천시,34.9414395581836,127.520737029013,"덕암동, 생목동, 연향동, 오천동, 왕지동, 조례동",7941,1294,765,190,2457,1505,113,1617
전라남도경찰청,순천,역전,역전파출소,파출소,전라남도 순천시 팔마로 117,전라남도,순천시,34.9506097806669,127.487382934915,,7941,1294,765,190,2457,1505,113,1617
전라남도경찰청,순천,남도,남도파출소,파출소,전라남도 순천시 지현길 21,전라남도,순천시,34.9506097806669,127.487382934915,,7941,1294,765,190,2457,1505,113,1617
전라남도경찰청,순천,서면,서면파출소,파출소,전라남도 순천시 서면 동산길 16,전라남도,순천시,34.9946941350288,127.488318875516,"가곡동, 서면, 용당동",7941,1294,765,190,2457,1505,113,1617
전라남도경찰청,순천,삼산,삼산파출소,파출소,전라남도 순천시 석현동 15-11,전라남도,순천시,34.9875114059741,127.455059386473,"삼거동, 석현동, 와룡동",7941,1294,765,190,2457,1505,113,1617
전라남도경찰청,순천,신대,신대파출소,파출소,전라남도 순천시 해룡면 매안5길 17,전라남도,순천시,34.9137220958045,127.537706930417,,7941,1294,765,190,2457,1505,113,1617
전라남도경찰청,나주,금성,금성지구대,지구대,전라남도 나주시 학생운동길 16,전라남도,나주시,35.0293250732517,126.717155254023,"경현동, 과원동, 교동, 금계동, 금성동, 남내동, 남외동, 대호동",3369,467,352,51,937,757,36,769
전라남도경찰청,나주,왕곡,왕곡파출소,파출소,전라남도 나주시 왕곡면 나주서부로 384,전라남도,나주시,34.9681568794255,126.669794352802,"동수동, 오량동, 왕곡면, 진포동",3369,467,352,51,937,757,36,769
전라남도경찰청,나주,공산,공산파출소,파출소,전라남도 나주시 공산면 공산로 134,전라남도,나주시,34.9433297911224,126.608141361463,"공산면, 동강면, 반남면",3369,467,352,51,937,757,36,769
전라남도경찰청,나주,금천,금천파출소,파출소,전라남도 나주시 금천면 금영로 941,전라남도,나주시,35.0308501080124,126.753479275255,금천면,3369,467,352,51,937,757,36,769
전라남도경찰청,나주,노안,노안파출소,파출소,전라남도 나주시 노안면 금산로 32-53,전라남도,나주시,35.0759205308752,126.732217548952,"노안면, 석현동, 송촌동",3369,467,352,51,937,757,36,769
전라남도경찰청,나주,남평,남평파출소,파출소,전라남도 나주시 남평읍 남평1로 37,전라남도,나주시,35.0463802449393,126.843159552018,남평읍,3369,467,352,51,937,757,36,769
전라남도경찰청,나주,봉황,봉황파출소,파출소,전라남도 나주시 봉황면 봉황로 702,전라남도,나주시,34.958293304832,126.784208689947,"다도면, 봉황면, 세지면",3369,467,352,51,937,757,36,769
전라남도경찰청,나주,산포,산포파출소,파출소,전라남도 나주시 산포면 산포로 443-5,전라남도,나주시,35.0401462197078,126.805706965034,산포면,3369,467,352,51,937,757,36,769
전라남도경찰청,나주,영산,영산파출소,파출소,전라남도 나주시 영산포로 188,전라남도,나주시,34.9997307859129,126.713966473917,"관정동, 대기동, 부덕동, 삼영동, 안창동, 영산동, 용산동, 운곡동",3369,467,352,51,937,757,36,769
전라남도경찰청,나주,다시,다시파출소,파출소,전라남도 나주시 다시면 다시로 185,전라남도,나주시,35.0193634046996,126.637296641653,"다시면, 문평면",3369,467,352,51,937,757,36,769
전라남도경찰청,나주,빛가람,빛가람지구대,지구대,전라남도 나주시 그린로 310,전라남도,나주시,35.0218010353365,126.790327011452,빛가람동,3369,467,352,51,937,757,36,769
전라남도경찰청,광양,읍내,읍내지구대,지구대,전라남도 광양시 광양읍 백운로 10,전라남도,광양시,34.9733957674255,127.581009833264,광양읍,4519,649,400,99,1412,920,34,1005
전라남도경찰청,광양,중마,중마지구대,지구대,전라남도 광양시 시청로 22,전라남도,광양시,34.9404252535168,127.695930772808,"금호동, 도이동, 성황동, 중군동, 중동, 황금동, 황길동",4519,649,400,99,1412,920,34,1005
전라남도경찰청,광양,진상,진상파출소,파출소,전라남도 광양시 진상면 신시길 219,전라남도,광양시,35.019963721054,127.719670093495,"다압면, 진상면",4519,649,400,99,1412,920,34,1005
전라남도경찰청,광양,옥룡,옥룡파출소,파출소,전라남도 광양시 옥룡면 신재로 620,전라남도,광양시,35.0169335900626,127.619301169448,"봉강면, 옥룡면",4519,649,400,99,1412,920,34,1005
전라남도경찰청,광양,골약,골약파출소,파출소,전라남도 광양시 도이3길 3,전라남도,광양시,34.9404252535168,127.695930772808,,4519,649,400,99,1412,920,34,1005
전라남도경찰청,광양,광영,광영파출소,파출소,전라남도 광양시 광영로 87,전라남도,광양시,34.9629261615966,127.72201339293,"광영동, 마동, 진월면, 태인동",4519,649,400,99,1412,920,34,1005
전라남도경찰청,광양,옥곡,옥곡파출소,파출소,전라남도 광양시 옥곡면 옥진로 650,전라남도,광양시,34.9895400106799,127.698869701732,옥곡면,4519,649,400,99,1412,920,34,1005
전라남도경찰청,광양,태금,태금파출소,파출소,전라남도 광양시 담안길 담안길 87,전라남도,광양시,34.9404252535168,127.695930772808,,4519,649,400,99,1412,920,34,1005
전라남도경찰청,고흥,포두,포두파출소,파출소,전라남도 고흥군 포두면 우주로 616,전라남도,고흥군,34.5714998484895,127.340534250435,포두면,1399,267,146,25,349,354,8,250
전라남도경찰청,고흥,대서,대서파출소,파출소,전라남도 고흥군 대서면 석장1길 2,전라남도,고흥군,34.7713249204864,127.284146410243,대서면,1399,267,146,25,349,354,8,250
전라남도경찰청,고흥,봉래,봉래파출소,파출소,전라남도 고흥군 봉래면 축정2길 9,전라남도,고흥군,34.4636810934942,127.459058904486,"동일면, 봉래면",1399,267,146,25,349,354,8,250
전라남도경찰청,고흥,도화,도화파출소,파출소,전라남도 고흥군 도화면 중심길 32,전라남도,고흥군,34.5101306755782,127.317298319136,도화면,1399,267,146,25,349,354,8,250
전라남도경찰청,고흥,금산,금산파출소,파출소,전라남도 고흥군 금산면 거금중앙길 50,전라남도,고흥군,34.4591027356086,127.125082666522,금산면,1399,267,146,25,349,354,8,250
전라남도경찰청,고흥,동강,동강파출소,파출소,전라남도 고흥군 동강면 원유둔1길 14,전라남도,고흥군,34.779361674813,127.333952729019,동강면,1399,267,146,25,349,354,8,250
전라남도경찰청,고흥,읍내,읍내파출소,파출소,전라남도 고흥군 고흥읍 학교길 74,전라남도,고흥군,34.6062565543414,127.280722165089,"고흥읍, 두원면",1399,267,146,25,349,354,8,250
전라남도경찰청,고흥,녹동,녹동파출소,파출소,전라남도 고흥군 도양읍 비봉로 146,전라남도,고흥군,34.5295137741233,127.138467785377,"도덕면, 도양읍",1399,267,146,25,349,354,8,250
전라남도경찰청,고흥,풍양,풍양파출소,파출소,전라남도 고흥군 풍양면 죽시장터길 5,전라남도,고흥군,34.5755391244738,127.241964766342,풍양면,1399,267,146,25,349,354,8,250
전라남도경찰청,고흥,과역,과역파출소,파출소,전라남도 고흥군 과역면 고흥로 2964,전라남도,고흥군,34.6812713155103,127.359869695306,"과역면, 남양면",1399,267,146,25,349,354,8,250
전라남도경찰청,고흥,점암,점암파출소,파출소,전라남도 고흥군 점암면 모룡길 34,전라남도,고흥군,34.6528602150526,127.379473564386,점암면,1399,267,146,25,349,354,8,250
전라남도경찰청,고흥,영남,영남파출소,파출소,전라남도 고흥군 영남면 팔영로 1041,전라남도,고흥군,34.602024498,127.455946533079,영남면,1399,267,146,25,349,354,8,250
전라남도경찰청,해남,읍내,읍내지구대,지구대,전라남도 해남군 해남읍 읍사무소길 46,전라남도,해남군,34.5652050470629,126.599187892847,"삼산면, 해남읍",1642,274,158,26,435,407,14,328
전라남도경찰청,해남,화원,화원파출소,파출소,전라남도 해남군 화원면 청용길 5,전라남도,해남군,34.670883931876,126.32770284885,화원면,1642,274,158,26,435,407,14,328
전라남도경찰청,해남,화산,화산파출소,파출소,전라남도 해남군 화산면 해남화산로 1059,전라남도,해남군,34.4913427140636,126.515191478569,화산면,1642,274,158,26,435,407,14,328
전라남도경찰청,해남,산이,산이파출소,파출소,전라남도 해남군 산이면 비석길 105,전라남도,해남군,34.6447728598989,126.44784893732,산이면,1642,274,158,26,435,407,14,328
전라남도경찰청,해남,송지,송지파출소,파출소,전라남도 해남군 송지면 산정1길 104,전라남도,해남군,34.369640578845,126.519268181444,송지면,1642,274,158,26,435,407,14,328
전라남도경찰청,해남,북평,북평파출소,파출소,전라남도 해남군 북평면 달량진길 42,전라남도,해남군,34.4081146179162,126.625398351305,"북일면, 북평면",1642,274,158,26,435,407,14,328
전라남도경찰청,해남,문내,문내파출소,파출소,전라남도 해남군 문내면 동헌길 36,전라남도,해남군,34.5971082183873,126.314052563406,문내면,1642,274,158,26,435,407,14,328
전라남도경찰청,해남,삼산,삼산파출소,파출소,전라남도 해남군 현산면 고산로 519,전라남도,해남군,34.4598226731362,126.553543150428,현산면,1642,274,158,26,435,407,14,328
전라남도경찰청,해남,황산,황산파출소,파출소,전라남도 해남군 황산면 시등로 124,전라남도,해남군,34.5769589255488,126.43648828553,황산면,1642,274,158,26,435,407,14,328
전라남도경찰청,해남,마산,마산파출소,파출소,전라남도 해남군 마산면 은적사길 7,전라남도,해남군,34.6216623666985,126.568136082472,마산면,1642,274,158,26,435,407,14,328
전라남도경찰청,해남,옥천,옥천파출소,파출소,전라남도 해남군 옥천면 해남로 397,전라남도,해남군,34.5674464964351,126.64786148276,"계곡면, 옥천면",1642,274,158,26,435,407,14,328
전라남도경찰청,해남,현산,현산파출소,파출소,전라남도 해남군 현산면 일평길 8,전라남도,해남군,34.4598226731362,126.553543150428,,1642,274,158,26,435,407,14,328
전라남도경찰청,무안,남악,남악지구대,지구대,전라남도 무안군 삼향읍 남악영산길 49,전라남도,무안군,34.8231113964856,126.441602770842,삼향읍,2286,316,236,48,563,479,109,535
전라남도경찰청,무안,해제,해제파출소,파출소,전라남도 무안군 해제면 양간로 85,전라남도,무안군,35.110495476303,126.294474354638,해제면,2286,316,236,48,563,479,109,535
전라남도경찰청,무안,일로,일로파출소,파출소,전라남도 무안군 일로읍 일로로 55,전라남도,무안군,34.851488326684,126.490296798249,일로읍,2286,316,236,48,563,479,109,535
전라남도경찰청,무안,승달,승달파출소,파출소,전라남도 무안군 무안읍 불무로 38-11,전라남도,무안군,34.9905663839522,126.476340860131,무안읍,2286,316,236,48,563,479,109,535
전라남도경찰청,무안,청계,청계파출소,파출소,전라남도 무안군 청계면 영산로 1696,전라남도,무안군,34.9110276014925,126.428844670734,"몽탄면, 청계면",2286,316,236,48,563,479,109,535
전라남도경찰청,무안,현경,현경파출소,파출소,전라남도 무안군 현경면 현해로 106,전라남도,무안군,35.0214119096342,126.411936248244,"망운면, 현경면",2286,316,236,48,563,479,109,535
전라남도경찰청,무안,운남,운남파출소,파출소,전라남도 무안군 운남면 운해로 574-1,전라남도,무안군,34.9622367004003,126.343266328668,운남면,2286,316,236,48,563,479,109,535
전라남도경찰청,장흥,읍내,읍내지구대,지구대,전라남도 장흥군 장흥읍 동부로 2,전라남도,장흥군,34.6797697135608,126.902656416195,"부산면, 장흥읍",942,151,88,13,248,203,4,235
전라남도경찰청,장흥,안양,안양파출소,파출소,전라남도 장흥군 안양면 남부관광로 734,전라남도,장흥군,34.6500080316937,126.973990774662,안양면,942,151,88,13,248,203,4,235
전라남도경찰청,장흥,관산,관산파출소,파출소,전라남도 장흥군 관산읍 관산로 101,전라남도,장흥군,34.5615568543706,126.938914115797,관산읍,942,151,88,13,248,203,4,235
전라남도경찰청,장흥,대덕,대덕파출소,파출소,전라남도 장흥군 대덕읍 대대로 931,전라남도,장흥군,34.4993929095273,126.888276074183,대덕읍,942,151,88,13,248,203,4,235
전라남도경찰청,장흥,회진,회진파출소,파출소,전라남도 장흥군 회진면 회진로 438,전라남도,장흥군,34.4815080447215,126.939573435751,회진면,942,151,88,13,248,203,4,235
전라남도경찰청,장흥,장평,장평파출소,파출소,전라남도 장흥군 장평면 평동로 15,전라남도,장흥군,34.7736586414293,126.974804135525,"유치면, 장동면, 장평면",942,151,88,13,248,203,4,235
전라남도경찰청,장흥,용산,용산파출소,파출소,전라남도 장흥군 용산면 장흥대로 2488,전라남도,장흥군,34.6148893805206,126.914093642589,용산면,942,151,88,13,248,203,4,235
전라남도경찰청,보성,회천,회천파출소,파출소,전라남도 보성군 회천면 우암1길 7,전라남도,보성군,34.6687596084662,127.085342210474,"웅치면, 회천면",946,145,115,16,209,263,14,184
전라남도경찰청,보성,예당,예당파출소,파출소,전라남도 보성군 득량면 예당길 131,전라남도,보성군,34.7621865432227,127.168683118946,득량면,946,145,115,16,209,263,14,184
전라남도경찰청,보성,읍내,읍내파출소,파출소,전라남도 보성군 보성읍 송재로 278,전라남도,보성군,34.7685076173872,127.080131495248,보성읍,946,145,115,16,209,263,14,184
전라남도경찰청,보성,미력,미력파출소,파출소,전라남도 보성군 미력면 송재로 593,전라남도,보성군,34.800985905857,127.087545816749,"노동면, 미력면",946,145,115,16,209,263,14,184
전라남도경찰청,보성,벌교,벌교파출소,파출소,전라남도 보성군 벌교읍 채동선로 254,전라남도,보성군,34.8474509276119,127.3415052337,벌교읍,946,145,115,16,209,263,14,184
전라남도경찰청,보성,조성,조성파출소,파출소,전라남도 보성군 조성면 조성로 95,전라남도,보성군,34.8084923750236,127.247618461358,조성면,946,145,115,16,209,263,14,184
전라남도경찰청,보성,복내,복내파출소,파출소,전라남도 보성군 복내면 송재로 1812,전라남도,보성군,34.8930341943614,127.131250579319,"문덕면, 복내면",946,145,115,16,209,263,14,184
전라남도경찰청,보성,겸백,겸백파출소,파출소,전라남도 보성군 겸백면 충의로 2466,전라남도,보성군,34.8294577296544,127.151819240287,"겸백면, 율어면",946,145,115,16,209,263,14,184
전라남도경찰청,영광,읍내,읍내지구대,지구대,전라남도 영광군 영광읍 천년로13길 29,전라남도,영광군,35.2732310473194,126.512824487686,"묘량면, 영광읍",1162,197,135,26,261,229,2,312
전라남도경찰청,영광,낙월,낙월파출소,파출소,전라남도 영광군 낙월면 낙월길 78-2,전라남도,영광군,35.2021589224429,126.137611041342,낙월면,1162,197,135,26,261,229,2,312
전라남도경찰청,영광,백수,백수파출소,파출소,전라남도 영광군 백수읍 백수로10길 53,전라남도,영광군,35.2832376473926,126.420808425815,백수읍,1162,197,135,26,261,229,2,312
전라남도경찰청,영광,염산,염산파출소,파출소,전라남도 영광군 염산면 천년로1길 53,전라남도,영광군,35.2179387980207,126.371795037202,염산면,1162,197,135,26,261,229,2,312
전라남도경찰청,영광,군남,군남파출소,파출소,전라남도 영광군 군남면 천년로 837,전라남도,영광군,35.2396968475483,126.452701507337,"군남면, 군서면, 불갑면",1162,197,135,26,261,229,2,312
전라남도경찰청,영광,법성,법성파출소,파출소,전라남도 영광군 법성면 법성포로1길 25-18,전라남도,영광군,35.3620554974629,126.44601907277,법성면,1162,197,135,26,261,229,2,312
전라남도경찰청,영광,홍농,홍농파출소,파출소,전라남도 영광군 홍농읍 상하길41,전라남도,영광군,35.3957218273396,126.44533979711,홍농읍,1162,197,135,26,261,229,2,312
전라남도경찰청,영광,대마,대마파출소,파출소,전라남도 영광군 대마면 영장로 253,전라남도,영광군,35.3014371547978,126.577506495132,대마면,1162,197,135,26,261,229,2,312
전라남도경찰청,화순,읍내,읍내지구대,지구대,전라남도 화순군 화순읍 충의로 152,전라남도,화순군,35.0599399781357,126.984565050764,화순읍,1408,214,141,24,497,256,17,259
전라남도경찰청,화순,도곡,도곡파출소,파출소,전라남도 화순군 도곡면 지석로 1108,전라남도,화순군,34.9961421462459,126.917500310564,"도곡면, 도암면",1408,214,141,24,497,256,17,259
전라남도경찰청,화순,사평,사평파출소,파출소,전라남도 화순군 남면 사호로 213,전라남도,화순군,35.007266226967,127.095841247849,남면,1408,214,141,24,497,256,17,259
전라남도경찰청,화순,능주,능주파출소,파출소,전라남도 화순군 능주면 관동길 19,전라남도,화순군,34.9898568400182,126.958036980673,"능주면, 춘양면, 한천면",1408,214,141,24,497,256,17,259
전라남도경찰청,화순,역전,역전파출소,파출소,전라남도 화순군 화순읍 오성로 488,전라남도,화순군,35.0599399781357,126.984565050764,,1408,214,141,24,497,256,17,259
전라남도경찰청,화순,동복,동복파출소,파출소,전라남도 화순군 동복면 오지호로 285,전라남도,화순군,35.0711646939483,127.129070469062,"동복면, 북면, 이서면",1408,214,141,24,497,256,17,259
전라남도경찰청,화순,동면,동면파출소,파출소,전라남도 화순군 동면 충의로 773,전라남도,화순군,35.0299153952786,127.038516272952,동면,1408,214,141,24,497,256,17,259
전라남도경찰청,화순,이양,이양파출소,파출소,전라남도 화순군 이양면 이양로 133,전라남도,화순군,34.8877826253123,126.988321087824,"이양면, 청풍면",1408,214,141,24,497,256,17,259
전라남도경찰청,함평,남부,남부파출소,파출소,전라남도 함평군 학교면 닻빼기길 2,전라남도,함평군,35.0169151827717,126.537568433858,"엄다면, 학교면",733,112,111,12,144,185,3,166
전라남도경찰청,함평,읍내,읍내파출소,파출소,전라남도 함평군 함평읍 함장로 1202-16,전라남도,함평군,35.0653776204478,126.52027205933,함평읍,733,112,111,12,144,185,3,166
전라남도경찰청,함평,대동,대동파출소,파출소,전라남도 함평군 대동면 대동길 5-8,전라남도,함평군,35.0689796979037,126.531398569767,대동면,733,112,111,12,144,185,3,166
전라남도경찰청,함평,해보,해보파출소,파출소,전라남도 함평군 해보면 밀재로 1255,전라남도,함평군,35.1805503390204,126.601139324468,해보면,733,112,111,12,144,185,3,166
전라남도경찰청,함평,월야,월야파출소,파출소,전라남도 함평군 월야면 밀재로 1551,전라남도,함평군,35.1801007842814,126.632254157841,월야면,733,112,111,12,144,185,3,166
전라남도경찰청,함평,나산,나산파출소,파출소,전라남도 함평군 나산면 나산길 84,전라남도,함평군,35.1138724299675,126.609090492463,나산면,733,112,111,12,144,185,3,166
전라남도경찰청,함평,서부,서부파출소,파출소,전라남도 함평군 손불면 손무로 734,전라남도,함평군,35.1432145349542,126.431735144933,"손불면, 신광면",733,112,111,12,144,185,3,166
전라남도경찰청,영암,삼호,삼호지구대,지구대,전라남도 영암군 삼호읍 대불주거로 188,전라남도,영암군,34.7459919641316,126.469192010369,삼호읍,1522,261,135,31,360,433,23,279
전라남도경찰청,영암,신북,신북파출소,파출소,전라남도 영암군 신북면 간은정로 35,전라남도,영암군,34.8902718568599,126.692624503788,"금정면, 신북면",1522,261,135,31,360,433,23,279
전라남도경찰청,영암,시종,시종파출소,파출소,전라남도 영암군 시종면 고분로 11,전라남도,영암군,34.8685866151305,126.607052629266,"도포면, 시종면",1522,261,135,31,360,433,23,279
전라남도경찰청,영암,읍내,읍내파출소,파출소,전라남도 영암군 영암읍 낭주로 178,전라남도,영암군,34.7997423319196,126.701344647559,"덕진면, 영암읍",1522,261,135,31,360,433,23,279
전라남도경찰청,영암,군서,군서파출소,파출소,전라남도 영암군 군서면 왕인로 497,전라남도,영암군,34.7795125686185,126.650441351823,군서면,1522,261,135,31,360,433,23,279
전라남도경찰청,영암,학산,학산파출소,파출소,전라남도 영암군 학산면 영산로 28,전라남도,영암군,34.7261620562997,126.57004768998,"미암면, 서호면, 학산면",1522,261,135,31,360,433,23,279
전라남도경찰청,장성,진남,진남파출소,파출소,전라남도 장성군 남면 못재로 93,전라남도,장성군,35.2443037165104,126.812138667979,"남면, 진원면",1112,158,142,27,247,301,6,231
전라남도경찰청,장성,북이,북이파출소,파출소,전라남도 장성군 북이면 갈재로 3,전라남도,장성군,35.4287359932006,126.808685241937,북이면,1112,158,142,27,247,301,6,231
전라남도경찰청,장성,북일,북일파출소,파출소,전라남도 장성군 북일면 신흥로 410,전라남도,장성군,35.3747446650315,126.80733372315,북일면,1112,158,142,27,247,301,6,231
전라남도경찰청,장성,읍내,읍내파출소,파출소,전라남도 장성군 장성읍 역전로 80,전라남도,장성군,35.3032030896945,126.785267156907,"동화면, 서삼면, 장성읍, 황룡면",1112,158,142,27,247,301,6,231
전라남도경찰청,장성,삼계,삼계파출소,파출소,전라남도 장성군 삼계면 사창로 58,전라남도,장성군,35.2578616855792,126.661959906132,삼계면,1112,158,142,27,247,301,6,231
전라남도경찰청,장성,삼서,삼서파출소,파출소,전라남도 장성군 삼서면 해삼로 1163,전라남도,장성군,35.2321866324491,126.646383724969,삼서면,1112,158,142,27,247,301,6,231
전라남도경찰청,장성,북하,북하파출소,파출소,전라남도 장성군 북하면 백양로 896,전라남도,장성군,35.4073435618683,126.879515799382,북하면,1112,158,142,27,247,301,6,231
전라남도경찰청,강진,읍내,읍내지구대,지구대,전라남도 강진군 강진읍 목리길 20,전라남도,강진군,34.6357994202307,126.77352165781,강진읍,810,142,80,16,192,214,6,160
전라남도경찰청,강진,도암,도암파출소,파출소,전라남도 강진군 도암면 도암중앙로 51-1,전라남도,강진군,34.5463261510107,126.727724175488,"도암면, 신전면",810,142,80,16,192,214,6,160
전라남도경찰청,강진,작천,작천파출소,파출소,전라남도 강진군 작천면 평리길 58,전라남도,강진군,34.704260892762,126.771414187778,"병영면, 옴천면, 작천면",810,142,80,16,192,214,6,160
전라남도경찰청,강진,성전,성전파출소,파출소,전라남도 강진군 성전면 별뫼로 382,전라남도,강진군,34.6926907109667,126.709063655571,성전면,810,142,80,16,192,214,6,160
전라남도경찰청,강진,칠량,칠량파출소,파출소,전라남도 강진군 칠량면 칠량로 72,전라남도,강진군,34.5726642192486,126.7991767444,칠량면,810,142,80,16,192,214,6,160
전라남도경찰청,강진,마량,마량파출소,파출소,전라남도 강진군 마량면 마량3길 5,전라남도,강진군,34.4504615388275,126.818939858632,"대구면, 마량면",810,142,80,16,192,214,6,160
전라남도경찰청,강진,군동,군동파출소,파출소,전라남도 강진군 군동면 진흥로 325,전라남도,강진군,34.6448765115647,126.814988663319,군동면,810,142,80,16,192,214,6,160
전라남도경찰청,담양,금성,금성파출소,파출소,전라남도 담양군 금성면 석현길 10-9,전라남도,담양군,35.3434319472136,127.025503516025,"금성면, 용면",999,140,110,18,217,309,8,197
전라남도경찰청,담양,대전,대전파출소,파출소,전라남도 담양군 대전면 대전로 4,전라남도,담양군,35.2749568263297,126.887955574758,대전면,999,140,110,18,217,309,8,197
전라남도경찰청,담양,수북,수북파출소,파출소,전라남도 담양군 수북면 추성1로 715,전라남도,담양군,35.3017827221435,126.928665473036,"봉산면, 수북면",999,140,110,18,217,309,8,197
전라남도경찰청,담양,고서,고서파출소,파출소,전라남도 담양군 고서면 가사문학로 320,전라남도,담양군,35.2235460605657,126.973119272894,고서면,999,140,110,18,217,309,8,197
전라남도경찰청,담양,창평,창평파출소,파출소,전라남도 담양군 창평면 의병로 164,전라남도,담양군,35.2389425945341,127.019001998481,"가사문학면, 대덕면, 창평면",999,140,110,18,217,309,8,197
전라남도경찰청,담양,중앙,중앙파출소,파출소,전라남도 담양군 담양읍 중앙로 73,전라남도,담양군,35.3204168100548,126.981845552341,"담양읍, 무정면, 월산면",999,140,110,18,217,309,8,197
전라남도경찰청,곡성,읍내,읍내파출소,파출소,전라남도 곡성군 곡성읍 중앙로 84-1,전라남도,곡성군,35.282097931217,127.2963839101,곡성읍,632,87,56,9,137,175,43,125
전라남도경찰청,곡성,석곡,석곡파출소,파출소,전라남도 곡성군 석곡면 석곡로 61,전라남도,곡성군,35.1329306334763,127.25410906693,석곡면,632,87,56,9,137,175,43,125
전라남도경찰청,곡성,입면,입면파출소,파출소,전라남도 곡성군 입면 입면로 695,전라남도,곡성군,35.2971393011146,127.204087642653,입면,632,87,56,9,137,175,43,125
전라남도경찰청,곡성,삼기,삼기파출소,파출소,전라남도 곡성군 삼기면 곡순로 1425,전라남도,곡성군,35.2358853591797,127.211756069969,삼기면,632,87,56,9,137,175,43,125
전라남도경찰청,곡성,옥과,옥과파출소,파출소,전라남도 곡성군 옥과면 대학로 153,전라남도,곡성군,35.2737139821868,127.135708618461,"겸면, 오산면, 옥과면",632,87,56,9,137,175,43,125
전라남도경찰청,곡성,오곡,오곡파출소,파출소,전라남도 곡성군 오곡면 기차마을로 161,전라남도,곡성군,35.2723265167409,127.313898434851,"고달면, 오곡면",632,87,56,9,137,175,43,125
전라남도경찰청,곡성,죽곡,죽곡파출소,파출소,전라남도 곡성군 죽곡면 오죽로 20-3,전라남도,곡성군,35.1512075190764,127.319244671454,"목사동면, 죽곡면",632,87,56,9,137,175,43,125
전라남도경찰청,완도,읍내,읍내지구대,지구대,전라남도 완도군 완도읍 개포로 113,전라남도,완도군,34.3167363256874,126.745538365407,완도읍,1260,229,162,20,326,275,12,236
전라남도경찰청,완도,군외,군외파출소,파출소,전라남도 완도군 군외면 청해진서로2100번길 66,전라남도,완도군,34.3894151368683,126.647416873861,군외면,1260,229,162,20,326,275,12,236
전라남도경찰청,완도,금일,금일파출소,파출소,전라남도 완도군 금일읍 금일로390번길 7-5,전라남도,완도군,34.3488662894218,127.029520006322,"금일읍, 생일면",1260,229,162,20,326,275,12,236
전라남도경찰청,완도,보길,보길파출소,파출소,전라남도 완도군 보길면 보길동로 보길로 1-1,전라남도,완도군,34.1691401051097,126.567595365797,보길면,1260,229,162,20,326,275,12,236
전라남도경찰청,완도,청산,청산파출소,파출소,전라남도 완도군 청산면 도청4길 17,전라남도,완도군,34.179870770516,126.858968970795,청산면,1260,229,162,20,326,275,12,236
전라남도경찰청,완도,소안,소안파출소,파출소,전라남도 완도군 소안면 비자39번길 33,전라남도,완도군,34.1748145461967,126.650975768174,소안면,1260,229,162,20,326,275,12,236
전라남도경찰청,완도,금당,금당파출소,파출소,전라남도 완도군 금당면 차우30번길 3-10,전라남도,완도군,34.429927687902,127.07120355063,금당면,1260,229,162,20,326,275,12,236
전라남도경찰청,완도,약산,약산파출소,파출소,전라남도 완도군 약산면 약산로 367,전라남도,완도군,34.3936128447425,126.898182301264,약산면,1260,229,162,20,326,275,12,236
전라남도경찰청,완도,고금,고금파출소,파출소,전라남도 완도군 고금면 고금동로2번길 16,전라남도,완도군,34.4001828476753,126.801338500489,고금면,1260,229,162,20,326,275,12,236
전라남도경찰청,완도,신지,신지파출소,파출소,전라남도 완도군 신지면 신지로 551,전라남도,완도군,34.3347569303229,126.827191356724,신지면,1260,229,162,20,326,275,12,236
전라남도경찰청,완도,노화,노화파출소,파출소,전라남도 완도군 노화읍 이목길 29-9,전라남도,완도군,34.1778663272878,126.575785778216,노화읍,1260,229,162,20,326,275,12,236
전라남도경찰청,진도,조도,조도파출소,파출소,전라남도 진도군 조도면 창리길 11,전라남도,진도군,34.296612781598,126.047449629782,조도면,873,153,110,15,205,207,12,171
전라남도경찰청,진도,의신,의신파출소,파출소,전라남도 진도군 의신면 돈지1길 29,전라남도,진도군,34.4392796829135,126.283474361017,의신면,873,153,110,15,205,207,12,171
전라남도경찰청,진도,읍내,읍내파출소,파출소,전라남도 진도군 진도읍 남동3길 1,전라남도,진도군,34.4807745844912,126.262846259233,진도읍,873,153,110,15,205,207,12,171
전라남도경찰청,진도,고군,고군파출소,파출소,전라남도 진도군 고군면 진도대로 280,전라남도,진도군,34.4904769630983,126.343006604014,고군면,873,153,110,15,205,207,12,171
전라남도경찰청,진도,임회,임회파출소,파출소,전라남도 진도군 임회면 석교길 47-15,전라남도,진도군,34.4060929023718,126.189976116236,임회면,873,153,110,15,205,207,12,171
전라남도경찰청,진도,군내,군내파출소,파출소,전라남도 진도군 군내면 진도대로 7957,전라남도,진도군,34.5125150991022,126.291991132984,군내면,873,153,110,15,205,207,12,171
전라남도경찰청,진도,지산,지산파출소,파출소,전라남도 진도군 지산면 인지인천1길 26,전라남도,진도군,34.4256530263084,126.16726909958,지산면,873,153,110,15,205,207,12,171
전라남도경찰청,구례,읍내,읍내파출소,파출소,전라남도 구례군 구례읍 로터리길 7,전라남도,구례군,35.2087502190301,127.463086149775,"구례읍, 문척면",576,98,73,8,124,113,6,154
전라남도경찰청,구례,광의,광의파출소,파출소,전라남도 구례군 광의면 광의철쭉동산로 8,전라남도,구례군,35.2602020359796,127.439949882706,"광의면, 용방면",576,98,73,8,124,113,6,154
전라남도경찰청,구례,간전,간전파출소,파출소,전라남도 구례군 간전면 간전중앙로 188,전라남도,구례군,35.1782338603362,127.543856265688,간전면,576,98,73,8,124,113,6,154
전라남도경찰청,구례,산동,산동파출소,파출소,전라남도 구례군 산동면 원촌길 94,전라남도,구례군,35.315884609457,127.439424289109,산동면,576,98,73,8,124,113,6,154
전라남도경찰청,구례,토지,토지파출소,파출소,전라남도 구례군 토지면 섬진강대로 5058,전라남도,구례군,35.1978744257451,127.526238011482,토지면,576,98,73,8,124,113,6,154
전라남도경찰청,구례,마산,마산파출소,파출소,전라남도 구례군 마산면 화엄사로 144,전라남도,구례군,35.2231587154663,127.487508752744,마산면,576,98,73,8,124,113,6,154
전라남도경찰청,신안,흑산,흑산파출소,파출소,전라남도 신안군 흑산면 예리1길 80-4,전라남도,신안군,34.6830172147542,125.427369709808,흑산면,696,122,87,16,191,113,8,159
전라남도경찰청,신안,하의,하의파출소,파출소,전라남도 신안군 하의면 곰실길 19,전라남도,신안군,34.6068607318679,126.036555049527,하의면,696,122,87,16,191,113,8,159
전라남도경찰청,신안,안좌,안좌파출소,파출소,전라남도 신안군 안좌면 안좌동부길 832,전라남도,신안군,34.7560851256965,126.124660918542,안좌면,696,122,87,16,191,113,8,159
전라남도경찰청,신안,팔금,팔금파출소,파출소,전라남도 신안군 팔금면 탑목개길 149,전라남도,신안군,34.7850955685746,126.142446984532,팔금면,696,122,87,16,191,113,8,159
전라남도경찰청,신안,지도,지도파출소,파출소,전라남도 신안군 지도읍 읍내길 79,전라남도,신안군,35.0612854130216,126.207463639848,지도읍,696,122,87,16,191,113,8,159
전라남도경찰청,신안,임자,임자파출소,파출소,전라남도 신안군 임자면 진리길 1,전라남도,신안군,35.0841790513102,126.111187461859,임자면,696,122,87,16,191,113,8,159
전라남도경찰청,신안,자은,자은파출소,파출소,전라남도 신안군 자은면 구영2길 71,전라남도,신안군,34.8844221294244,126.047384789411,자은면,696,122,87,16,191,113,8,159
전라남도경찰청,신안,암태,암태파출소,파출소,전라남도 신안군 암태면 중부로 1827-2,전라남도,신안군,34.827278552514,126.112089705104,암태면,696,122,87,16,191,113,8,159
전라남도경찰청,신안,비금,비금파출소,파출소,전라남도 신안군 비금면 읍동길 39,전라남도,신안군,34.7554778216097,125.926658497101,비금면,696,122,87,16,191,113,8,159
전라남도경찰청,신안,도초,도초파출소,파출소,전라남도 신안군 도초면 서남문로1523,전라남도,신안군,34.7036151703255,125.953418695213,도초면,696,122,87,16,191,113,8,159
전라남도경찰청,신안,장산,장산파출소,파출소,전라남도 신안군 장산면 장산로 347,전라남도,신안군,34.6432049602033,126.148997379315,장산면,696,122,87,16,191,113,8,159
전라남도경찰청,신안,가거,가거파출소,파출소,전라남도 신안군 흑산면 가거도길 41-2,전라남도,신안군,34.6830172147542,125.427369709808,,696,122,87,16,191,113,8,159
전라남도경찰청,신안,압해,압해파출소,파출소,전라남도 신안군 압해읍 압해로 864,전라남도,신안군,34.8655724043446,126.312469503971,압해읍,696,122,87,16,191,113,8,159
전라남도경찰청,신안,증도,증도파출소,파출소,전라남도 신안군 증도면 문준경길208,전라남도,신안군,35.0028344262012,126.139637801405,증도면,696,122,87,16,191,113,8,159
전라남도경찰청,신안,신의,신의파출소,파출소,전라남도 신안군 신의면 상동길 31,전라남도,신안군,34.5848391991992,126.088366082745,신의면,696,122,87,16,191,113,8,159
경상북도경찰청,경주,산내,산내파출소,파출소,경상북도 경주시 산내면 의곡중앙길 34,경상북도,경주시,35.7557462471984,129.044400777038,산내면,7352,1012,1054,149,2001,1482,63,1591
경상북도경찰청,경주,양남,양남파출소,파출소,경상북도 경주시 양남면 하서중앙길 59,경상북도,경주시,35.6777902076074,129.460381239414,양남면,7352,1012,1054,149,2001,1482,63,1591
경상북도경찰청,경주,외동,외동파출소,파출소,경상북도 경주시 외동읍 입실로 81,경상북도,경주시,35.7174077063448,129.327562697192,"시래동, 외동읍, 진현동",7352,1012,1054,149,2001,1482,63,1591
경상북도경찰청,경주,불국,불국파출소,파출소,경상북도 경주시 산업로 2999,경상북도,경주시,35.8562184605051,129.22478171309,북군동,7352,1012,1054,149,2001,1482,63,1591
경상북도경찰청,경주,역전,역전파출소,파출소,경상북도 경주시 원화로 270 역전파출소,경상북도,경주시,35.8562184605051,129.22478171309,,7352,1012,1054,149,2001,1482,63,1591
경상북도경찰청,경주,보문,보문파출소,파출소,경상북도 경주시 경감로 589,경상북도,경주시,35.8343253652758,129.255776564409,"구정동, 구황동, 남산동, 덕동, 도지동, 동방동, 마동, 배반동",7352,1012,1054,149,2001,1482,63,1591
경상북도경찰청,경주,건천,건천파출소,파출소,경상북도 경주시 건천읍 내서로 1109,경상북도,경주시,35.8500065489845,129.102236789911,"건천읍, 서면",7352,1012,1054,149,2001,1482,63,1591
경상북도경찰청,경주,서면,서면파출소,파출소,경상북도 경주시 건천읍 내서로 425,경상북도,경주시,35.8500065489845,129.102236789911,,7352,1012,1054,149,2001,1482,63,1591
경상북도경찰청,경주,안강,안강파출소,파출소,경상북도 경주시 안강읍 안강중앙로 223,경상북도,경주시,35.9902073180478,129.227014022472,안강읍,7352,1012,1054,149,2001,1482,63,1591
경상북도경찰청,경주,강동,강동파출소,파출소,경상북도 경주시 강동면 인동새들길 10,경상북도,경주시,35.9877284221761,129.273263941152,강동면,7352,1012,1054,149,2001,1482,63,1591
경상북도경찰청,경주,감포,감포파출소,파출소,경상북도 경주시 감포읍 감포로3길 40,경상북도,경주시,35.807378713753,129.501640236718,"감포읍, 양북면",7352,1012,1054,149,2001,1482,63,1591
경상북도경찰청,경주,문무대왕,문무대왕파출소,파출소,경상북도 경주시 문무대왕면 어일1길 39(어일리 837-2),경상북도,경주시,35.8562184605051,129.22478171309,,7352,1012,1054,149,2001,1482,63,1591
경상북도경찰청,경주,중앙,중앙파출소,파출소,경상북도 경주시 금성로 296-1,경상북도,경주시,35.8562184605051,129.22478171309,,7352,1012,1054,149,2001,1482,63,1591
경상북도경찰청,경주,황남,황남파출소,파출소,경상북도 경주시 포석로 1052,경상북도,경주시,35.835303000419,129.211339429788,"교동, 노동동, 노서동, 배동, 사정동, 서악동, 율동, 인왕동",7352,1012,1054,149,2001,1482,63,1591
경상북도경찰청,경주,충효,충효파출소,파출소,경상북도 경주시 충효중앙길 50-5,경상북도,경주시,35.8462324039394,129.171151275302,"광명동, 충효동, 효현동",7352,1012,1054,149,2001,1482,63,1591
경상북도경찰청,경주,내남,내남파출소,파출소,경상북도 경주시 내남면 포석로 370,경상북도,경주시,35.7524030796043,129.200119922595,"내남면, 시동, 평동",7352,1012,1054,149,2001,1482,63,1591
경상북도경찰청,경주,황성,황성파출소,파출소,경상북도 경주시 용담로 11,경상북도,경주시,35.872244045713,129.219247373959,황성동,7352,1012,1054,149,2001,1482,63,1591
경상북도경찰청,경주,성건,성건파출소,파출소,경상북도 경주시 금성로 424,경상북도,경주시,35.8507768625332,129.207359894593,"동부동, 북부동, 서부동, 성건동",7352,1012,1054,149,2001,1482,63,1591
경상북도경찰청,경주,현곡,현곡파출소,파출소,경상북도 경주시 현곡면 다경길 9-3,경상북도,경주시,35.8664307395797,129.202400962711,"석장동, 현곡면",7352,1012,1054,149,2001,1482,63,1591
경상북도경찰청,경주,동천,동천파출소,파출소,경상북도 경주시 탈해로 65,경상북도,경주시,35.8541641968168,129.222634662702,"동천동, 성동동",7352,1012,1054,149,2001,1482,63,1591
경상북도경찰청,경주,용강,용강파출소,파출소,경상북도 경주시 산업로 4354,경상북도,경주시,35.8642999180602,129.223174575211,용강동,7352,1012,1054,149,2001,1482,63,1591
경상북도경찰청,경주,천북,천북파출소,파출소,경상북도 경주시 천북면 동산3길 9,경상북도,경주시,35.8952836531254,129.271174765851,"암곡동, 천북면",7352,1012,1054,149,2001,1482,63,1591
경상북도경찰청,포항북부,환여,환여파출소,파출소,경상북도 포항시 북구 삼호로 370,경상북도,포항시,36.0418733741144,129.365733082694,"남빈동, 동빈1가, 동빈2가, 상원동, 여천동, 중앙동",13793,1777,1923,319,3890,2665,149,3070
경상북도경찰청,포항북부,신광,신광파출소,파출소,경상북도 포항시 북구 신광면 토성길 15,경상북도,포항시,36.1301200707693,129.262971202396,신광면,13793,1777,1923,319,3890,2665,149,3070
경상북도경찰청,포항북부,송라,송라파출소,파출소,경상북도 포항시 북구 송라면 보경로 38,경상북도,포항시,36.2288578954456,129.357010374999,송라면,13793,1777,1923,319,3890,2665,149,3070
경상북도경찰청,포항북부,죽장,죽장파출소,파출소,경상북도 포항시 북구 새마을로 3606,경상북도,포항시,36.1601940486139,129.095792942796,죽장면,13793,1777,1923,319,3890,2665,149,3070
경상북도경찰청,포항북부,기계,기계파출소,파출소,경상북도 포항시 북구 기계면 기계로 92-11,경상북도,포항시,36.072410537239,129.210191986094,기계면,13793,1777,1923,319,3890,2665,149,3070
경상북도경찰청,포항북부,기북,기북파출소,파출소,경상북도 포항시 북구 기북면 기북로 433,경상북도,포항시,36.1285237480823,129.166317077947,기북면,13793,1777,1923,319,3890,2665,149,3070
경상북도경찰청,포항북부,흥해,흥해파출소,파출소,경상북도 포항시 북구 흥해읍 중성로 83,경상북도,포항시,36.1071297726593,129.341721472307,흥해읍,13793,1777,1923,319,3890,2665,149,3070
경상북도경찰청,포항북부,청하,청하파출소,파출소,경상북도 포항시 북구 청하면 청하로 178,경상북도,포항시,36.1995648066842,129.337949854304,청하면,13793,1777,1923,319,3890,2665,149,3070
경상북도경찰청,포항북부,양학,양학파출소,파출소,경상북도 포항시 북구 양학로7,경상북도,포항시,36.0418733741144,129.365733082694,,13793,1777,1923,319,3890,2665,149,3070
경상북도경찰청,포항북부,죽도,죽도파출소,파출소,경상북도 포항시 북구 중흥로 280,경상북도,포항시,36.0311497498891,129.363269160461,"대잠동, 지곡동, 죽도동, 학잠동",13793,1777,1923,319,3890,2665,149,3070
경상북도경찰청,포항북부,덕산,덕산파출소,파출소,경상북도 포항시 북구 중앙로 352,경상북도,포항시,36.0420627507031,129.364172291666,"이동, 대흥동, 덕산동, 덕수동, 득량동, 신흥동, 용흥동",13793,1777,1923,319,3890,2665,149,3070
경상북도경찰청,포항북부,용당,용당파출소,파출소,경상북도 포항시 북구 용당로91번길 10,경상북도,포항시,36.0418733741144,129.365733082694,,13793,1777,1923,319,3890,2665,149,3070
경상북도경찰청,포항북부,장성,장성파출소,파출소,경상북도 포항시 북구 법원로39번길 36,경상북도,포항시,36.0776923888175,129.37305257029,"장성동, 창포동",13793,1777,1923,319,3890,2665,149,3070
경상북도경찰청,포항북부,학산,학산파출소,파출소,경상북도 포항시 북구 삼호로 147,경상북도,포항시,36.0521621781039,129.369223244935,"대신동, 두호동, 우현동, 학산동, 항구동",13793,1777,1923,319,3890,2665,149,3070
경상북도경찰청,포항북부,양덕,양덕파출소,파출소,경상북도 포항시 북구 장량중앙로 65,경상북도,포항시,36.0834966630648,129.401344794205,"양덕동, 여남동, 환호동",13793,1777,1923,319,3890,2665,149,3070
경상북도경찰청,포항남부,효곡대이,효곡대이지구대,지구대,경상북도 포항시 남구 대잠길 15,경상북도,포항시,36.0418733741144,129.365733082694,,13793,1777,1923,319,3890,2665,149,3070
경상북도경찰청,포항남부,상대,상대지구대,지구대,경상북도 포항시 남구 상공로 84,경상북도,포항시,36.0418733741144,129.365733082694,,13793,1777,1923,319,3890,2665,149,3070
경상북도경찰청,포항남부,구룡포,구룡포파출소,파출소,경상북도 포항시 남구 호미로 182번길,경상북도,포항시,35.985186477458,129.546087974399,구룡포읍,13793,1777,1923,319,3890,2665,149,3070
경상북도경찰청,포항남부,장기,장기파출소,파출소,경상북도 포항시 남구 장기면 읍내길 94,경상북도,포항시,35.8957435141208,129.492291938145,장기면,13793,1777,1923,319,3890,2665,149,3070
경상북도경찰청,포항남부,동해,동해파출소,파출소,경상북도 포항시 남구 동해면 일월로 52번길,경상북도,포항시,35.9884807143584,129.440175754938,"동해면, 일월동, 청림동",13793,1777,1923,319,3890,2665,149,3070
경상북도경찰청,포항남부,제철,제철파출소,파출소,경상북도 포항시 남구 동해안로 6041,경상북도,포항시,36.0418733741144,129.365733082694,,13793,1777,1923,319,3890,2665,149,3070
경상북도경찰청,포항남부,호미곶,호미곶파출소,파출소,경상북도 포항시 남구 호미곶면 해맞이로160,경상북도,포항시,36.0808389212324,129.555558796119,호미곶면,13793,1777,1923,319,3890,2665,149,3070
경상북도경찰청,포항남부,송도,송도파출소,파출소,경상북도 포항시 남구 축항로 115,경상북도,포항시,36.0318946890651,129.375537504333,"송도동, 송정동",13793,1777,1923,319,3890,2665,149,3070
경상북도경찰청,포항남부,대송,대송파출소,파출소,경상북도 포항시 남구 대송면 제내길 13,경상북도,포항시,35.968488283637,129.359927377444,"대송면, 장흥동, 호동",13793,1777,1923,319,3890,2665,149,3070
경상북도경찰청,포항남부,연일,연일파출소,파출소,경상북도 포항시 남구 연일읍 철강로25번길 62,경상북도,포항시,35.9916218516401,129.344150409452,"상도동, 연일읍, 효자동",13793,1777,1923,319,3890,2665,149,3070
경상북도경찰청,포항남부,오천,오천파출소,파출소,경상북도 포항시 남구 오천읍 정몽주로 547,경상북도,포항시,35.9631089904949,129.414715591135,"오천읍, 인덕동",13793,1777,1923,319,3890,2665,149,3070
경상북도경찰청,포항남부,문덕,문덕파출소,파출소,경상북도 포항시 남구 오천읍 냉천로 318,경상북도,포항시,35.9631089904949,129.414715591135,,13793,1777,1923,319,3890,2665,149,3070
경상북도경찰청,포항남부,해도,해도파출소,파출소,경상북도 포항시 남구 상공로 228,경상북도,포항시,36.0232879798358,129.371374866189,"괴동동, 대도동, 동촌동, 송내동, 해도동",13793,1777,1923,319,3890,2665,149,3070
경상북도경찰청,구미,상림,상림지구대,지구대,경상북도 구미시 금오대로 482,경상북도,구미시,36.1195708487143,128.344246361062,송정동,12983,1573,1754,289,4182,2082,173,2930
경상북도경찰청,구미,원평,원평지구대,지구대,경상북도 구미시 원남로2길 26,경상북도,구미시,36.1283686839148,128.330120333505,"선기동, 원평동",12983,1573,1754,289,4182,2082,173,2930
경상북도경찰청,구미,형곡,형곡지구대,지구대,경상북도 구미시 경은로 56,경상북도,구미시,36.1139778856998,128.334457695432,"남통동, 사곡동, 상모동, 수점동, 형곡동",12983,1573,1754,289,4182,2082,173,2930
경상북도경찰청,구미,도량,도량지구대,지구대,경상북도 구미시 문장로 119,경상북도,구미시,36.1405210982307,128.332582972639,"도량동, 지산동",12983,1573,1754,289,4182,2082,173,2930
경상북도경찰청,구미,봉곡,봉곡파출소,파출소,경상북도 구미시 봉곡남로 16,경상북도,구미시,36.1579556953578,128.308782210737,"봉곡동, 부곡동",12983,1573,1754,289,4182,2082,173,2930
경상북도경찰청,구미,도개,도개파출소,파출소,경상북도 구미시 도개면 도안로 121,경상북도,구미시,36.2995500795305,128.330803755017,"도개면, 옥성면",12983,1573,1754,289,4182,2082,173,2930
경상북도경찰청,구미,장천,장천파출소,파출소,경상북도 구미시 장천면 강동로 170,경상북도,구미시,36.1259075819696,128.495079752531,장천면,12983,1573,1754,289,4182,2082,173,2930
경상북도경찰청,구미,고아,고아파출소,파출소,경상북도 구미시 선산대로 974-6,경상북도,구미시,36.2108902055955,128.32856234649,고아읍,12983,1573,1754,289,4182,2082,173,2930
경상북도경찰청,구미,산동,산동파출소,파출소,경상북도 구미시 산동면 강동로 1030,경상북도,구미시,36.1696724548389,128.434145332359,"거의동, 산동면, 옥계동",12983,1573,1754,289,4182,2082,173,2930
경상북도경찰청,구미,해평,해평파출소,파출소,경상북도 구미시 해평면 강동로 1661,경상북도,구미시,36.1998395640879,128.39129514516,해평면,12983,1573,1754,289,4182,2082,173,2930
경상북도경찰청,구미,선산,선산파출소,파출소,경상북도 구미시 선산읍 선산중앙로 79,경상북도,구미시,36.2429664072016,128.299051729522,선산읍,12983,1573,1754,289,4182,2082,173,2930
경상북도경찰청,구미,무을,무을파출소,파출소,경상북도 구미시 무을면 상무로 951,경상북도,구미시,36.2607516450974,128.197459545105,무을면,12983,1573,1754,289,4182,2082,173,2930
경상북도경찰청,구미,옥성,옥성파출소,파출소,경상북도 구미시 선산읍 선상동로 841,경상북도,구미시,36.2429664072016,128.299051729522,,12983,1573,1754,289,4182,2082,173,2930
경상북도경찰청,구미,양포,양포파출소,파출소,경상북도 구미시 흥안로 6,경상북도,구미시,36.1195708487143,128.344246361062,,12983,1573,1754,289,4182,2082,173,2930
경상북도경찰청,구미,신평,신평파출소,파출소,경상북도 구미시 칠성로2길 32,경상북도,구미시,36.1208723372684,128.359236294669,"공단동, 광평동, 비산동, 신평동, 양호동, 오태동, 임은동",12983,1573,1754,289,4182,2082,173,2930
경상북도경찰청,구미,인동,인동파출소,파출소,경상북도 구미시 인동중앙로 28,경상북도,구미시,36.1195708487143,128.344246361062,,12983,1573,1754,289,4182,2082,173,2930
경상북도경찰청,구미,진평,진평파출소,파출소,경상북도 구미시 인동22길 33,경상북도,구미시,36.0935204220628,128.423531404144,"구평동, 구포동, 금전동, 시미동, 신동, 인의동, 임수동, 진평동",12983,1573,1754,289,4182,2082,173,2930
경상북도경찰청,경산,서부,서부지구대,지구대,경상북도 경산시 성암로 27,경상북도,경산시,35.8250815854681,128.741316589036,"계양동, 남천면, 대평동, 백천동, 사동, 사정동, 삼남동, 삼북동",8534,1124,921,178,3032,1221,61,1997
경상북도경찰청,경산,중앙,중앙파출소,파출소,경상북도 경산시 원효로 35,경상북도,경산시,35.8250815854681,128.741316589036,,8534,1124,921,178,3032,1221,61,1997
경상북도경찰청,경산,자인,자인파출소,파출소,경상북도 경산시 자인면 금학로 8,경상북도,경산시,35.820881382297,128.822564908727,"남방동, 남산면, 내동, 신천동, 여천동, 용성면, 자인면",8534,1124,921,178,3032,1221,61,1997
경상북도경찰청,경산,동부,동부파출소,파출소,경상북도 경산시 계양로 44,경상북도,경산시,35.8250815854681,128.741316589036,,8534,1124,921,178,3032,1221,61,1997
경상북도경찰청,경산,하양,하양파출소,파출소,경상북도 경산시 하양읍 금송로 179,경상북도,경산시,35.9123800187881,128.812331008957,하양읍,8534,1124,921,178,3032,1221,61,1997
경상북도경찰청,경산,압량,압량파출소,파출소,경상북도 경산시 압량면 부적길 50,경상북도,경산시,35.8433176683298,128.759808279839,"갑제동, 대동, 대정동, 압량면, 임당동, 조영동",8534,1124,921,178,3032,1221,61,1997
경상북도경찰청,경산,진량,진량파출소,파출소,경상북도 경산시 진량읍 낙산길 6,경상북도,경산시,35.8739412841515,128.816220097818,진량읍,8534,1124,921,178,3032,1221,61,1997
경상북도경찰청,경산,와촌,와촌파출소,파출소,경상북도 경산시 와촌면 금송로 419,경상북도,경산시,35.9463299059491,128.836515129986,와촌면,8534,1124,921,178,3032,1221,61,1997
경상북도경찰청,안동,역전,역전지구대,지구대,경상북도 안동시 경동로 690,경상북도,안동시,36.5684607632482,128.729587379397,"광석동, 금곡동, 남문동, 남부동, 대석동, 동문동, 동부동, 명륜동",3947,561,401,115,1252,690,125,803
경상북도경찰청,안동,송하,송하지구대,지구대,경상북도 안동시 경동로 278,경상북도,안동시,36.5684607632482,128.729587379397,,3947,561,401,115,1252,690,125,803
경상북도경찰청,안동,태화,태화지구대,지구대,경상북도 안동시 태화2길 7,경상북도,안동시,36.5611392085543,128.71397943818,"당북동, 옥야동, 운안동, 정하동, 태화동, 평화동",3947,561,401,115,1252,690,125,803
경상북도경찰청,안동,길안,길안파출소,파출소,경상북도 안동시 길안면 천지길 41,경상북도,안동시,36.4559981698509,128.894465404069,길안면,3947,561,401,115,1252,690,125,803
경상북도경찰청,안동,풍천,풍천파출소,파출소,경상북도 안동시 풍천면 갈전리 1183,경상북도,안동시,36.5561890573722,128.506522707702,풍천면,3947,561,401,115,1252,690,125,803
경상북도경찰청,안동,예안,예안파출소,파출소,경상북도 안동시 예안면 임예로 1923,경상북도,안동시,36.6612940218944,128.885153234434,예안면,3947,561,401,115,1252,690,125,803
경상북도경찰청,안동,풍산,풍산파출소,파출소,경상북도 안동시 풍산읍 풍산중앙길 139,경상북도,안동시,36.5801576914703,128.572059562563,풍산읍,3947,561,401,115,1252,690,125,803
경상북도경찰청,안동,임하,임하파출소,파출소,경상북도 안동시 임하면 충효로 3257,경상북도,안동시,36.5247172623209,128.830989222707,임하면,3947,561,401,115,1252,690,125,803
경상북도경찰청,안동,남선,남선파출소,파출소,경상북도 안동시 남선면 충효로 3854,경상북도,안동시,36.5261963317789,128.769791982169,"남선면, 송천동",3947,561,401,115,1252,690,125,803
경상북도경찰청,안동,강남,강남파출소,파출소,경상북도 안동시 강남로 169,경상북도,안동시,36.5684607632482,128.729587379397,,3947,561,401,115,1252,690,125,803
경상북도경찰청,안동,용상,용상파출소,파출소,경상북도 안동시 경동로 959,경상북도,안동시,36.5592156622116,128.749628081078,"법흥동, 석동동, 성곡동, 용상동, 정상동",3947,561,401,115,1252,690,125,803
경상북도경찰청,안동,임동,임동파출소,파출소,경상북도 안동시 임동면 챗거리길 25,경상북도,안동시,36.5688567165566,128.917583937536,임동면,3947,561,401,115,1252,690,125,803
경상북도경찰청,안동,일직,일직파출소,파출소,경상북도 안동시 일직면 경북대로 7356,경상북도,안동시,36.4752869602861,128.65952881444,일직면,3947,561,401,115,1252,690,125,803
경상북도경찰청,안동,도산,도산파출소,파출소,경상북도 안동시 도산면 퇴계로 2543,경상북도,안동시,36.7419349371234,128.833334206288,"녹전면, 도산면",3947,561,401,115,1252,690,125,803
경상북도경찰청,안동,북후,북후파출소,파출소,경상북도 안동시 북후면 북평로 897,경상북도,안동시,36.6850427355555,128.70227636739,북후면,3947,561,401,115,1252,690,125,803
경상북도경찰청,안동,와룡,와룡파출소,파출소,경상북도 안동시 와룡면 퇴계로 841,경상북도,안동시,36.6164157645376,128.76650527026,와룡면,3947,561,401,115,1252,690,125,803
경상북도경찰청,안동,옥동,옥동지구대,지구대,경상북도 안동시 광명로 7,경상북도,안동시,36.5615167017744,128.701719516809,"남후면, 노하동, 서후면, 송현동, 수상동, 수하동, 옥동",3947,561,401,115,1252,690,125,803
경상북도경찰청,김천,아포,아포파출소,파출소,경상북도 김천시 아포읍 국사길 143,경상북도,김천시,36.1598713238454,128.253384594975,아포읍,3581,510,385,67,968,704,76,871
경상북도경찰청,김천,남부,남부파출소,파출소,경상북도 김천시 지례면 상부길 107,경상북도,김천시,35.9848042370415,128.026687113862,"부항면, 지례면",3581,510,385,67,968,704,76,871
경상북도경찰청,김천,대덕,대덕파출소,파출소,경상북도 김천시 대덕면 대덕로 761,경상북도,김천시,35.9178580138131,127.96877798642,"대덕면, 증산면",3581,510,385,67,968,704,76,871
경상북도경찰청,김천,역전,역전파출소,파출소,경상북도 김천시 김천로 119,경상북도,김천시,36.1398881671651,128.11362447591,"감호동, 교동, 남면, 남산동, 농소면, 다수동, 대광동, 덕곡동",3581,510,385,67,968,704,76,871
경상북도경찰청,김천,구성,구성파출소,파출소,경상북도 김천시 구성면 남김천대로 2327-4,경상북도,김천시,36.0325365395032,128.047729814822,구성면,3581,510,385,67,968,704,76,871
경상북도경찰청,김천,중앙,중앙지구대,지구대,경상북도 김천시 영남대로 2009,경상북도,김천시,36.1398881671651,128.11362447591,,3581,510,385,67,968,704,76,871
경상북도경찰청,김천,자산,자산파출소,파출소,경상북도 김천시 자산로 41-2,경상북도,김천시,36.1398881671651,128.11362447591,,3581,510,385,67,968,704,76,871
경상북도경찰청,김천,조마,조마파출소,파출소,경상북도 김천시 조마면 강곡1길 22,경상북도,김천시,36.0349067855036,128.099052222212,"감천면, 조마면",3581,510,385,67,968,704,76,871
경상북도경찰청,김천,서부,서부지구대,지구대,경상북도 김천시 영남대로 1402,경상북도,김천시,36.1398881671651,128.11362447591,,3581,510,385,67,968,704,76,871
경상북도경찰청,김천,직지,직지파출소,파출소,경상북도 김천시 대항면 직지로 182,경상북도,김천시,36.1244900823227,128.022140547515,"대항면, 봉산면",3581,510,385,67,968,704,76,871
경상북도경찰청,김천,북부,북부지구대,지구대,경상북도 김천시 대학로 129,경상북도,김천시,36.1398881671651,128.11362447591,,3581,510,385,67,968,704,76,871
경상북도경찰청,김천,어모,어모파출소,파출소,경상북도 김천시 어모면 어모로 249,경상북도,김천시,36.1804286631906,128.118733231373,어모면,3581,510,385,67,968,704,76,871
경상북도경찰청,김천,감문,감문파출소,파출소,경상북도 김천시 감문로 985,경상북도,김천시,36.2142353124812,128.181097232088,"감문면, 개령면",3581,510,385,67,968,704,76,871
경상북도경찰청,김천,동부,동부지구대,지구대,경상북도 김천시 혁신6로 75,경상북도,김천시,36.1398881671651,128.11362447591,,3581,510,385,67,968,704,76,871
경상북도경찰청,영주,신영주,신영주지구대,지구대,경상북도 영주시 선비로 66,경상북도,영주시,36.8056192756897,128.62393703546,"가흥동, 고현동, 문수면, 문정동, 상망동, 영주동, 이산면, 적서동",2236,439,199,44,553,432,31,538
경상북도경찰청,영주,서부,서부지구대,지구대,경상북도 영주시 선비로 205,경상북도,영주시,36.8056192756897,128.62393703546,,2236,439,199,44,553,432,31,538
경상북도경찰청,영주,동부,동부지구대,지구대,경상북도 영주시 원당로 228,경상북도,영주시,36.8056192756897,128.62393703546,,2236,439,199,44,553,432,31,538
경상북도경찰청,영주,부석,부석파출소,파출소,경상북도 영주시 부석면 소천로 49,경상북도,영주시,36.9788780447172,128.654160305604,"단산면, 부석면",2236,439,199,44,553,432,31,538
경상북도경찰청,영주,장수,장수파출소,파출소,경상북도 영주시 장수면 장수로 5,경상북도,영주시,36.7747787221594,128.578753799429,장수면,2236,439,199,44,553,432,31,538
경상북도경찰청,영주,안정,안정파출소,파출소,경상북도 영주시 신재로 541,경상북도,영주시,36.8457344495575,128.556691723386,"상줄동, 아지동, 안정면, 창진동",2236,439,199,44,553,432,31,538
경상북도경찰청,영주,순흥,순흥파출소,파출소,경상북도 영주시 순흥면 순흥로 63,경상북도,영주시,36.9157545347248,128.574927410688,순흥면,2236,439,199,44,553,432,31,538
경상북도경찰청,영주,풍기,풍기파출소,파출소,경상북도 영주시 풍기읍 기주로 114,경상북도,영주시,36.8672739628756,128.526272619327,"봉현면, 풍기읍",2236,439,199,44,553,432,31,538
경상북도경찰청,영천,금호,금호파출소,파출소,경상북도 영천시 금호읍 금호로 115,경상북도,영천시,35.9333520770174,128.877639955581,금호읍,2788,441,282,52,819,577,16,601
경상북도경찰청,영천,고경,고경파출소,파출소,경상북도 영천시 고경면 호국로 1079,경상북도,영천시,36.0015731586343,129.045859580933,고경면,2788,441,282,52,819,577,16,601
경상북도경찰청,영천,임고,임고파출소,파출소,경상북도 영천시 임고면 포은로 439,경상북도,영천시,36.0210730614784,128.973992156666,"도림동, 임고면, 자양면",2788,441,282,52,819,577,16,601
경상북도경찰청,영천,화산,화산파출소,파출소,경상북도 영천시 화산면 장수로 908,경상북도,영천시,36.0203658434243,128.852301150361,화산면,2788,441,282,52,819,577,16,601
경상북도경찰청,영천,신녕,신녕파출소,파출소,경상북도 영천시 신녕면 장수로 1691,경상북도,영천시,36.04530305174,128.789747189931,신녕면,2788,441,282,52,819,577,16,601
경상북도경찰청,영천,화남,화남파출소,파출소,경상북도 영천시 화남면 천문로 1599,경상북도,영천시,36.0591434522819,128.889098827875,"매산동, 화남면, 화북면",2788,441,282,52,819,577,16,601
경상북도경찰청,영천,북안,북안파출소,파출소,경상북도 영천시 북안면 운북로 2023,경상북도,영천시,35.9153348763646,129.009137826744,"괴연동, 본촌동, 북안면, 채신동",2788,441,282,52,819,577,16,601
경상북도경찰청,영천,대창,대창파출소,파출소,경상북도 영천시 대창면 금창로 674,경상북도,영천시,35.8759728203941,128.894690198585,대창면,2788,441,282,52,819,577,16,601
경상북도경찰청,영천,동부,동부지구대,지구대,경상북도 영천시 창신2길13,경상북도,영천시,35.9732205043311,128.938550862058,"과전동, 교촌동, 금노동, 녹전동, 대전동, 도남동, 도동, 망정동",2788,441,282,52,819,577,16,601
경상북도경찰청,영천,남부,남부지구대,지구대,경상북도 영천시 완산2길 43,경상북도,영천시,35.9732205043311,128.938550862058,,2788,441,282,52,819,577,16,601
경상북도경찰청,영천,중앙,중앙파출소,파출소,경상북도 영천시 최무선로 303,경상북도,영천시,35.9732205043311,128.938550862058,,2788,441,282,52,819,577,16,601
경상북도경찰청,영천,청통,청통파출소,파출소,경상북도 영천시 청통면 금송로 1025,경상북도,영천시,35.9921242022993,128.823002215323,청통면,2788,441,282,52,819,577,16,601
경상북도경찰청,상주,중앙,중앙지구대,지구대,경상북도 상주시 상서문로 63,경상북도,상주시,36.4109398001854,128.159145076992,"가장동, 개운동, 거동동, 계산동, 낙상동, 낙양동, 남성동, 남장동",2492,346,357,33,753,373,49,581
경상북도경찰청,상주,동문,동문지구대,지구대,경상북도 상주시 중앙로 371,경상북도,상주시,36.4109398001854,128.159145076992,,2492,346,357,33,753,373,49,581
경상북도경찰청,상주,모동,모동파출소,파출소,경상북도 상주시 모동면 용호1길 21,경상북도,상주시,36.3201000131368,127.959367427176,"모동면, 모서면",2492,346,357,33,753,373,49,581
경상북도경찰청,상주,화북,화북파출소,파출소,경상북도 상주시 화북면 문장로 1718,경상북도,상주시,36.5632969766656,127.917219520465,화북면,2492,346,357,33,753,373,49,581
경상북도경찰청,상주,은척,은척파출소,파출소,경상북도 상주시 은척면 봉중1길 6,경상북도,상주시,36.5317290435869,128.071543233613,은척면,2492,346,357,33,753,373,49,581
경상북도경찰청,상주,낙동,낙동파출소,파출소,경상북도 상주시 낙동면 영남제일로 105,경상북도,상주시,36.3749532105949,128.248162010289,"낙동면, 도남동, 중동면",2492,346,357,33,753,373,49,581
경상북도경찰청,상주,화동,화동파출소,파출소,경상북도 상주시 화동면 이소1길 42,경상북도,상주시,36.3895588346261,127.954121358715,화동면,2492,346,357,33,753,373,49,581
경상북도경찰청,상주,사벌국,사벌국파출소,파출소,경상북도 상주시 사벌국면 덕담1길 59,경상북도,상주시,36.4109398001854,128.159145076992,,2492,346,357,33,753,373,49,581
경상북도경찰청,상주,청리,청리파출소,파출소,경상북도 상주시 청리면 청리중앙로 166-10,경상북도,상주시,36.3386153139905,128.130596925326,"양촌동, 외남면, 지천동, 청리면",2492,346,357,33,753,373,49,581
경상북도경찰청,상주,공성,공성파출소,파출소,경상북도 상주시 공성면 공성중앙로 99,경상북도,상주시,36.2834276994279,128.092442673423,공성면,2492,346,357,33,753,373,49,581
경상북도경찰청,상주,공검,공검파출소,파출소,경상북도 상주시 공검면 비재로 1288,경상북도,상주시,36.5120676237923,128.158597496223,"공검면, 남적동, 사벌면, 외서면",2492,346,357,33,753,373,49,581
경상북도경찰청,상주,함창,함창파출소,파출소,경상북도 상주시 함창읍 함창중앙로 112,경상북도,상주시,36.570156619581,128.179483501882,"이안면, 함창읍",2492,346,357,33,753,373,49,581
경상북도경찰청,상주,화서,화서파출소,파출소,경상북도 상주시 화서면 화령로 21,경상북도,상주시,36.4454508619977,127.951396803964,"화남면, 화서면",2492,346,357,33,753,373,49,581
경상북도경찰청,문경,농암,농암파출소,파출소,경상북도 문경시 농암면 농암길 78,경상북도,문경시,36.6009472941937,128.002892397025,농암면,1680,259,235,30,502,284,18,352
경상북도경찰청,문경,가은,가은파출소,파출소,경상북도 문경시 가은읍 가은로 137,경상북도,문경시,36.6426960359546,128.062057589476,"가은읍, 불정동",1680,259,235,30,502,284,18,352
경상북도경찰청,문경,산북,산북파출소,파출소,경상북도 문경시 산북면 강동로 14,경상북도,문경시,36.6560768205138,128.259400061843,"동로면, 산북면",1680,259,235,30,502,284,18,352
경상북도경찰청,문경,산양,산양파출소,파출소,경상북도 문경시 산양면 산양로 107,경상북도,문경시,36.6117474414141,128.258727920562,산양면,1680,259,235,30,502,284,18,352
경상북도경찰청,문경,점촌,점촌파출소,파출소,경상북도 문경시 돈달로 142,경상북도,문경시,36.5985996793121,128.197805796086,"공평동, 영순면, 영신동, 유곡동, 점촌동, 흥덕동",1680,259,235,30,502,284,18,352
경상북도경찰청,문경,남부,남부파출소,파출소,경상북도 문경시 모전로 144,경상북도,문경시,36.5865273680414,128.186771917242,"모전동, 윤직동",1680,259,235,30,502,284,18,352
경상북도경찰청,문경,문경,문경파출소,파출소,경상북도 문경시 문경읍 문희로 61,경상북도,문경시,36.7372964073239,128.107044342103,"마성면, 문경읍",1680,259,235,30,502,284,18,352
경상북도경찰청,문경,마성,마성파출소,파출소,경상북도 문경시 호계면 문경대로 1768,경상북도,문경시,36.6312026252143,128.205850044326,"신기동, 우지동, 창동, 호계면",1680,259,235,30,502,284,18,352
경상북도경찰청,칠곡,왜관,왜관지구대,지구대,경상북도 칠곡군 왜관읍 2번도로길 33,경상북도,칠곡군,35.9890285712881,128.397709505788,"기산면, 왜관읍",3521,528,275,63,1089,690,50,826
경상북도경찰청,칠곡,석적,석적지구대,지구대,경상북도 칠곡군 석적읍 석적로 965,경상북도,칠곡군,36.0668119446103,128.400793715981,석적읍,3521,528,275,63,1089,690,50,826
경상북도경찰청,칠곡,북삼,북삼지구대,지구대,경상북도 칠곡군 북삼읍 인평1길 2,경상북도,칠곡군,36.0629211942501,128.342975570345,북삼읍,3521,528,275,63,1089,690,50,826
경상북도경찰청,칠곡,동명,동명파출소,파출소,경상북도 칠곡군 동명면 금암중앙길 21,경상북도,칠곡군,35.9840337863384,128.553499118489,동명면,3521,528,275,63,1089,690,50,826
경상북도경찰청,칠곡,지천,지천파출소,파출소,경상북도 칠곡군 지천면 신동로 154,경상북도,칠곡군,35.9560684588653,128.491676804773,지천면,3521,528,275,63,1089,690,50,826
경상북도경찰청,칠곡,가산,가산파출소,파출소,경상북도 칠곡군 가산면 경북대로 1576,경상북도,칠곡군,36.0859630613676,128.538885492012,가산면,3521,528,275,63,1089,690,50,826
경상북도경찰청,칠곡,약목,약목파출소,파출소,경상북도 칠곡군 약목면 약목로3길 12,경상북도,칠곡군,36.0327438267079,128.363702456356,약목면,3521,528,275,63,1089,690,50,826
경상북도경찰청,의성,의성,의성지구대,지구대,경상북도 의성군 의성읍 충효로 65,경상북도,의성군,36.3559132632101,128.694803424584,"단촌면, 의성읍",1122,143,161,14,326,245,22,211
경상북도경찰청,의성,안평,안평파출소,파출소,경상북도 의성군 안평면 안평의성로 1,경상북도,의성군,36.3767576639337,128.584188465703,안평면,1122,143,161,14,326,245,22,211
경상북도경찰청,의성,단밀,단밀파출소,파출소,경상북도 의성군 단밀면 주속길 70,경상북도,의성군,36.3759783665807,128.381615959748,"단밀면, 단북면",1122,143,161,14,326,245,22,211
경상북도경찰청,의성,봉양,봉양파출소,파출소,경상북도 의성군 봉양면 도리원1길 53,경상북도,의성군,36.3007525533012,128.576348899729,봉양면,1122,143,161,14,326,245,22,211
경상북도경찰청,의성,안계,안계파출소,파출소,경상북도 의성군 안계면 안계길 143,경상북도,의성군,36.3838537569973,128.440213256607,"구천면, 비안면, 신평면, 안계면, 안사면",1122,143,161,14,326,245,22,211
경상북도경찰청,의성,춘산,춘산파출소,파출소,경상북도 의성군 춘산면 금성현서로 1491,경상북도,의성군,36.2375645705596,128.811743688476,"사곡면, 춘산면",1122,143,161,14,326,245,22,211
경상북도경찰청,의성,금성,금성파출소,파출소,경상북도 의성군 금성면 탑리길 55,경상북도,의성군,36.2613833119188,128.681062375143,"가음면, 금성면",1122,143,161,14,326,245,22,211
경상북도경찰청,의성,옥산,옥산파출소,파출소,경상북도 의성군 옥산면 신감옥산로 1228-3,경상북도,의성군,36.3928203264556,128.810004874336,"옥산면, 점곡면",1122,143,161,14,326,245,22,211
경상북도경찰청,의성,다인,다인파출소,파출소,경상북도 의성군 다인면 서릉길 62,경상북도,의성군,36.4503084215363,128.353563118474,다인면,1122,143,161,14,326,245,22,211
경상북도경찰청,청도,풍각,풍각파출소,파출소,경상북도 청도군 풍각면 헐티로 212,경상북도,청도군,35.6388854505594,128.618228093685,"각북면, 풍각면",1214,206,171,19,291,255,24,248
경상북도경찰청,청도,이서,이서파출소,파출소,경상북도 청도군 이서면 학산1길 48,경상북도,청도군,35.6632629651369,128.670550024362,"각남면, 이서면",1214,206,171,19,291,255,24,248
경상북도경찰청,청도,중앙,중앙파출소,파출소,경상북도 청도군 청도읍 청화로 194,경상북도,청도군,35.6507107731232,128.743825152022,청도읍,1214,206,171,19,291,255,24,248
경상북도경찰청,청도,화양,화양파출소,파출소,경상북도 청도군 화양읍 도주관로 142,경상북도,청도군,35.6498410182316,128.706157411797,화양읍,1214,206,171,19,291,255,24,248
경상북도경찰청,청도,금천,금천파출소,파출소,경상북도 청도군 금천면 금천로 46,경상북도,청도군,35.6871722043637,128.892409759474,"금천면, 운문면",1214,206,171,19,291,255,24,248
경상북도경찰청,청도,매전,매전파출소,파출소,경상북도 청도군 매전면 청려로 3711,경상북도,청도군,35.6670875537983,128.855622332292,매전면,1214,206,171,19,291,255,24,248
경상북도경찰청,영덕,남정,남정파출소,파출소,경상북도 영덕군 남정면 진불길 29,경상북도,영덕군,36.2859136575654,129.372516225883,남정면,1053,185,111,17,302,186,8,244
경상북도경찰청,영덕,영덕,영덕파출소,파출소,경상북도 영덕군 영덕읍 중앙길 89,경상북도,영덕군,36.409481878419,129.372819347787,"달산면, 영덕읍, 지품면",1053,185,111,17,302,186,8,244
경상북도경찰청,영덕,강구,강구파출소,파출소,경상북도 영덕군 강구면 강구시장길 15,경상북도,영덕군,36.361807939165,129.378593083086,강구면,1053,185,111,17,302,186,8,244
경상북도경찰청,영덕,영해,영해파출소,파출소,경상북도 영덕군 영해면 예주2길 9,경상북도,영덕군,36.5375441430833,129.407149054823,"영해면, 창수면",1053,185,111,17,302,186,8,244
경상북도경찰청,영덕,축산,축산파출소,파출소,경상북도 영덕군 축산면 영덕대게로 2049,경상북도,영덕군,36.5089457184002,129.414257898951,축산면,1053,185,111,17,302,186,8,244
경상북도경찰청,영덕,병곡,병곡파출소,파출소,경상북도 영덕군 병곡면 병곡길 62,경상북도,영덕군,36.6023461534724,129.410663787044,병곡면,1053,185,111,17,302,186,8,244
경상북도경찰청,울진,기성,기성파출소,파출소,경상북도 울진군 기성면 기성로 667,경상북도,울진군,36.7981815754256,129.451454027672,기성면,1208,180,111,14,342,238,19,304
경상북도경찰청,울진,북면,북면파출소,파출소,경상북도 울진군 북면 울진북로 2080,경상북도,울진군,37.1048544174713,129.373093753423,북면,1208,180,111,14,342,238,19,304
경상북도경찰청,울진,죽변,죽변파출소,파출소,경상북도 울진군 죽변면 죽변중앙로 159,경상북도,울진군,37.0597574445612,129.422274724235,죽변면,1208,180,111,14,342,238,19,304
경상북도경찰청,울진,울진,울진파출소,파출소,경상북도 울진군 울진읍 읍내10길 20,경상북도,울진군,36.9972002793585,129.403050083354,울진읍,1208,180,111,14,342,238,19,304
경상북도경찰청,울진,근남,근남파출소,파출소,경상북도 울진군 근남면 울진북로 147,경상북도,울진군,36.9628125050097,129.394491609648,"근남면, 매화면",1208,180,111,14,342,238,19,304
경상북도경찰청,울진,후포,후포파출소,파출소,경상북도 울진군 후포면 울진대게로 34-8,경상북도,울진군,36.678493765933,129.439340805341,후포면,1208,180,111,14,342,238,19,304
경상북도경찰청,울진,평해,평해파출소,파출소,경상북도 울진군 평해읍 평해로 61,경상북도,울진군,36.7280699547219,129.441356593837,"온정면, 평해읍",1208,180,111,14,342,238,19,304
경상북도경찰청,울진,금강송,금강송파출소,파출소,경상북도 울진군 금강송면 불영계곡로 1723,경상북도,울진군,36.935589137252,129.24717286958,금강송면,1208,180,111,14,342,238,19,304
경상북도경찰청,봉화,석포,석포파출소,파출소,경상북도 봉화군 석포면 석포로1길 6,경상북도,봉화군,37.0486594374634,129.065160646698,석포면,499,87,59,8,116,117,7,105
경상북도경찰청,봉화,춘양,춘양파출소,파출소,경상북도 봉화군 춘양면 의양로 54,경상북도,봉화군,36.9351071658202,128.914885440264,"법전면, 춘양면",499,87,59,8,116,117,7,105
경상북도경찰청,봉화,소천,소천파출소,파출소,경상북도 봉화군 소천면 소천로 1259,경상북도,봉화군,36.9377096424607,129.003090907112,소천면,499,87,59,8,116,117,7,105
경상북도경찰청,봉화,명호,명호파출소,파출소,경상북도 봉화군 명호면 노루목재길 24,경상북도,봉화군,36.8588474787938,128.900014899951,"명호면, 재산면",499,87,59,8,116,117,7,105
경상북도경찰청,봉화,봉화,봉화파출소,파출소,경상북도 봉화군 봉화읍 봉화로 1077,경상북도,봉화군,36.8876665285545,128.739634594351,"봉성면, 봉화읍, 상운면",499,87,59,8,116,117,7,105
경상북도경찰청,봉화,물야,물야파출소,파출소,경상북도 봉화군 물야면 문수로 981,경상북도,봉화군,36.9751823190015,128.735794837411,물야면,499,87,59,8,116,117,7,105
경상북도경찰청,예천,예천,예천지구대,지구대,경상북도 예천군 예천읍 충효로 198,경상북도,예천군,36.657058599881,128.45356236127,"보문면, 예천읍, 유천면",1334,177,115,24,445,319,13,241
경상북도경찰청,예천,용궁,용궁파출소,파출소,경상북도 예천군 용궁면 용궁로 92,경상북도,예천군,36.6086508026396,128.277405203635,용궁면,1334,177,115,24,445,319,13,241
경상북도경찰청,예천,풍양,풍양파출소,파출소,경상북도 예천군 풍양면 낙상1길 60-3,경상북도,예천군,36.5106137006883,128.29902352074,풍양면,1334,177,115,24,445,319,13,241
경상북도경찰청,예천,용문,용문파출소,파출소,경상북도 예천군 용문면 용문경천로 1213,경상북도,예천군,36.690221273918,128.410981900601,용문면,1334,177,115,24,445,319,13,241
경상북도경찰청,예천,호명,호명지구대,지구대,경상북도 예천군 호명면 호명로 547번지,경상북도,예천군,36.5943293376644,128.468377412546,호명면,1334,177,115,24,445,319,13,241
경상북도경찰청,예천,지보,지보파출소,파출소,경상북도 예천군 지보면 지보로 151,경상북도,예천군,36.5483123181354,128.390350614128,"개포면, 지보면",1334,177,115,24,445,319,13,241
경상북도경찰청,예천,감천,감천파출소,파출소,경상북도 예천군 예천읍 충효로 1385,경상북도,예천군,36.657058599881,128.45356236127,,1334,177,115,24,445,319,13,241
경상북도경찰청,예천,은풍,은풍파출소,파출소,경상북도 예천군 은풍면 은풍로 85,경상북도,예천군,36.7450918568792,128.443098011034,"감천면, 은풍면, 효자면",1334,177,115,24,445,319,13,241
경상북도경찰청,성주,벽진,벽진파출소,파출소,경상북도 성주군 벽진면 벽봉로 17,경상북도,성주군,35.9484937848406,128.216420305182,"대가면, 벽진면",1300,170,146,27,348,261,27,321
경상북도경찰청,성주,수륜,수륜파출소,파출소,경상북도 성주군 수륜면 참별로 917,경상북도,성주군,35.8329286303315,128.192387163309,수륜면,1300,170,146,27,348,261,27,321
경상북도경찰청,성주,가천,가천파출소,파출소,경상북도 성주군 가천면 가천로 73,경상북도,성주군,35.8844023040859,128.166208543054,"가천면, 금수면",1300,170,146,27,348,261,27,321
경상북도경찰청,성주,초전,초전파출소,파출소,경상북도 성주군 초전면 대장길 111,경상북도,성주군,35.9745393354029,128.263356813826,초전면,1300,170,146,27,348,261,27,321
경상북도경찰청,성주,선남,선남파출소,파출소,경상북도 성주군 선남면 관화길 90,경상북도,성주군,35.9008625417686,128.351773337995,선남면,1300,170,146,27,348,261,27,321
경상북도경찰청,성주,용암,용암파출소,파출소,경상북도 성주군 용암면 운용로 1025,경상북도,성주군,35.836289218014,128.336842965565,용암면,1300,170,146,27,348,261,27,321
경상북도경찰청,성주,중부,중부지구대,지구대,경상북도 성주군 성주읍 성밖숲길 151,경상북도,성주군,35.9189532064083,128.289291570613,"성주읍, 월항면",1300,170,146,27,348,261,27,321
경상북도경찰청,청송,진보,진보파출소,파출소,경상북도 청송군 진보면 진보로 129,경상북도,청송군,36.529444238786,129.046720994349,진보면,665,136,59,12,128,166,8,156
경상북도경찰청,청송,주왕산,주왕산파출소,파출소,경상북도 청송군 주왕산면 이전앞길 5,경상북도,청송군,36.3569505258045,129.159283721115,주왕산면,665,136,59,12,128,166,8,156
경상북도경찰청,청송,현동,현동파출소,파출소,경상북도 청송군 현동면 청송로 2667,경상북도,청송군,36.2906927632044,129.016869777203,현동면,665,136,59,12,128,166,8,156
경상북도경찰청,청송,안덕,안덕파출소,파출소,경상북도 청송군 안덕면 안덕로 95,경상북도,청송군,36.2889468385961,128.959983406821,안덕면,665,136,59,12,128,166,8,156
경상북도경찰청,청송,현서,현서파출소,파출소,경상북도 청송군 현서면 구산동로 43,경상북도,청송군,36.2759052781394,128.895956501507,현서면,665,136,59,12,128,166,8,156
경상북도경찰청,청송,청송,청송파출소,파출소,경상북도 청송군 청송읍 금월로 231,경상북도,청송군,36.4340810596077,129.056706081429,"청송읍, 파천면",665,136,59,12,128,166,8,156
경상북도경찰청,청송,부남,부남파출소,파출소,경상북도 청송군 부남면 대전로 127,경상북도,청송군,36.344602021308,129.063321888151,부남면,665,136,59,12,128,166,8,156
경상북도경찰청,영양,입암,입암파출소,파출소,경상북도 영양군 입암면 입암로 72,경상북도,영양군,36.5932582938665,129.090345056359,입암면,307,68,40,2,88,54,3,52
경상북도경찰청,영양,석보,석보파출소,파출소,경상북도 영양군 석보면 원리길 15,경상북도,영양군,36.558053076358,129.124722406699,석보면,307,68,40,2,88,54,3,52
경상북도경찰청,영양,수비,수비파출소,파출소,경상북도 영양군 수비면 한티로 459,경상북도,영양군,36.7652253089698,129.202589910751,수비면,307,68,40,2,88,54,3,52
경상북도경찰청,영양,청기,청기파출소,파출소,경상북도 영양군 청기면 청기1길 9-6,경상북도,영양군,36.6612175124943,129.062377166448,청기면,307,68,40,2,88,54,3,52
경상북도경찰청,영양,영양,영양파출소,파출소,경상북도 영양군 영양읍 동서대로 29,경상북도,영양군,36.6670408997206,129.114174676205,"영양읍, 일월면",307,68,40,2,88,54,3,52
경상북도경찰청,고령,성산,성산파출소,파출소,경상북도 고령군 성산면 성산로 896,경상북도,고령군,35.7499058888517,128.359921388395,"개진면, 성산면, 우곡면",740,114,79,17,198,132,14,186
경상북도경찰청,고령,다산,다산파출소,파출소,경상북도 고령군 다산면 평리1길 15-1,경상북도,고령군,35.8227297226519,128.451675744795,다산면,740,114,79,17,198,132,14,186
경상북도경찰청,고령,대가야,대가야지구대,지구대,경상북도 고령군 대가야읍 시장길 1길 5,경상북도,고령군,35.7306221891533,128.267658427531,"대가야읍, 덕곡면, 쌍림면, 운수면",740,114,79,17,198,132,14,186
경상북도경찰청,고령,쌍림,쌍림파출소,파출소,경상북도 고령군 대가야읍 대가야로 610,경상북도,고령군,35.7306221891533,128.267658427531,,740,114,79,17,198,132,14,186
경상북도경찰청,울릉,도동,도동파출소,파출소,경상북도 울릉군 울릉읍 도동4길 4,경상북도,울릉군,37.4850099409886,130.903667789119,울릉읍,174,25,5,5,51,30,1,57
경상북도경찰청,울릉,저동,저동파출소,파출소,경상북도 울릉군 울릉읍 봉래길 30-2,경상북도,울릉군,37.4850099409886,130.903667789119,,174,25,5,5,51,30,1,57
경상북도경찰청,울릉,서면,서면파출소,파출소,경상북도 울릉군 서면 남양4길 37,경상북도,울릉군,37.4677147637857,130.838096350954,서면,174,25,5,5,51,30,1,57
경상북도경찰청,울릉,북면,북면파출소,파출소,경상북도 울릉군 북면 천부1길 20,경상북도,울릉군,37.5407383275983,130.874600409341,북면,174,25,5,5,51,30,1,57
경상남도경찰청,창원중부,신월,신월지구대,지구대,경상남도 창원시 성산구 신사로45번길 35,경상남도,창원시,35.1925870885037,128.557301225674,"대창동, 문화동, 신월동, 예곡동",28543,4356,3665,606,9077,3871,290,6678
경상남도경찰청,창원중부,가음정,가음정지구대,지구대,경상남도 창원시 성산구 원이대로863번길 22,경상남도,창원시,35.2083719827532,128.68524284168,"가음동, 가음정동, 남산동, 남지동, 상남동, 상복동, 성산동, 성주동",28543,4356,3665,606,9077,3871,290,6678
경상남도경찰청,창원중부,중앙,중앙파출소,파출소,경상남도 창원시 성산구 원이대로566번길 27-19,경상남도,창원시,35.1893629671123,128.562157969723,"가포동, 대내동, 대성동1가, 대성동2가, 대외동, 두월동1가, 두월동2가, 두월동3가",28543,4356,3665,606,9077,3871,290,6678
경상남도경찰청,창원중부,반송,반송파출소,파출소,경상남도 창원시 성산구 원이대로473번길 17,경상남도,창원시,35.2404170963623,128.673193879351,"내동, 반림동, 반송동, 반지동, 봉곡동, 봉림동, 사림동, 퇴촌동",28543,4356,3665,606,9077,3871,290,6678
경상남도경찰청,창원중부,사파,사파파출소,파출소,경상남도 창원시 성산구 대암로 113,경상남도,창원시,35.2230183085148,128.699186040511,"남양동, 대방동, 불모산동, 사파동, 사파정동, 삼정자동, 토월동, 용동",28543,4356,3665,606,9077,3871,290,6678
경상남도경찰청,창원중부,신촌,신촌파출소,파출소,경상남도 창원시 성산구 봉양로 408,경상남도,창원시,35.2132839240233,128.639683986417,"신촌동, 양곡동, 완암동, 웅남동, 월림동, 적현동, 창곡동, 내리동",28543,4356,3665,606,9077,3871,290,6678
경상남도경찰청,창원서부,명곡,명곡지구대,지구대,경상남도 창원시 의창구 원이대로261번길 16-19,경상남도,창원시,35.2569724978399,128.650755416213,"도계동, 명곡동, 명서동, 서곡동",28543,4356,3665,606,9077,3871,290,6678
경상남도경찰청,창원서부,의창,의창파출소,파출소,경상남도 창원시 의창구 의창대로266번길 11,경상남도,창원시,35.133429785687,128.710188416055,"대장동, 명동, 북부동, 서중동, 성내동, 소사동, 수도동, 원포동",28543,4356,3665,606,9077,3871,290,6678
경상남도경찰청,창원서부,팔용,팔용파출소,파출소,경상남도 창원시 의창구 창원대로397번길 30,경상남도,창원시,35.2541369944155,128.612147059153,"구암동, 동정동, 반계동, 북동, 사화동, 서상동, 소계동, 소답동",28543,4356,3665,606,9077,3871,290,6678
경상남도경찰청,창원서부,동읍,동읍파출소,파출소,경상남도 창원시 의창구 동읍 의창대로 902,경상남도,창원시,35.2847013679004,128.682391858961,동읍,28543,4356,3665,606,9077,3871,290,6678
경상남도경찰청,창원서부,북면,북면파출소,파출소,경상남도 창원시 의창구 북면 동전리 700-11,경상남도,창원시,35.1154656610035,128.467448231228,진북면,28543,4356,3665,606,9077,3871,290,6678
경상남도경찰청,창원서부,대산,대산파출소,파출소,경상남도 창원시 의창구 대산면 진산대로 415,경상남도,창원시,35.3353649020527,128.708256877819,"대산면, 북면",28543,4356,3665,606,9077,3871,290,6678
경상남도경찰청,마산중부,신마산,신마산지구대,지구대,경상남도 창원시 마산합포구 문화남5길 52,경상남도,창원시,35.133429785687,128.710188416055,,28543,4356,3665,606,9077,3871,290,6678
경상남도경찰청,마산중부,완월,완월파출소,파출소,경상남도 창원시 마산합포구 중앙남11길 12,경상남도,창원시,35.1994921141628,128.564174556278,"신포동1가, 신흥동, 완월동, 자산동, 장군동3가, 장군동4가, 장군동5가, 중앙동2가",28543,4356,3665,606,9077,3871,290,6678
경상남도경찰청,마산중부,남성,남성파출소,파출소,경상남도 창원시 마산합포구 3·15대로 295,경상남도,창원시,35.2024671400478,128.577438407255,"남성동, 동성동, 부림동, 서성동, 수성동, 신포동2가, 귀곡동, 귀현동",28543,4356,3665,606,9077,3871,290,6678
경상남도경찰청,마산중부,오동,오동파출소,파출소,경상남도 창원시 마산합포구 천하장사로 111,경상남도,창원시,35.2087831844857,128.578531295132,"오동동, 중성동, 창동, 추산동",28543,4356,3665,606,9077,3871,290,6678
경상남도경찰청,마산중부,교방,교방파출소,파출소,경상남도 창원시 마산합포구 교방서1길 40,경상남도,창원시,35.2143429100239,128.566251648628,"교방동, 교원동, 성호동",28543,4356,3665,606,9077,3871,290,6678
경상남도경찰청,마산중부,구산,구산파출소,파출소,경상남도 창원시 마산합포구 구산면 구산로562,경상남도,창원시,35.1196814231664,128.580842336195,"구산면, 덕동동, 현동",28543,4356,3665,606,9077,3871,290,6678
경상남도경찰청,마산중부,진동,진동파출소,파출소,경상남도 창원시 마산합포구 진동면 삼진의거대로 661,경상남도,창원시,35.1151603215593,128.488348655692,진동면,28543,4356,3665,606,9077,3871,290,6678
경상남도경찰청,마산중부,진전,진전파출소,파출소,경상남도 창원시 마산합포구 진전면 대실로 156,경상남도,창원시,35.1028661548291,128.418985631953,진전면,28543,4356,3665,606,9077,3871,290,6678
경상남도경찰청,마산동부,합성,합성지구대,지구대,경상남도 창원시 마산회원구 합성남8길 21,경상남도,창원시,35.2439797546624,128.575091448879,합성동,28543,4356,3665,606,9077,3871,290,6678
경상남도경찰청,마산동부,양덕,양덕지구대,지구대,경상남도 창원시 마산회원구 봉양로 35,경상남도,창원시,35.2322986880556,128.586214297803,양덕동,28543,4356,3665,606,9077,3871,290,6678
경상남도경찰청,마산동부,석전,석전파출소,파출소,경상남도 창원시 마산회원구 석전동6길 20,경상남도,창원시,35.2293863941036,128.56819711454,"두척동, 석전동, 회성동",28543,4356,3665,606,9077,3871,290,6678
경상남도경찰청,마산동부,산호,산호파출소,파출소,경상남도 창원시 마산합포구 산호북15길 1,경상남도,창원시,35.2160543574232,128.585977212791,"산호동, 봉암동",28543,4356,3665,606,9077,3871,290,6678
경상남도경찰청,마산동부,회원,회원파출소,파출소,경상남도 창원시 마산회원구 회원남25길 73,경상남도,창원시,35.2182414223567,128.574189789752,"상남동, 회원동",28543,4356,3665,606,9077,3871,290,6678
경상남도경찰청,마산동부,삼계,삼계파출소,파출소,경상남도 창원시 마산회원구 내서읍 삼계로 32,경상남도,창원시,35.2467853123735,128.507669257485,내서읍,28543,4356,3665,606,9077,3871,290,6678
경상남도경찰청,마산동부,중리,중리파출소,파출소,경상남도 창원시 마산회원구 내서읍 호원로164,경상남도,창원시,35.2467853123735,128.507669257485,,28543,4356,3665,606,9077,3871,290,6678
경상남도경찰청,진주,비봉,비봉지구대,지구대,경상남도 진주시 비봉로33번길 2,경상남도,진주시,35.1802228341544,128.107706335688,"가좌동, 강남동, 계동, 남성동, 내동면, 대안동, 동성동, 망경동",11750,1419,3046,201,3446,1391,76,2171
경상남도경찰청,진주,상대,상대지구대,지구대,경상남도 진주시 동진로 263,경상남도,진주시,35.1800770345854,128.111814419354,"상대동, 호탄동",11750,1419,3046,201,3446,1391,76,2171
경상남도경찰청,진주,남강,남강지구대,지구대,경상남도 진주시 창렬로7번길 12,경상남도,진주시,35.1802228341544,128.107706335688,,11750,1419,3046,201,3446,1391,76,2171
경상남도경찰청,진주,진양호,진양호지구대,지구대,경상남도 진주시 평거로 42,경상남도,진주시,35.1802228341544,128.107706335688,,11750,1419,3046,201,3446,1391,76,2171
경상남도경찰청,진주,하대,하대지구대,지구대,경상남도 진주시 대신로 387,경상남도,진주시,35.1893640873671,128.127403704554,"초전동, 하대동",11750,1419,3046,201,3446,1391,76,2171
경상남도경찰청,진주,개양,개양파출소,파출소,경상남도 진주시 진주대로 560,경상남도,진주시,35.1802228341544,128.107706335688,,11750,1419,3046,201,3446,1391,76,2171
경상남도경찰청,진주,충무공,충무공파출소,파출소,경상남도 진주시 충무공동 충의로 149,경상남도,진주시,35.1748715455871,128.150373801935,충무공동,11750,1419,3046,201,3446,1391,76,2171
경상남도경찰청,진주,문산,문산파출소,파출소,경상남도 진주시 문산읍 동부로587번길 1,경상남도,진주시,35.1691538074342,128.164325231567,"금곡면, 문산읍",11750,1419,3046,201,3446,1391,76,2171
경상남도경찰청,진주,금산,금산파출소,파출소,경상남도 진주시 금산면 금산로 111,경상남도,진주시,35.2140178212093,128.147956253338,"금산면, 집현면",11750,1419,3046,201,3446,1391,76,2171
경상남도경찰청,진주,일반성,일반성파출소,파출소,경상남도 진주시 일반성면 창촌길 27-1,경상남도,진주시,35.1712827299993,128.277171018404,"사봉면, 이반성면, 일반성면, 진성면",11750,1419,3046,201,3446,1391,76,2171
경상남도경찰청,진주,지수,지수파출소,파출소,경상남도 진주시 지수면 지수로 492,경상남도,진주시,35.2350536186251,128.269623700446,지수면,11750,1419,3046,201,3446,1391,76,2171
경상남도경찰청,진주,수곡,수곡파출소,파출소,경상남도 진주시 수곡면 곤수로 903,경상남도,진주시,35.1985989789397,127.932169505873,"귀곡동, 대평면, 수곡면",11750,1419,3046,201,3446,1391,76,2171
경상남도경찰청,진주,대곡,대곡파출소,파출소,경상남도 진주시 대곡면 진의로 1065,경상남도,진주시,35.2643026729954,128.169386015517,"대곡면, 미천면",11750,1419,3046,201,3446,1391,76,2171
경상남도경찰청,김해중부,연지,연지지구대,지구대,경상남도 김해시 내외중앙로 118,경상남도,김해시,35.2285653558628,128.88936269803,"강동, 구산동, 내동, 대성동, 동상동, 봉황동, 부원동, 불암동",15900,2176,2429,300,4125,2838,201,3831
경상남도경찰청,김해중부,왕릉,왕릉지구대,지구대,경상남도 김해시 해반천로168번길 8,경상남도,김해시,35.2285653558628,128.88936269803,,15900,2176,2429,300,4125,2838,201,3831
경상남도경찰청,김해중부,중앙,중앙지구대,지구대,경상남도 김해시 가락로 30,경상남도,김해시,35.2285653558628,128.88936269803,,15900,2176,2429,300,4125,2838,201,3831
경상남도경찰청,김해중부,상동,상동파출소,파출소,경상남도 김해시 상동면 상동로 553,경상남도,김해시,35.3077287293856,128.930418508836,상동면,15900,2176,2429,300,4125,2838,201,3831
경상남도경찰청,김해중부,대동,대동파출소,파출소,경상남도 김해시 대동면 대동로 597,경상남도,김해시,35.2422910007479,128.98027409024,대동면,15900,2176,2429,300,4125,2838,201,3831
경상남도경찰청,김해중부,생림,생림파출소,파출소,경상남도 김해시 봉림로 21,경상남도,김해시,35.3281525474109,128.849284350376,생림면,15900,2176,2429,300,4125,2838,201,3831
경상남도경찰청,김해서부,장유,장유지구대,지구대,경상남도 김해시 계동로 102번길 19,경상남도,김해시,35.1658041491414,128.831803212173,"수가동, 신문동, 응달동, 이동, 장유동, 화목동",15900,2176,2429,300,4125,2838,201,3831
경상남도경찰청,김해서부,율하,율하파출소,파출소,경상남도 김해시 율하숲길 12,경상남도,김해시,35.1671388860894,128.808715815531,"관동동, 대청동, 무계동, 삼문동, 율하동",15900,2176,2429,300,4125,2838,201,3831
경상남도경찰청,김해서부,진영,진영파출소,파출소,경상남도 김해시 진영읍 진영로 167,경상남도,김해시,35.3043172341318,128.73329350876,진영읍,15900,2176,2429,300,4125,2838,201,3831
경상남도경찰청,김해서부,한림,한림파출소,파출소,경상남도 김해시 한림면 한림로 453,경상남도,김해시,35.3205843446355,128.802156692165,한림면,15900,2176,2429,300,4125,2838,201,3831
경상남도경찰청,김해서부,진례,진례파출소,파출소,경상남도 김해시 진례면 진례로 235,경상남도,김해시,35.2490641531012,128.747720901894,진례면,15900,2176,2429,300,4125,2838,201,3831
경상남도경찰청,김해서부,주촌,주촌파출소,파출소,경상남도 김해시 주촌면 선지로 22,경상남도,김해시,35.235721968386,128.830659015499,"내덕동, 명법동, 부곡동, 삼계동, 외동, 유하동, 주촌면, 풍유동",15900,2176,2429,300,4125,2838,201,3831
경상남도경찰청,김해서부,칠산,칠산파출소,파출소,경상남도 김해시 칠산로459번길 15,경상남도,김해시,35.2285653558628,128.88936269803,,15900,2176,2429,300,4125,2838,201,3831
경상남도경찰청,양산,물금,물금지구대,지구대,경상남도 양산시 물금읍 가촌로 61,경상남도,양산시,35.3103772342785,128.987200947122,"물금읍, 원동면",9939,1486,1380,202,2893,1538,119,2321
경상남도경찰청,양산,덕계,덕계파출소,파출소,경상남도 양산시 덕계로 95,경상남도,양산시,35.3750114142141,129.149287564323,"덕계동, 매곡동, 평산동",9939,1486,1380,202,2893,1538,119,2321
경상남도경찰청,양산,서창,서창파출소,파출소,경상남도 양산시 삼호로 158,경상남도,양산시,35.3349920568258,129.037272788806,"교동, 남부동, 다방동, 북부동, 북정동, 산막동, 신기동, 유산동",9939,1486,1380,202,2893,1538,119,2321
경상남도경찰청,양산,중앙,중앙파출소,파출소,경상남도 양산시 북안남5길 11-16,경상남도,양산시,35.3349920568258,129.037272788806,,9939,1486,1380,202,2893,1538,119,2321
경상남도경찰청,양산,삼성,삼성파출소,파출소,경상남도 양산시 북정11길 4,경상남도,양산시,35.3349920568258,129.037272788806,,9939,1486,1380,202,2893,1538,119,2321
경상남도경찰청,양산,동면,동면파출소,파출소,경상남도 양산시 동면 내송로 39,경상남도,양산시,35.323519849459,129.061860910265,"동면, 명곡동, 호계동",9939,1486,1380,202,2893,1538,119,2321
경상남도경찰청,양산,상북,상북파출소,파출소,경상남도 양산시 상북면 상북중앙로 394,경상남도,양산시,35.4183556867378,129.064363371185,"상북면, 어곡동",9939,1486,1380,202,2893,1538,119,2321
경상남도경찰청,양산,하북,하북파출소,파출소,경상남도 양산시 하북면 신평로 24,경상남도,양산시,35.4892594465821,129.086995475879,하북면,9939,1486,1380,202,2893,1538,119,2321
경상남도경찰청,양산,양주,양주파출소,파출소,경상남도 양산시 양주로 34,경상남도,양산시,35.3349920568258,129.037272788806,,9939,1486,1380,202,2893,1538,119,2321
경상남도경찰청,양산,소주,소주파출소,파출소,경상남도 양산시 대평들 1길 9-17,경상남도,양산시,35.4075747513984,129.157737845411,"명동, 삼호동, 소주동, 용당동, 주남동, 주진동",9939,1486,1380,202,2893,1538,119,2321
경상남도경찰청,거제,신현,신현지구대,지구대,경상남도 거제시 고현천로 135,경상남도,거제시,34.8805390453824,128.621129462965,"고현동, 상동동, 양정동",7795,1188,856,188,2110,1628,54,1771
경상남도경찰청,거제,옥포,옥포지구대,지구대,경상남도 거제시 옥포로22길 21,경상남도,거제시,34.8909775549882,128.692660586757,"덕포동, 옥포동",7795,1188,856,188,2110,1628,54,1771
경상남도경찰청,거제,장평,장평지구대,지구대,경상남도 거제시 장평1로 154,경상남도,거제시,34.8894439413354,128.609443105247,"사등면, 장평동",7795,1188,856,188,2110,1628,54,1771
경상남도경찰청,거제,장승포,장승포지구대,지구대,경상남도 거제시 장승로 109,경상남도,거제시,34.8673689625635,128.727194788555,"능포동, 두모동, 장승포동",7795,1188,856,188,2110,1628,54,1771
경상남도경찰청,거제,아주,아주지구대,지구대,경상남도 거제시 아주로 47,경상남도,거제시,34.8660090889378,128.692131172751,"문동동, 삼거동, 아양동, 아주동, 일운면",7795,1188,856,188,2110,1628,54,1771
경상남도경찰청,거제,연초,연초파출소,파출소,경상남도 거제시 연초면 거제대로 4275,경상남도,거제시,34.9145644239732,128.656635715269,"수월동, 연초면",7795,1188,856,188,2110,1628,54,1771
경상남도경찰청,거제,거제,거제파출소,파출소,경상남도 거제시 거제면 거제남서로 3431,경상남도,거제시,34.8510437105885,128.590427875294,"거제면, 둔덕면",7795,1188,856,188,2110,1628,54,1771
경상남도경찰청,거제,동부,동부파출소,파출소,경상남도 거제시 동부면 거제남서로 3118,경상남도,거제시,34.8215720892903,128.608217661284,"남부면, 동부면",7795,1188,856,188,2110,1628,54,1771
경상남도경찰청,거제,장목,장목파출소,파출소,경상남도 거제시 장목면 거제북로 1165,경상남도,거제시,34.9865258218333,128.682237779067,"장목면, 하청면",7795,1188,856,188,2110,1628,54,1771
경상남도경찰청,진해,덕산,덕산지구대,지구대,"경상남도 창원시 진해구 덕산로 36번길 9, 덕산지구대",경상남도,창원시,35.1415613936717,128.694357539618,덕산동,28543,4356,3665,606,9077,3871,290,6678
경상남도경찰청,진해,용원,용원지구대,지구대,"경상남도 창원시 진해구 용원로41번길 12, 용원지구대",경상남도,창원시,35.1042546422864,128.815799947998,"가주동, 남문동, 남양동, 두동, 마천동, 안골동, 연도동, 용원동",28543,4356,3665,606,9077,3871,290,6678
경상남도경찰청,진해,충무,충무파출소,파출소,"경상남도 창원시 진해구 벚꽃로 36, 충무파출소",경상남도,창원시,35.1518170771266,128.667883781254,"귀산동, 광화동, 근화동, 남빈동, 대영동, 대죽동, 대천동, 대흥동",28543,4356,3665,606,9077,3871,290,6678
경상남도경찰청,진해,경화,경화파출소,파출소,"경상남도 창원시 진해구 충장로 329, 경화파출소",경상남도,창원시,35.1543440473172,128.686892962301,"안민동, 경화동, 석동",28543,4356,3665,606,9077,3871,290,6678
경상남도경찰청,진해,웅동,웅동파출소,파출소,"경상남도 창원시 진해구 웅동로57번가길 5, 웅동파출소",경상남도,창원시,35.133429785687,128.710188416055,,28543,4356,3665,606,9077,3871,290,6678
경상남도경찰청,진해,자은,자은파출소,파출소,"경상남도 창원시 진해구 장복대로 157, 자은파출소",경상남도,창원시,35.1471122577554,128.70545375036,"천선동, 이동, 자은동",28543,4356,3665,606,9077,3871,290,6678
경상남도경찰청,통영,광도,광도지구대,지구대,경상남도 통영시 광도면 죽림3로 25,경상남도,통영시,34.8998167335747,128.406898172064,"광도면, 도산면",3910,781,424,91,962,747,24,881
경상남도경찰청,통영,북신,북신지구대,지구대,경상남도 통영시 무전대로 40,경상남도,통영시,34.8570502525325,128.425579864012,"무전동, 북신동, 용남면",3910,781,424,91,962,747,24,881
경상남도경찰청,통영,미수,미수지구대,지구대,경상남도 통영시 운하2길 17,경상남도,통영시,34.8304013187663,128.405982970409,"당동, 도남동, 도천동, 미수동, 봉평동, 인평동",3910,781,424,91,962,747,24,881
경상남도경찰청,통영,중앙,중앙지구대,지구대,경상남도 통영시 동충2길 32-6,경상남도,통영시,34.8448324831902,128.423086397475,"동호동, 명정동, 문화동, 서호동, 정량동, 중앙동, 태평동, 평림동",3910,781,424,91,962,747,24,881
경상남도경찰청,통영,산양,산양파출소,파출소,경상남도 통영시 산양읍 산양중앙로 1,경상남도,통영시,34.8035235658677,128.386233403232,산양읍,3910,781,424,91,962,747,24,881
경상남도경찰청,통영,욕지,욕지파출소,파출소,경상남도 통영시 욕지면 천왕로 29,경상남도,통영시,34.636359341936,128.263413838072,욕지면,3910,781,424,91,962,747,24,881
경상남도경찰청,통영,한산,한산파출소,파출소,경상남도 통영시 한산면 한산일주로 840-1,경상남도,통영시,34.7671628765409,128.507670217862,한산면,3910,781,424,91,962,747,24,881
경상남도경찰청,통영,사량,사량파출소,파출소,경상남도 통영시 사량면 진촌2길 17,경상남도,통영시,34.845513607697,128.220071805183,사량면,3910,781,424,91,962,747,24,881
경상남도경찰청,사천,삼천포,삼천포지구대,지구대,경상남도 사천시 중앙로 89(동금동),경상남도,사천시,35.0036771766938,128.064212593324,"궁지동, 노룡동, 늑도동, 대방동, 대포동, 동금동, 동동, 동림동",3029,506,267,70,881,552,29,724
경상남도경찰청,사천,사천,사천지구대,지구대,경상남도 사천시 사천읍 평화2길 31(평화리),경상남도,사천시,35.0876728718134,128.088224638707,"사천읍, 축동면",3029,506,267,70,881,552,29,724
경상남도경찰청,사천,용현,용현파출소,파출소,경상남도 사천시 진삼로 635(송지리),경상남도,사천시,35.013469494417,128.061298200397,용현면,3029,506,267,70,881,552,29,724
경상남도경찰청,사천,남양,남양파출소,파출소,경상남도 사천시 진삼로 122(송포동),경상남도,사천시,35.0036771766938,128.064212593324,,3029,506,267,70,881,552,29,724
경상남도경찰청,사천,사남,사남파출소,파출소,경상남도 사천시 진삼로 1101(죽천리),경상남도,사천시,35.0525545488107,128.075219526026,"사남면, 정동면",3029,506,267,70,881,552,29,724
경상남도경찰청,사천,곤양,곤양파출소,파출소,경상남도 사천시 곤양면 성내공원길 8(성내리),경상남도,사천시,35.0575007053419,127.95963280613,곤양면,3029,506,267,70,881,552,29,724
경상남도경찰청,사천,서포,서포파출소,파출소,경상남도 사천시 서포면 서포로 284-16(구평리),경상남도,사천시,35.0061075610376,127.97802749124,서포면,3029,506,267,70,881,552,29,724
경상남도경찰청,사천,곤명,곤명파출소,파출소,경상남도 사천시 곤명면 곤명1로 105(봉계리),경상남도,사천시,35.1119381541415,127.941593019082,곤명면,3029,506,267,70,881,552,29,724
경상남도경찰청,밀양,중앙,중앙지구대,지구대,경상남도 밀양시 밀양대로 1879,경상남도,밀양시,35.503817270728,128.74660754822,"가곡동, 교동, 내이동, 내일동, 삼문동, 용평동",3207,497,246,64,809,667,48,876
경상남도경찰청,밀양,역전,역전파출소,파출소,경상남도 밀양시 중앙로 65,경상남도,밀양시,35.503817270728,128.74660754822,,3207,497,246,64,809,667,48,876
경상남도경찰청,밀양,하남,하남파출소,파출소,경상남도 밀양시 하남읍 수산중앙로 41-1,경상남도,밀양시,35.3753738864289,128.711098060317,하남읍,3207,497,246,64,809,667,48,876
경상남도경찰청,밀양,삼랑진,삼랑진파출소,파출소,경상남도 밀양시 삼랑진읍 천태로 70-2,경상남도,밀양시,35.395826706282,128.837736329474,삼랑진읍,3207,497,246,64,809,667,48,876
경상남도경찰청,밀양,상남,상남파출소,파출소,경상남도 밀양시 상남면 밀양대로 1495,경상남도,밀양시,35.4483992882621,128.753523409369,"남포동, 상남면",3207,497,246,64,809,667,48,876
경상남도경찰청,밀양,무안,무안파출소,파출소,경상남도 밀양시 무안면 사명로 543,경상남도,밀양시,35.4707122682008,128.651336977932,"무안면, 청도면, 초동면",3207,497,246,64,809,667,48,876
경상남도경찰청,밀양,부북,부북파출소,파출소,경상남도 밀양시 부북면 부북로 43,경상남도,밀양시,35.5112083734151,128.729745804964,"부북면, 상동면",3207,497,246,64,809,667,48,876
경상남도경찰청,밀양,산외,산외파출소,파출소,경상남도 밀양시 산외면 산외로 429,경상남도,밀양시,35.5026609166682,128.814917817854,"산외면, 활성동",3207,497,246,64,809,667,48,876
경상남도경찰청,밀양,산내,산내파출소,파출소,경상남도 밀양시 산내면 산내로 323-1,경상남도,밀양시,35.584260326097,128.880854967038,산내면,3207,497,246,64,809,667,48,876
경상남도경찰청,밀양,단장,단장파출소,파출소,경상남도 밀양시 단장면 표충로 356,경상남도,밀양시,35.5152655896826,128.875972446759,단장면,3207,497,246,64,809,667,48,876
경상남도경찰청,거창,아림,아림지구대,지구대,경상남도 거창군 거창읍 중앙로1길 20-5,경상남도,거창군,35.6880100895537,127.903914924402,"가조면, 거창읍, 마리면",1275,225,128,17,414,197,7,287
경상남도경찰청,거창,원학,원학파출소,파출소,경상남도 거창군 위천면 장터길 22-5,경상남도,거창군,35.7496325400313,127.83311627636,"북상면, 위천면",1275,225,128,17,414,197,7,287
경상남도경찰청,거창,가조,가조파출소,파출소,경상남도 거창군 거창읍 가조가야로 1079,경상남도,거창군,35.6880100895537,127.903914924402,,1275,225,128,17,414,197,7,287
경상남도경찰청,거창,웅양,웅양파출소,파출소,경상남도 거창군 웅양면 웅양로 1432,경상남도,거창군,35.8053831792471,127.917749037715,"가북면, 웅양면, 주상면",1275,225,128,17,414,197,7,287
경상남도경찰청,거창,남상,남상파출소,파출소,경상남도 거창군 남상면 수남로 1845,경상남도,거창군,35.6431995956805,127.910197911317,"남상면, 남하면",1275,225,128,17,414,197,7,287
경상남도경찰청,거창,신원,신원파출소,파출소,경상남도 거창군 신원면 과정리 187-7,경상남도,거창군,35.5677263581323,127.925148134174,신원면,1275,225,128,17,414,197,7,287
경상남도경찰청,거창,고제,고제파출소,파출소,경상남도 거창군 고제면 입석2길 14번지,경상남도,거창군,35.8148411245584,127.871425956367,고제면,1275,225,128,17,414,197,7,287
경상남도경찰청,합천,중부,중부지구대,지구대,경상남도 합천군 합천읍 충효로 106-5,경상남도,합천군,35.5660073649244,128.157901336671,"대양면, 용주면, 합천읍",926,152,99,9,228,166,27,245
경상남도경찰청,합천,가야,가야파출소,파출소,경상남도 합천군 가야면 가야시장로 19,경상남도,합천군,35.7626467994921,128.139470362942,가야면,926,152,99,9,228,166,27,245
경상남도경찰청,합천,대병,대병파출소,파출소,경상남도 합천군 대병면 신성동길 20,경상남도,합천군,35.5211861931554,128.014244590873,대병면,926,152,99,9,228,166,27,245
경상남도경찰청,합천,삼가,삼가파출소,파출소,경상남도 합천군 삼가면 삼가1로 73,경상남도,합천군,35.4144222028394,128.121845940055,"가회면, 삼가면, 쌍백면",926,152,99,9,228,166,27,245
경상남도경찰청,합천,야로,야로파출소,파출소,경상남도 합천군 야로면 가야산로 343,경상남도,합천군,35.7052026105736,128.167742683507,"묘산면, 야로면",926,152,99,9,228,166,27,245
경상남도경찰청,합천,봉산,봉산파출소,파출소,경상남도 합천군 봉산면 서부로 4337,경상남도,합천군,35.6260618892669,128.041839121844,봉산면,926,152,99,9,228,166,27,245
경상남도경찰청,합천,동부,동부파출소,파출소,경상남도 합천군 초계면 초계중앙로 43,경상남도,합천군,35.5599748245576,128.265291765705,"덕곡면, 쌍책면, 율곡면, 적중면, 청덕면, 초계면",926,152,99,9,228,166,27,245
경상남도경찰청,창녕,영산,영산지구대,지구대,경상남도 창녕군 영산면 영산계성로 96,경상남도,창녕군,35.4536468385522,128.527939024735,"계성면, 도천면, 영산면, 장마면",1707,228,155,22,569,335,19,379
경상남도경찰청,창녕,창녕읍,창녕읍파출소,파출소,경상남도 창녕군 창녕읍 종로 61,경상남도,창녕군,35.5412894797241,128.50077305203,"고암면, 대지면, 창녕읍",1707,228,155,22,569,335,19,379
경상남도경찰청,창녕,남지,남지파출소,파출소,경상남도 창녕군 남지읍 선창길 9,경상남도,창녕군,35.3890464437313,128.477040981987,남지읍,1707,228,155,22,569,335,19,379
경상남도경찰청,창녕,부곡,부곡파출소,파출소,경상남도 창녕군 부곡면 원앙로 188,경상남도,창녕군,35.434899122121,128.602912490818,"길곡면, 부곡면",1707,228,155,22,569,335,19,379
경상남도경찰청,창녕,대합,대합파출소,파출소,경상남도 창녕군 대합면 창한로 121,경상남도,창녕군,35.6137030890697,128.472088769913,"대합면, 성산면",1707,228,155,22,569,335,19,379
경상남도경찰청,창녕,유어,유어파출소,파출소,경상남도 창녕군 유어면 우포1대로 563,경상남도,창녕군,35.5080932361683,128.411139146595,유어면,1707,228,155,22,569,335,19,379
경상남도경찰청,창녕,이방,이방파출소,파출소,경상남도 창녕군 이방면 뒷골길 3,경상남도,창녕군,35.5770471823469,128.387827507962,이방면,1707,228,155,22,569,335,19,379
경상남도경찰청,고성,공룡,공룡지구대,지구대,경상남도 고성군 대가면 대가로 27,경상남도,고성군,35.0174650673086,128.298517634556,"고성읍, 대가면, 삼산면",1309,178,126,24,437,284,12,248
경상남도경찰청,고성,동해,동해파출소,파출소,경상남도 고성군 동해면 장기3길 136,경상남도,고성군,35.0414253259748,128.421047708312,동해면,1309,178,126,24,437,284,12,248
경상남도경찰청,고성,거류,거류파출소,파출소,경상남도 고성군 거류면 거류로 655,경상남도,고성군,34.9917401588518,128.404242067648,거류면,1309,178,126,24,437,284,12,248
경상남도경찰청,고성,회화,회화파출소,파출소,경상남도 고성군 회화면 배둔로19,경상남도,고성군,35.0603329792032,128.373272938478,"구만면, 마암면, 회화면",1309,178,126,24,437,284,12,248
경상남도경찰청,고성,하이,하이파출소,파출소,경상남도 고성군 하이면 남일로 433,경상남도,고성군,34.9286886972349,128.12281004311,하이면,1309,178,126,24,437,284,12,248
경상남도경찰청,고성,상리,상리파출소,파출소,경상남도 고성군 상리면 척번정1길 98,경상남도,고성군,34.9997537964588,128.186407895162,"상리면, 영현면, 하일면",1309,178,126,24,437,284,12,248
경상남도경찰청,고성,영오,영오파출소,파출소,경상남도 고성군 영오면 영산1길 11,경상남도,고성군,35.1078274712074,128.237656734178,"개천면, 영오면",1309,178,126,24,437,284,12,248
경상남도경찰청,하동,화개,화개파출소,파출소,경상남도 하동군 화개면 쌍계로 8,경상남도,하동군,35.1883820741378,127.625447752166,화개면,1039,163,95,21,293,246,9,212
경상남도경찰청,하동,악양,악양파출소,파출소,경상남도 하동군 악양면 악양서로 343,경상남도,하동군,35.1623206608436,127.708931972841,악양면,1039,163,95,21,293,246,9,212
경상남도경찰청,하동,횡천,횡천파출소,파출소,경상남도 하동군 횡천면 경서대로 1207,경상남도,하동군,35.1097615355486,127.813999364311,"북천면, 청암면, 횡천면",1039,163,95,21,293,246,9,212
경상남도경찰청,하동,금남,금남파출소,파출소,경상남도 하동군 금남면 제먼당길 99,경상남도,하동군,34.9505144081683,127.85911016191,금남면,1039,163,95,21,293,246,9,212
경상남도경찰청,하동,금성,금성파출소,파출소,경상남도 하동군 금성면 금성중앙길 2,경상남도,하동군,34.9637957720136,127.790234357006,"고전면, 금성면",1039,163,95,21,293,246,9,212
경상남도경찰청,하동,옥종,옥종파출소,파출소,경상남도 하동군 옥종면 은행나무길 78,경상남도,하동군,35.1829311951807,127.879540409871,옥종면,1039,163,95,21,293,246,9,212
경상남도경찰청,하동,읍내,읍내파출소,파출소,경상남도 하동군 하동읍 중앙로 36,경상남도,하동군,35.072127253214,127.745260820046,"적량면, 하동읍",1039,163,95,21,293,246,9,212
경상남도경찰청,하동,진교,진교파출소,파출소,경상남도 하동군 진교면 민다리안길 114,경상남도,하동군,35.0304746528244,127.90091123619,"양보면, 진교면",1039,163,95,21,293,246,9,212
경상남도경찰청,남해,중앙,중앙지구대,지구대,경상남도 남해군 남해읍 화전로96번길 30 중앙지구대,경상남도,남해군,34.83855344581,127.893742451126,"남해읍, 서면",804,119,65,14,273,175,5,153
경상남도경찰청,남해,창선,창선파출소,파출소,경상남도 남해군 창선면 창선로 99 창선파출소,경상남도,남해군,34.857758551403,128.012143306032,창선면,804,119,65,14,273,175,5,153
경상남도경찰청,남해,고현,고현파출소,파출소,경상남도 남해군 고현면 탑동로 75-4 고현파출소,경상남도,남해군,34.89566154778,127.874239747958,"고현면, 설천면",804,119,65,14,273,175,5,153
경상남도경찰청,남해,미조,미조파출소,파출소,경상남도 남해군 미조면 미송로 52 미조파출소,경상남도,남해군,34.7120206120455,128.046040982676,"미조면, 상주면",804,119,65,14,273,175,5,153
경상남도경찰청,남해,삼동,삼동파출소,파출소,경상남도 남해군 삼동면 동부대로1876번길 8 삼동파출소,경상남도,남해군,34.8309939303445,128.000998046173,"삼동면, 이동면",804,119,65,14,273,175,5,153
경상남도경찰청,남해,남면,남면파출소,파출소,경상남도 남해군 남면 남서대로 774 남면파출소,경상남도,남해군,34.7715431301218,127.886644345395,남면,804,119,65,14,273,175,5,153
경상남도경찰청,함양,읍내,읍내파출소,파출소,경상남도 함양군 함양읍 교산4길 11,경상남도,함양군,35.5193322037533,127.726635765461,"병곡면, 함양읍",890,110,63,14,212,272,7,212
경상남도경찰청,함양,안의,안의파출소,파출소,경상남도 함양군 안의면 금성길 15,경상남도,함양군,35.6286789396394,127.811264991283,안의면,890,110,63,14,212,272,7,212
경상남도경찰청,함양,서상,서상파출소,파출소,경상남도 함양군 서상면 서상로 299-1,경상남도,함양군,35.683367964325,127.685908634374,"서상면, 서하면",890,110,63,14,212,272,7,212
경상남도경찰청,함양,수동,수동파출소,파출소,경상남도 함양군 수동면 수동길 11,경상남도,함양군,35.5222567788411,127.787945188479,"수동면, 지곡면",890,110,63,14,212,272,7,212
경상남도경찰청,함양,유림,유림파출소,파출소,경상남도 함양군 유림면 천왕봉로 2883,경상남도,함양군,35.4661829816234,127.792298142283,"유림면, 휴천면",890,110,63,14,212,272,7,212
경상남도경찰청,함양,백전,백전파출소,파출소,경상남도 함양군 백전면 구산대안로 10,경상남도,함양군,35.5531844584341,127.635322624551,백전면,890,110,63,14,212,272,7,212
경상남도경찰청,함양,마천,마천파출소,파출소,경상남도 함양군 마천면 천왕봉로 1157,경상남도,함양군,35.3969420945828,127.663048774779,마천면,890,110,63,14,212,272,7,212
경상남도경찰청,산청,경호,경호지구대,지구대,경상남도 산청군 산청읍 중앙로 34,경상남도,산청군,35.4133338963118,127.87746147244,"금서면, 산청읍, 생초면, 오부면, 차황면",637,99,45,9,141,187,6,150
경상남도경찰청,산청,시천,시천파출소,파출소,경상남도 산청군 시천면 덕산대포로 7-2,경상남도,산청군,35.2784085324276,127.840576531665,"삼장면, 시천면",637,99,45,9,141,187,6,150
경상남도경찰청,산청,단성,단성파출소,파출소,경상남도 산청군 단성면 목화로 1006,경상남도,산청군,35.2988594519441,127.95765410323,단성면,637,99,45,9,141,187,6,150
경상남도경찰청,산청,신안,신안파출소,파출소,경상남도 산청군 신안면 지리산대로 3477,경상남도,산청군,35.30459780187,127.974042253887,신안면,637,99,45,9,141,187,6,150
경상남도경찰청,산청,신등,신등파출소,파출소,경상남도 산청군 신등면 신등가회로 21,경상남도,산청군,35.382804241132,128.006610635915,"생비량면, 신등면",637,99,45,9,141,187,6,150
경상남도경찰청,함안,대산,대산파출소,파출소,경상남도 함안군 대산면 대산중앙로 174,경상남도,함안군,35.3502062855962,128.431575706831,대산면,1657,196,89,24,598,357,8,385
경상남도경찰청,함안,법수,법수파출소,파출소,경상남도 함안군 법수면 우거북길 48,경상남도,함안군,35.3154273689629,128.355422669328,법수면,1657,196,89,24,598,357,8,385
경상남도경찰청,함안,함안,함안파출소,파출소,경상남도 함안군 함안면 함안대로 111,경상남도,함안군,35.2420739825378,128.423709440899,"여항면, 함안면",1657,196,89,24,598,357,8,385
경상남도경찰청,함안,칠서,칠서파출소,파출소,경상남도 함안군 칠서면 청계2길 27,경상남도,함안군,35.3335797053283,128.497956344549,"칠북면, 칠서면",1657,196,89,24,598,357,8,385
경상남도경찰청,함안,군북,군북파출소,파출소,경상남도 함안군 군북면 함마대로 822,경상남도,함안군,35.2615613825274,128.345061775498,군북면,1657,196,89,24,598,357,8,385
경상남도경찰청,함안,가야,가야지구대,지구대,경상남도 함안군 가야읍 가야로 24,경상남도,함안군,35.2722170382268,128.408174194563,"가야읍, 산인면",1657,196,89,24,598,357,8,385
경상남도경찰청,함안,칠원,칠원지구대,지구대,경상남도 함안군 칠원읍 구성길 9,경상남도,함안군,35.3088454638346,128.518539254609,칠원읍,1657,196,89,24,598,357,8,385
제주특별자치도경찰청,제주동부,중앙,중앙지구대,지구대,제주특별자치도 제주시 북성로 3,제주특별자치도,제주시,33.499534241198,126.531171087132,"건입동, 도남동, 삼도이동, 이도이동, 이도일동, 일도이동, 일도일동",21606,3331,2257,479,7409,3366,144,4620
제주특별자치도경찰청,제주동부,남문,남문지구대,지구대,제주특별자치도 제주시 연신로 6,제주특별자치도,제주시,33.499534241198,126.531171087132,,21606,3331,2257,479,7409,3366,144,4620
제주특별자치도경찰청,제주동부,오라,오라지구대,지구대,제주특별자치도 제주시 서광로 182,제주특별자치도,제주시,33.4987964221073,126.506479912317,"도두이동, 삼도일동, 오라삼동, 오라일동, 용담삼동, 용담이동, 용담일동",21606,3331,2257,479,7409,3366,144,4620
제주특별자치도경찰청,제주동부,삼양,삼양지구대,지구대,제주특별자치도 제주시 일주동로 397,제주특별자치도,제주시,33.5252972245458,126.578065049824,"도련이동, 도련일동, 삼양삼동, 삼양이동, 삼양일동, 화북이동, 화북일동, 회천동",21606,3331,2257,479,7409,3366,144,4620
제주특별자치도경찰청,제주동부,아라,아라파출소,파출소,제주특별자치도 제주시 중앙로 609,제주특별자치도,제주시,33.4784142011018,126.554334632108,"봉개동, 아라이동, 아라일동, 영평동, 오등동, 오라이동, 용강동, 월평동",21606,3331,2257,479,7409,3366,144,4620
제주특별자치도경찰청,제주동부,조천,조천파출소,파출소,제주특별자치도 제주시 조천읍 신북로 265,제주특별자치도,제주시,33.5344013008299,126.634132237491,조천읍,21606,3331,2257,479,7409,3366,144,4620
제주특별자치도경찰청,제주동부,함덕,함덕파출소,파출소,제주특별자치도 제주시 조천읍 신북로 신북로 515,제주특별자치도,제주시,33.5344013008299,126.634132237491,,21606,3331,2257,479,7409,3366,144,4620
제주특별자치도경찰청,제주동부,구좌,구좌파출소,파출소,제주특별자치도 제주시 구좌읍 구좌로 45,제주특별자치도,제주시,33.5225267070201,126.852053599141,구좌읍,21606,3331,2257,479,7409,3366,144,4620
제주특별자치도경찰청,제주동부,추자,추자파출소,파출소,제주특별자치도 제주시 추자면 대서3길 2,제주특별자치도,제주시,33.9637161687124,126.296120635115,추자면,21606,3331,2257,479,7409,3366,144,4620
제주특별자치도경찰청,제주동부,우도,우도파출소,파출소,제주특별자치도 제주시 우도면 우도로 21,제주특별자치도,제주시,33.5064494277494,126.952985318412,우도면,21606,3331,2257,479,7409,3366,144,4620
제주특별자치도경찰청,제주서부,연동,연동지구대,지구대,제주특별자치도 제주시 신대로 97,제주특별자치도,제주시,33.4881587278291,126.496886364512,연동,21606,3331,2257,479,7409,3366,144,4620
제주특별자치도경찰청,제주서부,노형,노형지구대,지구대,제주특별자치도 제주시 광평동로 4,제주특별자치도,제주시,33.4830787814711,126.477191625107,"내도동, 노형동, 도두일동, 도평동, 외도이동, 외도일동, 이호이동, 이호일동",21606,3331,2257,479,7409,3366,144,4620
제주특별자치도경찰청,제주서부,하귀,하귀파출소,파출소,제주특별자치도 제주시 애월읍 하귀로 47,제주특별자치도,제주시,33.4621910539149,126.328972924341,애월읍,21606,3331,2257,479,7409,3366,144,4620
제주특별자치도경찰청,제주서부,애월,애월파출소,파출소,제주특별자치도 제주시 애월읍 애월로 116-1,제주특별자치도,제주시,33.4621910539149,126.328972924341,,21606,3331,2257,479,7409,3366,144,4620
제주특별자치도경찰청,제주서부,한림,한림파출소,파출소,제주특별자치도 제주시 한림읍 한림로 651,제주특별자치도,제주시,33.4104346769905,126.266882005077,한림읍,21606,3331,2257,479,7409,3366,144,4620
제주특별자치도경찰청,제주서부,한경,한경파출소,파출소,제주특별자치도 제주시 한경면 두신로 133,제주특별자치도,제주시,33.3501250793777,126.184152847435,한경면,21606,3331,2257,479,7409,3366,144,4620
제주특별자치도경찰청,서귀포,중동,중동지구대,지구대,제주특별자치도 서귀포시 태평로 552,제주특별자치도,서귀포시,33.2540646255037,126.559563466911,"동홍동, 법환동, 보목동, 상효동, 서귀동, 서호동, 서홍동, 신효동",7556,1243,791,145,2205,1344,44,1784
제주특별자치도경찰청,서귀포,남원,남원파출소,파출소,제주특별자치도 서귀포시 남원읍 태위로 702,제주특별자치도,서귀포시,33.2798847892306,126.720665667691,남원읍,7556,1243,791,145,2205,1344,44,1784
제주특별자치도경찰청,서귀포,성산,성산파출소,파출소,제주특별자치도 서귀포시 성산읍 성산중앙로 53 성산파출소,제주특별자치도,서귀포시,33.4420876196605,126.910952792531,성산읍,7556,1243,791,145,2205,1344,44,1784
제주특별자치도경찰청,서귀포,표선,표선파출소,파출소,제주특별자치도 서귀포시 표선면 표선동서로 217,제주특별자치도,서귀포시,33.3267161050578,126.83098213169,표선면,7556,1243,791,145,2205,1344,44,1784
제주특별자치도경찰청,서귀포,안덕,안덕파출소,파출소,제주특별자치도 서귀포시 안덕면 화순로 116,제주특별자치도,서귀포시,33.2576271445351,126.330674173691,"안덕면, 하예동",7556,1243,791,145,2205,1344,44,1784
제주특별자치도경찰청,서귀포,대정,대정파출소,파출소,제주특별자치도 서귀포시 대정읍 상모로 310,제주특별자치도,서귀포시,33.2266707415341,126.251812381529,대정읍,7556,1243,791,145,2205,1344,44,1784
제주특별자치도경찰청,서귀포,중문,중문파출소,파출소,제주특별자치도 서귀포시 천제연로 165,제주특별자치도,서귀포시,33.2533312875508,126.433639283924,"강정동, 대포동, 도순동, 상예동, 색달동, 월평동, 중문동, 하원동",7556,1243,791,145,2205,1344,44,1784
제주특별자치도경찰청,서귀포,대신,대신파출소,파출소,제주특별자치도 서귀포시 신서귀로51번길 18,제주특별자치도,서귀포시,33.2540646255037,126.559563466911,,7556,1243,791,145,2205,1344,44,1784
제주특별자치도경찰청,서귀포,효돈,효돈파출소,파출소,제주특별자치도 서귀포시 효돈로 171-1,제주특별자치도,서귀포시,33.2540646255037,126.559563466911,,7556,1243,791,145,2205,1344,44,1784
